position.x,position.y,position.z,scale.x,scale.y,scale.z,rotation.w,rotation.x,rotation.y,rotation.z
0.1665613353252411,0.18394199013710022,1.6075800657272339,0.08811947703361511,0.4405973553657532,0.44059738516807556,0.5569599866867065,-0.4358867406845093,0.40421777963638306,-0.580005407333374
0.23407603800296783,0.19388072192668915,1.7033650875091553,0.07817910611629486,0.3908955156803131,0.3908954858779907,0.7267153263092041,-0.2892902195453644,0.03147587180137634,-0.6222582459449768
0.3190824091434479,0.23913629353046417,1.7901955842971802,0.07478147000074387,0.3739073574542999,0.37390732765197754,0.6383501291275024,-0.4654468297958374,0.42600640654563904,-0.4408934414386749
0.3947279453277588,0.30587196350097656,1.8441044092178345,0.0824250727891922,0.4121253490447998,0.4121253490447998,0.6577776670455933,-0.6985268592834473,0.027106840163469315,-0.2804529070854187
0.4737299084663391,0.3878059387207031,1.8791611194610596,0.0705527663230896,0.3527638018131256,0.3527638018131256,0.7885775566101074,-0.3537868857383728,0.38406944274902344,-0.3247630000114441
0.558785617351532,0.47989940643310547,1.9076708555221558,0.06837863475084305,0.34189319610595703,0.34189319610595703,0.4807961881160736,-0.7974815964698792,0.2825016677379608,-0.23032787442207336
0.630705714225769,0.5659266710281372,1.9176957607269287,0.0708942860364914,0.35447147488594055,0.35447144508361816,0.7694493532180786,-0.6228842735290527,0.048188384622335434,-0.13281826674938202
0.7300405502319336,0.641648530960083,1.912923812866211,0.08081451058387756,0.4040725529193878,0.4040725529193878,0.39224597811698914,-0.5569603443145752,0.5521188974380493,-0.48073166608810425
0.8444492816925049,0.6788583993911743,1.903777837753296,0.07030867040157318,0.3515433371067047,0.3515433073043823,0.381388783454895,-0.7823286056518555,0.4011899530887604,-0.2855716943740845
0.9539175033569336,0.699844479560852,1.875081181526184,0.08156483620405197,0.40782418847084045,0.40782418847084045,0.4545884430408478,-0.5880116820335388,0.4778335392475128,-0.4682592451572418
1.05167818069458,0.7450080513954163,1.8069401979446411,0.06461110711097717,0.32305553555488586,0.32305553555488586,0.04669327288866043,-0.8429933190345764,0.5289559364318848,-0.08595132827758789
1.105608582496643,0.7924298048019409,1.7202787399291992,0.08147074282169342,0.4073537588119507,0.4073537588119507,0.37205955386161804,-0.9123964905738831,0.16379313170909882,0.047709133476018906
1.1561263799667358,0.8443207144737244,1.6214443445205688,0.0648203045129776,0.32410165667533875,0.32410165667533875,0.09906038641929626,-0.8348251581192017,0.4161584675312042,-0.3465055227279663
1.1627161502838135,0.8499349355697632,1.611281156539917,0.07582678645849228,0.3791339695453644,0.3791339695453644,0.15809279680252075,-0.9498323798179626,0.24310193955898285,0.11716058850288391
0.30531033873558044,0.2040942758321762,1.7975410223007202,0.08259475231170654,0.4129737615585327,0.41297367215156555,0.5396971106529236,0.029564552009105682,0.13013337552547455,-0.831214964389801
0.35649996995925903,0.17106299102306366,1.8929224014282227,0.08566083014011383,0.4283040761947632,0.42830410599708557,0.4778718650341034,-0.11546547710895538,0.5094520449638367,-0.7062328457832336
0.4078170657157898,0.13376876711845398,1.995811104774475,0.08170934021472931,0.40854671597480774,0.40854668617248535,0.4858177602291107,-0.40567412972450256,0.21206936240196228,-0.7446047067642212
0.45445677638053894,0.0879335030913353,2.107675075531006,0.07415395230054855,0.37076976895332336,0.370769739151001,0.27239495515823364,0.06085280701518059,0.23490144312381744,-0.9310849905014038
0.4876132011413574,0.04356937110424042,2.2040281295776367,0.07895146310329437,0.39475730061531067,0.39475730061531067,0.31415295600891113,-0.16114114224910736,0.6168835759162903,-0.7034174203872681
0.5224540829658508,0.00041617266833782196,2.3116424083709717,0.07774491608142853,0.38872456550598145,0.38872453570365906,0.46272000670433044,-0.2850456237792969,0.04253300651907921,-0.8383496403694153
0.555996835231781,-0.036896269768476486,2.425584077835083,0.08330503106117249,0.4165251851081848,0.4165251851081848,0.34912097454071045,0.1462668478488922,0.28312215209007263,-0.8812277913093567
0.5855308175086975,-0.06398829817771912,2.5290074348449707,0.06574525684118271,0.32872629165649414,0.32872626185417175,0.44105949997901917,-0.3095705509185791,0.3657423257827759,-0.758857786655426
0.6344172954559326,-0.08426060527563095,2.6447227001190186,0.0814305916428566,0.40715292096138,0.40715292096138,0.6858212947845459,-0.12318295985460281,0.019185325130820274,-0.7170125246047974
0.6939955353736877,-0.09091085940599442,2.7447867393493652,0.06301216036081314,0.3150607943534851,0.3150607645511627,0.5579224228858948,-0.12096771597862244,0.5388517379760742,-0.6194579601287842
0.7587020397186279,-0.09041619300842285,2.8378219604492188,0.07654380798339844,0.3827190399169922,0.3827190399169922,0.5914539694786072,-0.4931083023548126,0.15592850744724274,-0.61863774061203
0.7937156558036804,-0.0915415808558464,2.890988349914551,0.07187633961439133,0.35938167572021484,0.35938167572021484,0.6192854046821594,0.052734751254320145,0.19251714646816254,-0.7593693137168884
0.48786741495132446,0.12483035773038864,2.079308032989502,0.08141019195318222,0.4070510268211365,0.4070509970188141,0.4394110441207886,-0.5574327111244202,0.5589893460273743,-0.4286227822303772
0.5792369246482849,0.13268406689167023,2.1477813720703125,0.08332984149456024,0.4166491627693176,0.41664919257164,0.6877807974815369,-0.40197911858558655,0.03974065184593201,-0.6031509041786194
0.6848383545875549,0.14698831737041473,2.2092442512512207,0.07684267312288284,0.38421329855918884,0.38421329855918884,0.41901686787605286,-0.34084880352020264,0.5946143865585327,-0.5955507159233093
0.8033018112182617,0.17209747433662415,2.253243923187256,0.0663677304983139,0.3318386673927307,0.3318386673927307,0.5703883767127991,-0.7263542413711548,0.29937613010406494,-0.23966743052005768
0.909147322177887,0.200999453663826,2.2756259441375732,0.08051798492670059,0.40258994698524475,0.40258991718292236,0.5617973804473877,-0.48464733362197876,0.37257060408592224,-0.5573974847793579
1.026206612586975,0.23241977393627167,2.2792797088623047,0.08329989016056061,0.41649946570396423,0.41649946570396423,0.31935375928878784,-0.6342369318008423,0.6601759791374207,-0.2447945773601532
1.147143840789795,0.26072779297828674,2.262728452682495,0.07768435776233673,0.38842180371284485,0.38842180371284485,0.6100490689277649,-0.6908091902732849,0.3525335192680359,-0.1623050421476364
1.2502598762512207,0.28340452909469604,2.228454113006592,0.08049992471933365,0.40249961614608765,0.40249958634376526,0.32923030853271484,-0.582764744758606,0.5734942555427551,-0.4723314344882965
1.3655543327331543,0.30875226855278015,2.1900289058685303,0.07871010154485703,0.39355048537254333,0.39355048537254333,0.2761191129684448,-0.8153972029685974,0.45186734199523926,-0.23388360440731049
0.7206645607948303,0.6443710923194885,1.9053399562835693,0.06650400161743164,0.3325200080871582,0.3325200080871582,0.6433517932891846,-0.7250550985336304,0.17099125683307648,-0.17650948464870453
0.7748330235481262,0.7337134480476379,1.853316307067871,0.07659073919057846,0.3829537332057953,0.3829537332057953,0.26402610540390015,-0.844333291053772,0.4388395845890045,-0.1575162559747696
0.8281034231185913,0.8216004371643066,1.7963216304779053,0.06406780332326889,0.32033902406692505,0.32033902406692505,0.348116010427475,-0.9090480208396912,0.15583741664886475,0.16781434416770935
0.8742828369140625,0.897981584072113,1.7034415006637573,0.07264195382595062,0.36320966482162476,0.36320966482162476,0.3381440043449402,-0.8531141877174377,0.3750550448894501,-0.13110488653182983
0.8980388045310974,0.937541663646698,1.5954442024230957,0.07111959159374237,0.35559794306755066,0.35559794306755066,0.27568262815475464,0.9052725434303284,-0.31903576850891113,0.05193188413977623
0.9082094430923462,0.9547706842422485,1.4834144115447998,0.07590042054653168,0.3795021176338196,0.3795021176338196,0.0858536809682846,-0.9804620742797852,0.13011665642261505,0.11997059732675552
0.9193958044052124,0.9736068248748779,1.3857262134552002,0.07677009701728821,0.3838505446910858,0.3838506042957306,0.050033167004585266,-0.8646129965782166,0.3912246823310852,-0.3112622797489166
-0.3702249825000763,0.0005394824547693133,1.6595160961151123,0.07845642417669296,0.39228206872940063,0.392282098531723,0.30357590317726135,-0.3119160830974579,-0.6260567903518677,0.6469951868057251
-0.4389212131500244,-0.031425852328538895,1.7241061925888062,0.07323247939348221,0.36616238951683044,0.36616235971450806,0.583653450012207,0.003997403662651777,-0.2305440902709961,0.7785769701004028
-0.5078774690628052,-0.06793231517076492,1.7938461303710938,0.06997745484113693,0.34988728165626526,0.34988728165626526,0.4450990557670593,-0.4602764844894409,-0.4476695954799652,0.6241989731788635
-0.5769162178039551,-0.1144704595208168,1.8753399848937988,0.07909759134054184,0.3954879343509674,0.395487904548645,0.2879798114299774,-0.006998838856816292,-0.5150936245918274,0.8072776794433594
-0.6317322254180908,-0.1563020497560501,1.9596467018127441,0.06842906773090363,0.3421453833580017,0.34214523434638977,0.425493448972702,-0.25155940651893616,-0.07129526883363724,0.8663660883903503
-0.6749660968780518,-0.19669559597969055,2.039076328277588,0.08446572721004486,0.4223286211490631,0.42232856154441833,0.30519619584083557,-0.2519165277481079,-0.6283435821533203,0.6697593331336975
-0.7190629243850708,-0.2511414885520935,2.111677408218384,0.0674523264169693,0.3372616171836853,0.33726149797439575,0.17970061302185059,0.0015672697918489575,-0.3997112810611725,0.8988526463508606
-0.7726739645004272,-0.3318244516849518,2.173896312713623,0.08734551072120667,0.4367275536060333,0.43672749400138855,0.2597516179084778,-0.4642997086048126,-0.42909833788871765,0.7299517393112183
-0.8143448829650879,-0.41924241185188293,2.2125396728515625,0.08241304010152817,0.4120651185512543,0.4120651185512543,0.036160215735435486,-0.05494656413793564,-0.8109022378921509,0.5814730525016785
-0.8514167666435242,-0.5087451934814453,2.232346296310425,0.07506660372018814,0.3753330111503601,0.3753329813480377,0.15032058954238892,-0.08805431425571442,-0.5681481957435608,0.8042746782302856
-0.8999851942062378,-0.6023094654083252,2.242316246032715,0.06846443563699722,0.34232214093208313,0.3423221707344055,0.3031913638114929,-0.2990339696407318,-0.7787888646125793,0.46058833599090576
-0.9689382910728455,-0.696023166179657,2.250232696533203,0.08258682489395142,0.4129340946674347,0.4129341244697571,0.12294109165668488,0.03317346051335335,-0.7397795915603638,0.6606899499893188
-1.0393208265304565,-0.7717010378837585,2.253077507019043,0.08302706480026245,0.41513529419898987,0.41513529419898987,0.46998363733291626,-0.43041712045669556,-0.543561577796936,0.546257495880127
-1.1116608381271362,-0.8379349708557129,2.2433016300201416,0.07652132213115692,0.3826065957546234,0.3826065957546234,0.024523455649614334,-0.35297709703445435,-0.8700892925262451,0.3431478440761566
-1.1893515586853027,-0.9061868190765381,2.2134597301483154,0.07797227054834366,0.3898613452911377,0.3898613452911377,0.1583937406539917,-0.3076884150505066,-0.7138685584068298,0.6087946891784668
-1.2647138833999634,-0.9729964733123779,2.1617000102996826,0.07781196385622025,0.38905978202819824,0.3890598714351654,0.3030150532722473,-0.5841808319091797,-0.7318525910377502,0.1769363135099411
-1.323593020439148,-1.0205632448196411,2.0979061126708984,0.07144522666931152,0.35722610354423523,0.3572261333465576,0.051163483411073685,0.2727224826812744,0.9362198114395142,-0.21563224494457245
-1.3784143924713135,-1.0622007846832275,2.025631904602051,0.06574105471372604,0.32870522141456604,0.3287052512168884,0.2505417764186859,-0.4608668386936188,-0.7549123167991638,0.39362168312072754
-1.4423608779907227,-1.112174391746521,1.9481532573699951,0.0819818526506424,0.409909188747406,0.40990936756134033,0.11997133493423462,-0.47869980335235596,-0.8613675832748413,0.12041293829679489
-0.5835695862770081,-0.10635236650705338,1.8629980087280273,0.08350861817598343,0.41754308342933655,0.41754308342933655,0.3365327715873718,-0.27422526478767395,-0.5698373913764954,0.6977331042289734
-0.6798717379570007,-0.11421754211187363,1.8936933279037476,0.0857895091176033,0.4289475679397583,0.4289475679397583,0.649985134601593,-0.5099408030509949,-0.21211926639080048,0.5220010876655579
-0.7777349352836609,-0.12247419357299805,1.922149896621704,0.07432742416858673,0.37163713574409485,0.37163716554641724,0.2981948256492615,-0.5554479956626892,-0.667063295841217,0.3969683349132538
-0.8888459801673889,-0.13405294716358185,1.9316065311431885,0.08400577306747437,0.42002883553504944,0.4200288653373718,0.3690922260284424,-0.32292822003364563,-0.49389445781707764,0.7180227041244507
-0.997849702835083,-0.1483735293149948,1.9198095798492432,0.08361325412988663,0.4180661737918854,0.41806620359420776,0.4725685715675354,-0.7395865321159363,-0.3870983123779297,0.2825695872306824
-1.0914719104766846,-0.16269901394844055,1.8917598724365234,0.07575339823961258,0.3787669241428375,0.3787669241428375,0.10527486354112625,-0.4577209949493408,-0.8396521806716919,0.2727506458759308
-1.1844000816345215,-0.17671193182468414,1.8416324853897095,0.07401275634765625,0.37006375193595886,0.37006375193595886,0.38599663972854614,-0.5641980767250061,-0.5893718600273132,0.43049731850624084
-1.2758294343948364,-0.18862809240818024,1.7743093967437744,0.06791640818119049,0.33958205580711365,0.33958208560943604,0.17283494770526886,-0.6860148906707764,-0.7050234079360962,-0.04953504353761673
-1.344775676727295,-0.19659310579299927,1.7022650241851807,0.07874239981174469,0.39371198415756226,0.39371198415756226,0.04269525036215782,0.5428784489631653,0.7297036051750183,-0.41351261734962463
-1.3978520631790161,-0.20290547609329224,1.6135847568511963,0.0633813887834549,0.31690695881843567,0.31690698862075806,0.2372620701789856,-0.7007215023040771,-0.6679607629776001,0.08077461272478104
-1.4353106021881104,-0.2087249904870987,1.5059089660644531,0.08181704580783844,0.409085214138031,0.4090852737426758,0.2180393934249878,0.6278968453407288,0.7205936312675476,0.19735538959503174
-1.4417048692703247,-0.21144859492778778,1.4070037603378296,0.07526472210884094,0.3763235807418823,0.3763235807418823,0.1475038379430771,-0.4613359570503235,0.8747252821922302,0.016351575031876564
-1.4365532398223877,-0.2131090611219406,1.3054208755493164,0.07215818762779236,0.360790878534317,0.360790878534317,0.30253517627716064,0.3755888342857361,-0.8721675276756287,0.08203215152025223
-1.437506914138794,-0.21465909481048584,1.236882209777832,0.06832001358270645,0.34160009026527405,0.34160012006759644,0.3657836616039276,0.5761511921882629,0.7109795212745667,0.1695883721113205
-0.7753247022628784,-0.2959175705909729,2.1844065189361572,0.07665503770112991,0.38327521085739136,0.38327521085739136,0.6522639393806458,-0.08273754268884659,-0.16528311371803284,0.7351107001304626
-0.8329163193702698,-0.29108065366744995,2.2655200958251953,0.07723384350538254,0.3861692547798157,0.3861692249774933,0.6112136244773865,-0.56825852394104,-0.10278484225273132,0.5412351489067078
-0.8924852013587952,-0.2876802682876587,2.3480002880096436,0.08536285907030106,0.42681431770324707,0.42681431770324707,0.48623862862586975,-0.17985551059246063,-0.5670756697654724,0.6400384306907654
-0.9617520570755005,-0.29132530093193054,2.4371819496154785,0.06780688464641571,0.33903440833091736,0.33903437852859497,0.595177412033081,-0.14816871285438538,-0.04272555932402611,0.7886598706245422
-1.0320959091186523,-0.30531686544418335,2.521245002746582,0.07931560277938843,0.39657795429229736,0.39657798409461975,0.5057868361473083,-0.44185468554496765,-0.39141276478767395,0.62907874584198
-1.095580816268921,-0.3251262307167053,2.592191219329834,0.06395671516656876,0.3197835385799408,0.3197835087776184,0.45971810817718506,-0.10373177379369736,-0.46228334307670593,0.7511278986930847
-1.1643071174621582,-0.3447079658508301,2.664757251739502,0.06522250920534134,0.3261125683784485,0.3261125683784485,0.5786811709403992,-0.34660568833351135,-0.1990537792444229,0.7108939290046692
-1.244397521018982,-0.3581959307193756,2.7467739582061768,0.06724407523870468,0.336220383644104,0.336220383644104,0.41875067353248596,-0.448352187871933,-0.4746461808681488,0.6311412453651428
-1.3165104389190674,-0.3646305799484253,2.8166801929473877,0.07645302265882492,0.3822651207447052,0.3822650909423828,0.63686203956604,-0.029989775270223618,-0.3438146710395813,0.689419150352478
-1.3875861167907715,-0.36828142404556274,2.883317470550537,0.06599289178848267,0.32996445894241333,0.32996445894241333,0.6221585869789124,-0.48669347167015076,-0.2361699491739273,0.5659257173538208
-1.4596339464187622,-0.3728821277618408,2.95162296295166,0.07029203325510025,0.35146018862724304,0.35146018862724304,0.4587254822254181,-0.2072702944278717,-0.6460542678833008,0.573780357837677
0.34641242027282715,-0.3233813941478729,1.7467354536056519,0.07596005499362946,0.37980028986930847,0.37980031967163086,0.25214046239852905,-0.061839111149311066,0.309398353099823,-0.9148080348968506
0.4091978669166565,-0.3781735897064209,1.8010046482086182,0.08549807220697403,0.42749035358428955,0.42749035358428955,0.2996571362018585,-0.24279847741127014,0.7009428143501282,-0.5999447107315063
0.47644561529159546,-0.43178266286849976,1.8571431636810303,0.088408924639225,0.4420446455478668,0.44204461574554443,0.46388351917266846,-0.3625892698764801,0.3347691595554352,-0.7357110381126404
0.5555815696716309,-0.48223990201950073,1.918262243270874,0.07109563052654266,0.3554781675338745,0.3554781675338745,0.38962551951408386,-0.08229923248291016,0.5402222871780396,-0.7413357496261597
0.6421825289726257,-0.5222992300987244,1.9823143482208252,0.08143801987171173,0.4071900546550751,0.4071900546550751,0.4702184200286865,-0.4818883538246155,0.553331732749939,-0.4904102683067322
0.7206365466117859,-0.5463435053825378,2.0406696796417236,0.08800779283046722,0.4400390088558197,0.4400390386581421,0.6221739053726196,-0.2764391303062439,0.23286539316177368,-0.6944456100463867
0.7998150587081909,-0.5651760101318359,2.093930244445801,0.08852078765630722,0.4426038861274719,0.4426038861274719,0.3928486108779907,-0.1707363724708557,0.6726301312446594,-0.6033968925476074
0.8893202543258667,-0.5900043249130249,2.1429948806762695,0.08621511608362198,0.4310755431652069,0.4310755431652069,0.4916124939918518,-0.5698453187942505,0.44449055194854736,-0.48582056164741516
0.9905447363853455,-0.6273787617683411,2.187133312225342,0.08116605132818222,0.4058302342891693,0.4058302342891693,0.530912458896637,-0.15212754905223846,0.40463361144065857,-0.7288764119148254
1.0806382894515991,-0.6654632687568665,2.2204623222351074,0.0759972333908081,0.37998607754707336,0.3799861669540405,0.23380884528160095,-0.3101976811885834,0.7974952459335327,-0.4616406559944153
1.167191982269287,-0.7038217782974243,2.2427072525024414,0.08438631147146225,0.42193156480789185,0.42193153500556946,0.4169400930404663,-0.5462797284126282,0.4303798973560333,-0.5852457284927368
1.2613253593444824,-0.7437403202056885,2.254271984100342,0.06873119622468948,0.3436559736728668,0.3436559736728668,0.27272501587867737,-0.15503834187984467,0.6737494468688965,-0.6690633893013
1.3706399202346802,-0.7852667570114136,2.256340742111206,0.06576620042324066,0.32883092761039734,0.3288309872150421,0.2784392237663269,-0.6105092167854309,0.697022557258606,-0.2528034746646881
1.4730825424194336,-0.81982421875,2.2534995079040527,0.0758751630783081,0.3793758451938629,0.3793758153915405,0.4843791723251343,-0.4285489320755005,0.4864627718925476,-0.5874322056770325
1.5671201944351196,-0.8494083285331726,2.2399303913116455,0.07268277555704117,0.36341387033462524,0.36341387033462524,0.05820399895310402,-0.38991525769233704,0.811540424823761,-0.43125462532043457
1.6582953929901123,-0.8788261413574219,2.20768666267395,0.0704178735613823,0.3520893454551697,0.35208937525749207,0.3690786361694336,-0.6359995603561401,0.6361889839172363,-0.2335575670003891
1.7510513067245483,-0.9124143123626709,2.149343729019165,0.06900575757026672,0.34502872824668884,0.34502875804901123,0.10680786520242691,-0.43186691403388977,0.6836422085762024,-0.5785467028617859
1.820751428604126,-0.9409984946250916,2.0748207569122314,0.07976771146059036,0.39883849024772644,0.3988385796546936,0.025485696271061897,-0.6101657152175903,0.7915535569190979,-0.022166067734360695
1.8678357601165771,-0.9632223844528198,1.991588830947876,0.06803712248802185,0.34018561244010925,0.34018564224243164,0.28610873222351074,-0.509258508682251,0.7729164958000183,-0.24778540432453156
1.909362554550171,-0.9843689203262329,1.900735855102539,0.06975170224905014,0.3487584590911865,0.3487585484981537,0.27811360359191895,0.5083858370780945,-0.8012378215789795,0.1490456610918045
1.9615286588668823,-1.0093305110931396,1.8046950101852417,0.07622414827346802,0.3811207115650177,0.3811207413673401,0.25537553429603577,-0.5749704241752625,0.7768115997314453,-0.02749752625823021
0.6147568821907043,-0.56159907579422,1.9435800313949585,0.07773692160844803,0.38868463039398193,0.38868460059165955,0.08715509623289108,0.00017102125275414437,0.5338924527168274,-0.8410486578941345
0.6639618873596191,-0.6470134258270264,1.9636077880859375,0.07619703561067581,0.380985289812088,0.38098523020744324,0.11796461790800095,-0.20732063055038452,0.8848230838775635,-0.4002382457256317
0.7152773141860962,-0.7338767051696777,1.9797903299331665,0.07499212771654129,0.37496060132980347,0.3749605715274811,0.36319631338119507,-0.2895601987838745,0.5458925366401672,-0.6973124742507935
0.7739477157592773,-0.8257895708084106,1.9825737476348877,0.07452574372291565,0.37262868881225586,0.37262871861457825,0.004563788417726755,0.14215117692947388,-0.7690289616584778,0.623190701007843
0.8410018086433411,-0.9203736186027527,1.9665011167526245,0.08271140605211258,0.4135569632053375,0.4135570228099823,0.17858721315860748,-0.45690208673477173,0.7643503546714783,-0.41846826672554016
0.9034407734870911,-0.9991431832313538,1.9412208795547485,0.0716642215847969,0.35832110047340393,0.3583211302757263,0.07286126166582108,-0.26834216713905334,0.6898764967918396,-0.6683965921401978
0.9623047113418579,-1.0683560371398926,1.904611349105835,0.08303923904895782,0.4151962399482727,0.4151962399482727,0.02450772374868393,-0.33363303542137146,0.9287905097007751,-0.15948840975761414
1.0204122066497803,-1.1370258331298828,1.8529143333435059,0.07195871323347092,0.3597935736179352,0.35979360342025757,0.27957671880722046,-0.3852650821208954,0.7624775767326355,-0.43821871280670166
1.07905912399292,-1.2116488218307495,1.7845982313156128,0.07077807933092117,0.3538903594017029,0.3538903594017029,0.028566643595695496,0.1891321986913681,-0.91219162940979,0.3623802363872528
1.1273491382598877,-1.2763352394104004,1.7150259017944336,0.06864194571971893,0.34320971369743347,0.34320977330207825,0.14545725286006927,-0.40291285514831543,0.8927435874938965,-0.13968637585639954
1.1655163764953613,-1.3294352293014526,1.6415202617645264,0.06722228974103928,0.3361113369464874,0.336111456155777,0.18157145380973816,-0.15302488207817078,0.8593963384628296,-0.45282793045043945
1.1972336769104004,-1.374579906463623,1.5562026500701904,0.08001831918954849,0.40009161829948425,0.40009161829948425,0.14770780503749847,0.3443045914173126,-0.926135241985321,0.043706852942705154
1.2257654666900635,-1.414881706237793,1.4520506858825684,0.06754269450902939,0.33771345019340515,0.33771347999572754,0.27449917793273926,-0.2832103371620178,0.9184609055519104,-0.029523631557822227
1.2423272132873535,-1.4385485649108887,1.3490060567855835,0.07358589768409729,0.3679293990135193,0.36792945861816406,0.24424417316913605,0.3340330123901367,-0.8763499855995178,0.24653074145317078
1.2475403547286987,-1.4468666315078735,1.2518219947814941,0.07658576965332031,0.3829288184642792,0.38292884826660156,0.028965599834918976,-0.3340863883495331,0.8954119086265564,0.29289036989212036
1.2489051818847656,-1.4500478506088257,1.1515586376190186,0.06828809529542923,0.34144049882888794,0.3414405286312103,0.10895246267318726,-0.14731620252132416,0.9684330224990845,-0.16901126503944397
1.2539223432540894,-1.4583046436309814,1.0392756462097168,0.06460953503847122,0.3230476975440979,0.3230476677417755,0.31299829483032227,0.232731431722641,-0.9142059683799744,-0.10997996479272842
1.3504503965377808,-0.8017467260360718,2.2627062797546387,0.07445323467254639,0.37226617336273193,0.37226617336273193,0.248789981007576,-0.45722782611846924,0.5963209867477417,-0.6111035346984863
1.407690167427063,-0.8826159238815308,2.283841133117676,0.07030453532934189,0.35152265429496765,0.35152265429496765,0.09978421777486801,-0.06850073486566544,0.5946170687675476,-0.7948467135429382
1.4665303230285645,-0.9635833501815796,2.3031952381134033,0.0690976083278656,0.3454879820346832,0.345488041639328,0.20455914735794067,-0.3042575716972351,0.8176246285438538,-0.4439288079738617
1.5374140739440918,-1.045290470123291,2.309147596359253,0.07978539168834686,0.3989270031452179,0.3989269435405731,0.35483235120773315,-0.36602795124053955,0.46218636631965637,-0.7256041169166565
1.622094988822937,-1.1214380264282227,2.2927207946777344,0.08300904929637909,0.41504523158073425,0.41504523158073425,0.030481252819299698,0.25265589356422424,-0.8521414995193481,0.45726439356803894
1.6998169422149658,-1.1751397848129272,2.2598912715911865,0.08252318948507309,0.41261595487594604,0.41261595487594604,0.37881553173065186,-0.5795833468437195,0.6883713006973267,-0.2161639928817749
1.7770588397979736,-1.2199366092681885,2.217863082885742,0.06273040175437927,0.313651978969574,0.31365200877189636,0.2397138923406601,-0.25208020210266113,0.6872862577438354,-0.6376757621765137
1.862936019897461,-1.2718220949172974,2.173417568206787,0.06167738512158394,0.3083869218826294,0.3083869516849518,0.00025039128377102315,-0.48597609996795654,0.8539602756500244,-0.18595437705516815
1.8743295669555664,-1.279334306716919,2.168210029602051,0.0746941864490509,0.3734709322452545,0.37347090244293213,0.5061994791030884,-0.45916908979415894,0.5687189102172852,-0.4576948881149292
1.222294569015503,-1.407773494720459,1.4535143375396729,0.06622821092605591,0.33114105463027954,0.33114105463027954,0.17910811305046082,0.5152587890625,-0.8275538086891174,0.1326020509004593
1.2313508987426758,-1.4096633195877075,1.3538776636123657,0.06261510401964188,0.3130755126476288,0.3130755126476288,0.0646888017654419,0.647476315498352,-0.7049079537391663,-0.28230205178260803
1.240370512008667,-1.4115450382232666,1.2546440362930298,0.06406593322753906,0.3203296363353729,0.3203296661376953,0.1723208725452423,-0.6552971005439758,0.70784991979599,-0.19959872961044312
1.2500405311584473,-1.4135627746582031,1.1482553482055664,0.07587781548500061,0.37938907742500305,0.37938910722732544,0.2756504416465759,0.6264744400978088,-0.7234715819358826,-0.09019722789525986
1.2560099363327026,-1.4148082733154297,1.08258056640625,0.07172416150569916,0.35862088203430176,0.35862085223197937,0.2478880137205124,-0.5762246251106262,0.7474662661552429,0.21865703165531158
0.15276549756526947,0.5141990184783936,1.8477588891983032,0.08822750300168991,0.44113752245903015,0.44113755226135254,0.9274397492408752,-0.21625889837741852,0.15921925008296967,0.26026302576065063
0.1323677897453308,0.5622525215148926,1.9330651760101318,0.0713784396648407,0.3568921685218811,0.3568921685218811,0.8223450183868408,-0.5509894490242004,-0.13763386011123657,0.034874558448791504
0.11512195318937302,0.6170644760131836,2.0173778533935547,0.08435071259737015,0.42175355553627014,0.42175358533859253,0.930884599685669,-0.2532367408275604,-0.12700492143630981,0.23063978552818298
0.10629523545503616,0.6899287700653076,2.099036455154419,0.08152691274881363,0.40763455629348755,0.40763452649116516,0.8202094435691833,-0.4806787967681885,0.30341091752052307,-0.0643906220793724
0.11013812571763992,0.7782902121543884,2.170133352279663,0.07942592352628708,0.3971296548843384,0.3971296548843384,0.7336810827255249,-0.6515457630157471,-0.17338839173316956,-0.08447866886854172
0.1243237853050232,0.8626154065132141,2.2209858894348145,0.07497330754995346,0.3748665452003479,0.3748665452003479,0.8963347673416138,-0.422551691532135,0.1327729970216751,-0.02013513632118702
0.14395304024219513,0.949962854385376,2.258899688720703,0.07888808101415634,0.39444035291671753,0.3944403827190399,0.6351223587989807,-0.7399476170539856,0.19894586503505707,-0.09755828231573105
0.1641230285167694,1.048285961151123,2.2916617393493652,0.07262075692415237,0.36310380697250366,0.3631037771701813,0.7462974190711975,-0.6353473663330078,-0.18963675200939178,0.0584108904004097
0.18033847212791443,1.1580942869186401,2.3237903118133545,0.07914305478334427,0.39571526646614075,0.3957153260707855,0.7881242632865906,-0.5133172273635864,0.2645615339279175,-0.21300888061523438
0.1925496757030487,1.2567689418792725,2.3462746143341064,0.08175158500671387,0.40875789523124695,0.40875789523124695,0.5603913068771362,-0.8231871128082275,-0.060180891305208206,-0.06857740879058838
0.20324009656906128,1.3512325286865234,2.3586630821228027,0.065078005194664,0.3253900706768036,0.3253900706768036,0.8199107646942139,-0.5572910308837891,-0.06399934738874435,-0.1143556758761406
0.21490386128425598,1.4520628452301025,2.361884593963623,0.07975456863641739,0.39877286553382874,0.39877283573150635,0.4414973556995392,-0.8383067846298218,0.31017324328422546,-0.07819472253322601
0.22938239574432373,1.5668143033981323,2.3579163551330566,0.06818689405918121,0.34093448519706726,0.34093451499938965,0.5733968615531921,-0.8062198758125305,-0.04248584806919098,0.1393575221300125
0.2425578385591507,1.6743109226226807,2.3541007041931152,0.07865402847528458,0.3932701051235199,0.3932701051235199,0.7269707322120667,-0.6571558117866516,0.07472267001867294,-0.18459799885749817
0.2548452615737915,1.772184133529663,2.342397928237915,0.06646886467933655,0.3323444128036499,0.3323444128036499,0.2748575806617737,-0.9521477818489075,0.1333634853363037,-0.009056816808879375
0.2682874798774719,1.8653814792633057,2.3113291263580322,0.07087251543998718,0.3543625771999359,0.3543625771999359,0.527195394039154,-0.8324258923530579,0.056270308792591095,0.16113917529582977
0.2847684621810913,1.9579850435256958,2.2499330043792725,0.07675901055335999,0.3837950825691223,0.3837950825691223,0.3578985035419464,-0.8568909764289856,0.1831466406583786,-0.3226512372493744
0.300059050321579,2.0239131450653076,2.170076608657837,0.0763697400689125,0.3818487823009491,0.3818487823009491,0.030711157247424126,0.9861771464347839,-0.0803319662809372,-0.14162738621234894
0.31302958726882935,2.06282901763916,2.0816943645477295,0.07566916942596436,0.3783458471298218,0.3783458471298218,0.3061671555042267,-0.9288183450698853,0.2086946964263916,-0.002164734760299325
0.32581913471221924,2.09371280670166,1.9854573011398315,0.07053221017122269,0.35266098380088806,0.35266101360321045,0.14763124287128448,0.946212649345398,-0.20023521780967712,0.2068633884191513
0.34056657552719116,2.135545253753662,1.8820370435714722,0.08166811615228653,0.4083406627178192,0.4083406329154968,0.13025516271591187,-0.9375791549682617,0.1339835822582245,0.2933041751384735
0.34096062183380127,2.1368355751037598,1.8794832229614258,0.07497598230838776,0.37487998604774475,0.37487998604774475,0.35009801387786865,-0.8945711851119995,0.21041443943977356,-0.18138211965560913
0.08590549230575562,0.7277534604072571,2.1910152435302734,0.0842147246003151,0.42107367515563965,0.4210736155509949,0.7417130470275879,-0.5540823340415955,-0.11111775040626526,0.36125805974006653
0.06593876332044601,0.7496832609176636,2.2863128185272217,0.06986307352781296,0.349315345287323,0.3493153750896454,0.905064046382904,-0.07533673942089081,-0.23151367902755737,0.3486902415752411
0.04299136996269226,0.7731765508651733,2.3815765380859375,0.0720566064119339,0.3602829873561859,0.3602829873561859,0.8569534420967102,-0.28207075595855713,0.1073184609413147,0.4177913963794708
0.007518630474805832,0.803240180015564,2.4766969680786133,0.07516001909971237,0.37580010294914246,0.37580010294914246,0.6549158692359924,-0.506671130657196,-0.3310190737247467,0.45254382491111755
-0.048856645822525024,0.84328693151474,2.569591522216797,0.08031008392572403,0.40155038237571716,0.4015503525733948,0.8626096844673157,-0.10150731354951859,-0.2194543033838272,0.4443429708480835
-0.1174113005399704,0.8800663948059082,2.640232801437378,0.08275622129440308,0.41378116607666016,0.41378113627433777,0.7355454564094543,-0.5856007933616638,-0.22684629261493683,0.2541366219520569
-0.1908273696899414,0.9161068797111511,2.6937031745910645,0.08627554774284363,0.43137767910957336,0.43137767910957336,0.5486974120140076,-0.3858501613140106,-0.49543821811676025,0.5518983006477356
-0.26496872305870056,0.9598551988601685,2.743046522140503,0.07557789236307144,0.3778894543647766,0.3778894543647766,0.8526647686958313,-0.38351961970329285,-0.007879058830440044,0.35470184683799744
-0.33569931983947754,1.0197579860687256,2.80130672454834,0.06565175950527191,0.32825881242752075,0.32825878262519836,0.6541209816932678,-0.6718593835830688,-0.30470290780067444,0.16699345409870148
-0.3927869200706482,1.0913621187210083,2.8665006160736084,0.06463077664375305,0.32315388321876526,0.3231538236141205,0.8399195671081543,-0.3377869725227356,-0.22429554164409637,0.3607305884361267
-0.4319418668746948,1.1621102094650269,2.9236114025115967,0.06691240519285202,0.3345620036125183,0.3345619738101959,0.7849289774894714,-0.5685929656028748,0.1192016527056694,0.21535885334014893
-0.4635913670063019,1.2368720769882202,2.9755332469940186,0.07603005319833755,0.38015028834342957,0.3801502585411072,0.6053714752197266,-0.7166357636451721,-0.23773512244224548,0.2518741488456726
-0.4982677102088928,1.3206794261932373,3.0253403186798096,0.06344468146562576,0.3172233998775482,0.3172233998775482,0.8810126781463623,-0.42675721645355225,-0.16017115116119385,0.12664936482906342
-0.5435304045677185,1.415366530418396,3.07387375831604,0.06661166250705719,0.33305832743644714,0.33305832743644714,0.6697449088096619,-0.7377884984016418,-0.04101799055933952,0.07367142289876938
-0.585635781288147,1.5030864477157593,3.1092262268066406,0.07513347268104553,0.37566739320755005,0.37566739320755005,0.7062926292419434,-0.5647229552268982,-0.3806919753551483,0.19316397607326508
-0.6246182322502136,1.5863540172576904,3.1354129314422607,0.06938137859106064,0.3469069004058838,0.3469069004058838,0.7806093096733093,-0.6219807863235474,-0.05861605331301689,-0.018792856484651566
-0.664674699306488,1.6726298332214355,3.1600470542907715,0.07060065120458603,0.35300329327583313,0.35300329327583313,0.5319704413414001,-0.7853096723556519,-0.195790633559227,0.24892207980155945
-0.710002601146698,1.7693750858306885,3.1907405853271484,0.06612581759691238,0.3306291103363037,0.3306291103363037,0.7924892902374268,-0.5086892247200012,-0.15623725950717926,0.2979695200920105
-0.020802944898605347,0.840094268321991,2.571650266647339,0.08375763893127441,0.4187881648540497,0.41878819465637207,0.8737801909446716,-0.2759503722190857,0.2656404674053192,-0.2996576130390167
-0.0012740707024931908,0.8706894516944885,2.6634323596954346,0.08557246625423431,0.42786234617233276,0.42786234617233276,0.8654868006706238,-0.3840695321559906,-0.07876209169626236,-0.31180089712142944
0.018039248883724213,0.9015346765518188,2.75563645362854,0.07980556041002274,0.39902782440185547,0.3990277945995331,0.9619811773300171,-0.04414874687790871,0.13887156546115875,-0.23099301755428314
0.03372747078537941,0.9365830421447754,2.8549342155456543,0.0755077451467514,0.3775387406349182,0.3775387406349182,0.8285331130027771,-0.49209102988243103,0.10290481150150299,-0.24655604362487793
0.04188889265060425,0.9781050086021423,2.962582588195801,0.07930873334407806,0.3965436518192291,0.3965436518192291,0.9742756485939026,-0.05584404990077019,-0.20556022226810455,-0.07357512414455414
0.03992144390940666,1.0187441110610962,3.0553958415985107,0.08526307344436646,0.4263153672218323,0.4263153672218323,0.8978792428970337,-0.3624085485935211,0.24272286891937256,0.05965335667133331
0.03365287929773331,1.0579476356506348,3.1422979831695557,0.06901489943265915,0.34507450461387634,0.34507450461387634,0.8928295373916626,-0.39076340198516846,-0.22146107256412506,0.03338272497057915
0.02984495274722576,1.0967659950256348,3.2381110191345215,0.07570697367191315,0.3785349130630493,0.3785349130630493,0.991454541683197,0.015918729826807976,0.11745899170637131,-0.05447780713438988
0.033323995769023895,1.133113145828247,3.346386432647705,0.06683313101530075,0.33416566252708435,0.33416566252708435,0.9103373289108276,-0.40029147267341614,0.09911889582872391,-0.03504534438252449
0.04046503081917763,1.1597566604614258,3.4419236183166504,0.07120531797409058,0.3560265898704529,0.3560265898704529,0.9232637882232666,-0.11004438996315002,-0.243040531873703,-0.2764154374599457
0.04953543096780777,1.1824990510940552,3.53438663482666,0.06915346533060074,0.3457673192024231,0.3457673490047455,0.9278940558433533,-0.16395936906337738,0.27120277285575867,-0.19641529023647308
0.0592096745967865,1.208194375038147,3.6367502212524414,0.06443563848733902,0.3221781849861145,0.3221781849861145,0.8762039542198181,-0.4222795367240906,-0.1327601969242096,-0.19058172404766083
0.06112213805317879,1.2143645286560059,3.6598238945007324,0.0767885074019432,0.38394254446029663,0.38394254446029663,0.9820322394371033,0.06392989307641983,0.04800178483128548,-0.17094291746616364
0.27817678451538086,1.9539638757705688,2.249904155731201,0.0738169401884079,0.3690848648548126,0.3690848648548126,0.06412453949451447,-0.9922354817390442,-0.04414985328912735,-0.09699258953332901
0.25995078682899475,2.0194661617279053,2.177733898162842,0.06690964847803116,0.3345482349395752,0.3345482349395752,0.29224124550819397,-0.9082757234573364,-0.23981504142284393,0.1792178601026535
0.2418951392173767,2.0843563079833984,2.10623836517334,0.07104456424713135,0.35522279143333435,0.35522279143333435,0.3832257091999054,-0.9174178242683411,0.0230215135961771,-0.10465464740991592
0.22275924682617188,2.1531288623809814,2.0304651260375977,0.07393916696310043,0.36969587206840515,0.36969587206840515,0.08276844769716263,0.9905116558074951,0.05955792963504791,-0.0921347513794899
0.20649155974388123,2.2115931510925293,1.9660494327545166,0.07872679829597473,0.39363402128219604,0.39363405108451843,0.477576345205307,-0.8150686025619507,-0.2879258394241333,0.15710727870464325
-0.2289593666791916,-0.4915449917316437,1.9184356927871704,0.07714550942182541,0.38572752475738525,0.3857274353504181,0.2210637927055359,-0.38912731409072876,-0.3704800307750702,0.8139135241508484
-0.25496479868888855,-0.524048924446106,1.9670442342758179,0.0801265761256218,0.4006328582763672,0.4006328880786896,0.22634072601795197,0.005339723080396652,-0.5922072529792786,0.7733252644538879
-0.2808195650577545,-0.5563778877258301,2.0154612064361572,0.08884986490011215,0.44424933195114136,0.44424930214881897,0.3460537791252136,-0.12455710768699646,-0.21196168661117554,0.9054306149482727
-0.30734285712242126,-0.589483380317688,2.0647284984588623,0.08515753597021103,0.42578765749931335,0.42578762769699097,0.30330079793930054,-0.27944687008857727,-0.539085865020752,0.7343735694885254
-0.3353538513183594,-0.6243168115615845,2.1158876419067383,0.07724246382713318,0.3862123191356659,0.3862122893333435,0.2581312358379364,0.15757623314857483,-0.3921428620815277,0.8687703609466553
-0.36567163467407227,-0.6618297100067139,2.169980525970459,0.08117631077766418,0.4058815538883209,0.4058815538883209,0.3072245717048645,-0.3930961787700653,-0.20815075933933258,0.841285765171051
-0.398850679397583,-0.7017298340797424,2.226815938949585,0.07837636023759842,0.3918817937374115,0.3918818235397339,0.2985791563987732,-0.14136405289173126,-0.5842709541320801,0.7412787079811096
-0.4330628216266632,-0.7364949584007263,2.2786967754364014,0.08953657746315002,0.4476828873157501,0.4476828873157501,0.446126788854599,-0.05548275262117386,-0.2863597869873047,0.8461031913757324
-0.4668847322463989,-0.7673059701919556,2.3259689807891846,0.07220535725355148,0.361026793718338,0.361026793718338,0.36240559816360474,-0.35257160663604736,-0.46584951877593994,0.7261815667152405
-0.49919581413269043,-0.7973408102989197,2.3709092140197754,0.08478940278291702,0.4239470064640045,0.42394697666168213,0.2242005169391632,0.03159797564148903,-0.5266158580780029,0.8193970322608948
-0.5288754105567932,-0.8297774791717529,2.4157938957214355,0.08738269656896591,0.43691352009773254,0.43691352009773254,0.30902981758117676,-0.26866135001182556,-0.1253081113100052,0.9036700129508972
-0.5548030138015747,-0.8677941560745239,2.462899923324585,0.08081679046154022,0.4040839374065399,0.40408387780189514,0.15160799026489258,-0.22295570373535156,-0.6015318632125854,0.7519741654396057
-0.5758578181266785,-0.9145687818527222,2.5145039558410645,0.06854569166898727,0.3427284359931946,0.3427284061908722,0.10539179295301437,0.18580782413482666,-0.35961419343948364,0.9083201885223389
-0.5880898237228394,-0.9664748311042786,2.566596746444702,0.07319743186235428,0.3659871816635132,0.3659871220588684,0.061499468982219696,-0.35555291175842285,-0.3645416796207428,0.85843425989151
-0.5894016027450562,-1.0158065557479858,2.612114667892456,0.06696005165576935,0.3348003029823303,0.3348003029823303,0.15819019079208374,-0.07154083251953125,0.6921567320823669,-0.7005546689033508
-0.5839579105377197,-1.0642410516738892,2.6531362533569336,0.0756751224398613,0.3783755898475647,0.3783755898475647,0.11716840416193008,-0.16289739310741425,0.24545828998088837,-0.9484124779701233
-0.5759706497192383,-1.1135435104370117,2.691823959350586,0.07170530408620834,0.3585264980792999,0.3585264980792999,0.042220450937747955,0.25839513540267944,0.5947660803794861,-0.7600675821304321
-0.5696519613265991,-1.1654796600341797,2.730340003967285,0.08541268855333328,0.4270634353160858,0.4270634055137634,0.009639828465878963,0.22205109894275665,-0.5984591245651245,0.7697058320045471
-0.5692137479782104,-1.221814513206482,2.7708473205566406,0.06669987738132477,0.33349937200546265,0.33349937200546265,0.03444680944085121,0.1504659801721573,0.2539578676223755,-0.9548187255859375
-0.5783514976501465,-1.2832512855529785,2.814945697784424,0.07121147215366364,0.356057345867157,0.35605737566947937,0.15900073945522308,-0.18633130192756653,-0.7236954569816589,0.6451855301856995
-0.5933941006660461,-1.3391696214675903,2.85729718208313,0.06419405341148376,0.32097023725509644,0.3209701478481293,0.05319151654839516,0.20676623284816742,-0.4449233412742615,0.8697479963302612
-0.6118378043174744,-1.3893084526062012,2.896074056625366,0.07810509949922562,0.3905254900455475,0.3905254900455475,0.31521591544151306,-0.31294381618499756,-0.42249423265457153,0.7900656461715698
-0.6326707005500793,-1.4373819828033447,2.9313273429870605,0.08485632389783859,0.4242815673351288,0.4242815375328064,0.0133553771302104,-0.09093594551086426,-0.6913151741027832,0.7166838049888611
-0.6548808217048645,-1.4871046543121338,2.9631075859069824,0.07190632820129395,0.3595316708087921,0.35953161120414734,0.1395462453365326,-0.014743506908416748,-0.38828137516975403,0.910794734954834
-0.6774561405181885,-1.5421909093856812,2.9914655685424805,0.07274893671274185,0.3637446165084839,0.3637446165084839,0.22482489049434662,-0.3753131926059723,-0.6588468551635742,0.6119759678840637
-0.6993845701217651,-1.6063553094863892,3.016451358795166,0.08111052960157394,0.40555259585380554,0.40555256605148315,0.01085579488426447,0.1821720004081726,-0.7191367149353027,0.6704759001731873
-0.7190218567848206,-1.6765209436416626,3.0356805324554443,0.08065778017044067,0.403288871049881,0.4032888412475586,0.19617605209350586,-0.22014591097831726,-0.5034446716308594,0.8121540546417236
-0.7352049946784973,-1.7414377927780151,3.0454986095428467,0.07291827350854874,0.3645913302898407,0.3645913600921631,0.05146649852395058,-0.13209934532642365,-0.9030357003211975,0.4054965376853943
-0.7490752935409546,-1.8032068014144897,3.048459053039551,0.0673568993806839,0.3367844820022583,0.3367844820022583,0.13776138424873352,-0.053056832402944565,0.6407244205474854,-0.7534447312355042
-0.7618327140808105,-1.8643827438354492,3.0472991466522217,0.07563327997922897,0.3781663775444031,0.3781663775444031,0.15361441671848297,-0.3121181130409241,-0.6872214078903198,0.6377394795417786
-0.7746771574020386,-1.927520513534546,3.044757843017578,0.0766410082578659,0.38320502638816833,0.3832050561904907,0.01679779589176178,-0.06005712226033211,0.9264198541641235,-0.3712913393974304
-0.7888088822364807,-1.9951751232147217,3.043572425842285,0.07644081860780716,0.3822040259838104,0.3822040259838104,0.01729671284556389,0.08487685769796371,0.6410148739814758,-0.7626248598098755
-0.8011256456375122,-2.051086187362671,3.045257568359375,0.06815651059150696,0.3407825231552124,0.3407825231552124,0.30984315276145935,-0.2276272028684616,-0.8126546740531921,0.4379217326641083
-0.628273606300354,-0.9472395777702332,2.5363614559173584,0.08293403685092926,0.4146701693534851,0.4146701693534851,0.20718680322170258,-0.1501646637916565,-0.6775428056716919,0.6895360350608826
-0.683991551399231,-0.9747995138168335,2.5565996170043945,0.07212245464324951,0.36061227321624756,0.36061227321624756,0.4134143888950348,-0.4151049852371216,-0.3269161283969879,0.7415539622306824
-0.7394222617149353,-1.0011811256408691,2.5777697563171387,0.06862495839595795,0.34312477707862854,0.3431248068809509,0.29344627261161804,-0.5041919350624084,-0.6130924224853516,0.5327264666557312
-0.7950092554092407,-1.0282039642333984,2.5984323024749756,0.07676365971565247,0.38381829857826233,0.38381829857826233,0.3837698996067047,-0.008510494604706764,-0.5922405123710632,0.708448588848114
-0.8511959910392761,-1.0576879978179932,2.6171481609344482,0.06576251983642578,0.3288125991821289,0.3288125991821289,0.4257097840309143,-0.5164639353752136,-0.44188618659973145,0.5973045825958252
-0.9084256887435913,-1.0914525985717773,2.632477045059204,0.0754285454750061,0.3771427571773529,0.3771427571773529,0.2111487239599228,-0.25029677152633667,-0.818411111831665,0.4721980690956116
-0.9671418070793152,-1.1313176155090332,2.642979621887207,0.08510641753673553,0.4255320429801941,0.42553195357322693,0.31020620465278625,-0.24376121163368225,-0.4257734715938568,0.8142907619476318
-1.0274126529693604,-1.1787158250808716,2.647423028945923,0.07316508144140244,0.3658253848552704,0.3658254146575928,0.2956397235393524,-0.5965061187744141,-0.6368460059165955,0.38885053992271423
-1.0825297832489014,-1.2274690866470337,2.6486051082611084,0.07683970034122467,0.38419845700263977,0.38419845700263977,0.1228637546300888,-0.04523397982120514,-0.8247613310813904,0.5501155853271484
-1.131062626838684,-1.2753535509109497,2.647118091583252,0.08386756479740143,0.41933777928352356,0.41933780908584595,0.2676122188568115,-0.396071195602417,-0.5669845342636108,0.6708500981330872
-1.1745870113372803,-1.32303786277771,2.641995906829834,0.06732168793678284,0.3366084396839142,0.3366084396839142,0.19984780251979828,-0.29701662063598633,-0.888968825340271,0.2856157720088959
-1.2146790027618408,-1.3711907863616943,2.6322720050811768,0.07082012295722961,0.35410061478614807,0.3541005551815033,0.0840027928352356,-0.09152138233184814,-0.689991295337677,0.7130773663520813
-1.2529144287109375,-1.4204812049865723,2.6169795989990234,0.06889811158180237,0.34449055790901184,0.34449055790901184,0.25167182087898254,-0.454948753118515,-0.7240513563156128,0.45324668288230896
-1.2908689975738525,-1.4715776443481445,2.595151901245117,0.08121529966592789,0.406076580286026,0.4060765504837036,0.07337327301502228,-0.13170209527015686,-0.9280587434768677,0.34055525064468384
-1.3301186561584473,-1.525148868560791,2.5658223628997803,0.08078761398792267,0.40393805503845215,0.40393808484077454,0.1438959836959839,-0.3232904076576233,-0.6996555924415588,0.6206926107406616
-1.3695151805877686,-1.579356074333191,2.529148817062378,0.07258112728595734,0.3629056513309479,0.3629056513309479,0.22441314160823822,-0.3200620412826538,-0.9058831334114075,0.16301782429218292
-1.4009418487548828,-1.626368522644043,2.4888315200805664,0.06963764876127243,0.348188191652298,0.34818822145462036,0.0032593500800430775,0.06915692239999771,0.9173441529273987,-0.3920285999774933
-1.4257014989852905,-1.6675347089767456,2.445486307144165,0.06877455860376358,0.3438727557659149,0.3438727855682373,0.24656303226947784,-0.3398846983909607,-0.8560413718223572,0.3014601469039917
-1.4460340738296509,-1.7050881385803223,2.399376392364502,0.06579002737998962,0.32895010709762573,0.32895007729530334,0.10829885303974152,0.0998421385884285,0.9890428781509399,0.009852360002696514
-1.4641796350479126,-1.7412612438201904,2.350764751434326,0.06450586766004562,0.32252931594848633,0.32252928614616394,0.025278836488723755,-0.22414825856685638,-0.8255057334899902,0.5173575282096863
-1.4823780059814453,-1.7782870531082153,2.2999143600463867,0.06941741704940796,0.347087025642395,0.3470870554447174,0.2427552193403244,-0.257337361574173,-0.9349697828292847,0.026055917143821716
-1.5028691291809082,-1.8183985948562622,2.2470879554748535,0.0657077357172966,0.3285386860370636,0.3285386860370636,0.22844335436820984,0.15912821888923645,0.9228523373603821,-0.26614922285079956
-1.5278931856155396,-1.8638291358947754,2.1925487518310547,0.07192614674568176,0.3596307337284088,0.3596307337284088,0.28834784030914307,-0.2741163969039917,-0.8053564429283142,0.4394504725933075
-1.3773620128631592,-1.5619537830352783,2.5315163135528564,0.0814230889081955,0.4071154296398163,0.4071154296398163,0.11552805453538895,-0.5461691617965698,-0.8048209547996521,0.20153330266475677
-1.4268099069595337,-1.587078332901001,2.4985597133636475,0.08164781332015991,0.40823906660079956,0.40823906660079956,0.22899404168128967,-0.309294730424881,-0.8042057156562805,0.45293670892715454
-1.4755651950836182,-1.6118507385253906,2.4660654067993164,0.07715513557195663,0.385775625705719,0.38577568531036377,0.42533421516418457,-0.5825366973876953,-0.6848885416984558,0.1032935231924057
-1.5248439311981201,-1.6368893384933472,2.4332220554351807,0.07289943099021912,0.36449718475341797,0.36449718475341797,0.008724218234419823,-0.2651830017566681,-0.9050307273864746,0.332447350025177
-1.5758626461029053,-1.6628119945526123,2.399219036102295,0.07135242223739624,0.3567620813846588,0.3567620813846588,0.48273876309394836,-0.4592265486717224,-0.6118060350418091,0.42634207010269165
-1.6298376321792603,-1.6902368068695068,2.363245725631714,0.08293475210666656,0.41467374563217163,0.41467374563217163,0.05240000784397125,-0.601740837097168,-0.7853403687477112,0.13565655052661896
-1.686347246170044,-1.7189491987228394,2.325582981109619,0.07712605595588684,0.3856302499771118,0.3856302499771118,0.13594664633274078,-0.3220677375793457,-0.7775337100028992,0.522716224193573
0.4928959310054779,0.09678622335195541,2.1195504665374756,0.0821840763092041,0.4109203815460205,0.4109203815460205,0.7075033783912659,-0.23770011961460114,0.4536729156970978,-0.486948162317276
0.5782694816589355,0.1420493721961975,2.2090814113616943,0.0908849686384201,0.4544248878955841,0.4544248878955841,0.7130681872367859,-0.5644558072090149,0.239124596118927,-0.34021005034446716
0.6615508794784546,0.19371798634529114,2.305638313293457,0.08694855123758316,0.4347427487373352,0.4347427487373352,0.8984320163726807,-0.2540093660354614,0.0923909991979599,-0.34606805443763733
0.7395593523979187,0.2603778839111328,2.418846368789673,0.06992822140455246,0.3496411144733429,0.3496411144733429,0.6738373637199402,-0.43470752239227295,0.3792663812637329,-0.46165966987609863
0.7964030504226685,0.3228093683719635,2.5371382236480713,0.08624546974897385,0.43122732639312744,0.43122735619544983,0.8877795338630676,-0.42987123131752014,-0.03648696467280388,-0.1603962481021881
0.8346730470657349,0.3813932240009308,2.648580551147461,0.07343605160713196,0.3671802878379822,0.3671802878379822,0.9165069460868835,-0.0815507024526596,0.2039332091808319,-0.3343288004398346
0.8695838451385498,0.45688170194625854,2.751444101333618,0.06707238405942917,0.33536192774772644,0.33536192774772644,0.6798025369644165,-0.7039990425109863,0.18021224439144135,-0.0988808274269104
0.9148581624031067,0.5678613781929016,2.842705488204956,0.06936588883399963,0.34682944416999817,0.34682944416999817,0.8883218765258789,-0.44366881251335144,-0.1092471331357956,0.04590519145131111
0.9543203711509705,0.6880847215652466,2.8998990058898926,0.08754974603652954,0.4377487599849701,0.4377487599849701,0.7245748043060303,-0.6068407297134399,0.2034958302974701,-0.2555878758430481
0.9868154525756836,0.8096528053283691,2.929410934448242,0.08704613149166107,0.43523067235946655,0.43523067235946655,0.5456187725067139,-0.8288588523864746,-0.10428139567375183,-0.06647254526615143
1.0225186347961426,0.940629243850708,2.949692726135254,0.08058330416679382,0.4029165506362915,0.4029165208339691,0.8353144526481628,-0.47971394658088684,0.08736249059438705,-0.2539529800415039
1.0691028833389282,1.0851337909698486,2.9782216548919678,0.06408587843179703,0.32042938470840454,0.32042938470840454,0.4592706561088562,-0.8517948985099792,0.20536662638187408,-0.14608390629291534
1.112383484840393,1.215535044670105,3.01304292678833,0.06702379137277603,0.33511894941329956,0.33511894941329956,0.8117058873176575,-0.5623528957366943,-0.15359637141227722,0.03606873005628586
1.1551587581634521,1.336094617843628,3.0380663871765137,0.06612631678581238,0.3306315839290619,0.3306315839290619,0.6806483268737793,-0.6118431687355042,0.3495978116989136,-0.20036761462688446
1.2060734033584595,1.4607995748519897,3.037412643432617,0.07955880463123322,0.39779403805732727,0.39779403805732727,0.4056410491466522,-0.909050464630127,0.036084920167922974,-0.08820682764053345
1.2689526081085205,1.5929231643676758,2.998016595840454,0.07254908978939056,0.3627454936504364,0.362745463848114,0.6014873385429382,-0.7617329955101013,0.11080031096935272,-0.21377363801002502
1.3257238864898682,1.6922560930252075,2.9294118881225586,0.07998490333557129,0.39992454648017883,0.39992454648017883,0.09157782793045044,-0.9205820560455322,0.3429465889930725,-0.1628797948360443
1.3798716068267822,1.7742176055908203,2.8430843353271484,0.07916329056024551,0.39581647515296936,0.39581647515296936,0.40511029958724976,-0.8959386348724365,0.12494207173585892,0.13254860043525696
1.4387853145599365,1.863412618637085,2.749190092086792,0.0817357525229454,0.40867874026298523,0.40867874026298523,0.3882528841495514,-0.7998626232147217,0.37608465552330017,-0.26084446907043457
1.4614894390106201,1.900214433670044,2.7169737815856934,0.08125896006822586,0.4062947928905487,0.4062947928905487,0.15857639908790588,-0.9785415530204773,0.12102966010570526,-0.0515916608273983
0.7470431923866272,0.252669095993042,2.4082589149475098,0.08342920988798141,0.4171460270881653,0.4171460270881653,0.7260177731513977,-0.3846461772918701,0.3411824405193329,-0.4566618800163269
0.8721544742584229,0.2649048864841461,2.4544084072113037,0.08360046148300171,0.41800233721733093,0.41800230741500854,0.3742389976978302,-0.3827190399169922,0.6136569976806641,-0.5804277658462524
0.9950653314590454,0.2763441801071167,2.5027523040771484,0.08184707909822464,0.4092353880405426,0.4092353880405426,0.5385743379592896,-0.6312989592552185,0.30265650153160095,-0.4688267111778259
1.1261029243469238,0.29072505235671997,2.5429916381835938,0.07002876698970795,0.35014382004737854,0.3501438498497009,0.4788720905780792,-0.2898915708065033,0.4381408095359802,-0.7033328413963318
1.2752903699874878,0.31178417801856995,2.5648765563964844,0.08659739047288895,0.4329869747161865,0.4329870343208313,0.3137653172016144,-0.7547092437744141,0.46560800075531006,-0.3393736183643341
1.4173284769058228,0.3409825563430786,2.5664453506469727,0.07645980268716812,0.38229900598526,0.3822989761829376,0.6543598175048828,-0.5185120105743408,0.42573702335357666,-0.34886470437049866
1.5426573753356934,0.3728005290031433,2.551788091659546,0.06881702691316605,0.34408509731292725,0.34408509731292725,0.2793121039867401,-0.5645274519920349,0.6508086919784546,-0.423959344625473
1.6680957078933716,0.4003857374191284,2.5225048065185547,0.06988728791475296,0.34943655133247375,0.34943658113479614,0.42583268880844116,-0.7782734036445618,0.4432125687599182,-0.1285288780927658
1.81034255027771,0.41686880588531494,2.4802560806274414,0.08510085940361023,0.42550423741340637,0.42550426721572876,0.3883843719959259,-0.46813997626304626,0.4738145172595978,-0.6367906928062439
1.9531035423278809,0.414527028799057,2.4392142295837402,0.08589891344308853,0.4294945299625397,0.4294945299625397,0.19569799304008484,-0.634888768196106,0.7074439525604248,-0.24112571775913239
2.0794053077697754,0.3990268111228943,2.3971152305603027,0.08294980973005295,0.41474902629852295,0.41474902629852295,0.44309890270233154,-0.6279036998748779,0.4923332929611206,-0.4086664617061615
2.1947031021118164,0.382172554731369,2.3362698554992676,0.06755896657705307,0.33779481053352356,0.33779484033584595,0.0012186480453237891,0.47875702381134033,-0.7763680815696716,0.4099302291870117
2.3044166564941406,0.375762015581131,2.2390189170837402,0.07087680697441101,0.35438406467437744,0.35438406467437744,0.22791773080825806,-0.7498247027397156,0.6059228777885437,0.13665242493152618
2.383331298828125,0.382524698972702,2.119412422180176,0.07368910312652588,0.368445485830307,0.3684455454349518,0.2763174772262573,-0.6545029878616333,0.6682621836662292,-0.22068120539188385
2.4238088130950928,0.3958900272846222,1.9966192245483398,0.07433082163333893,0.3716541528701782,0.3716541826725006,0.19109584391117096,0.835373044013977,-0.5129673480987549,0.049988266080617905
2.451495409011841,0.41255074739456177,1.8659471273422241,0.07062697410583496,0.3531348705291748,0.3531348705291748,0.21883279085159302,-0.8659306168556213,0.38751113414764404,0.22827942669391632
2.4920358657836914,0.4291996955871582,1.7227051258087158,0.06527136266231537,0.3263568580150604,0.3263568878173828,0.008332779631018639,0.8024477958679199,-0.5282556414604187,0.2774059474468231
0.9207240343093872,0.5376938581466675,2.8513691425323486,0.08112803846597672,0.40564021468162537,0.40564021468162537,0.5688831806182861,-0.5619562864303589,0.2572005093097687,-0.5426095724105835
0.9888959527015686,0.5433397889137268,2.964528799057007,0.06881679594516754,0.3440839946269989,0.34408390522003174,0.7636703252792358,-0.12088681012392044,0.08310756832361221,-0.6287186145782471
1.0565451383590698,0.5485156774520874,3.077089786529541,0.06688094139099121,0.33440470695495605,0.33440470695495605,0.4953271746635437,-0.2707754373550415,0.49557462334632874,-0.6601041555404663
1.1290425062179565,0.5580505132675171,3.195204734802246,0.06853770464658737,0.34268856048583984,0.34268853068351746,0.7687057852745056,-0.46484309434890747,-0.022881174460053444,-0.4387354254722595
1.2114137411117554,0.5764795541763306,3.32415771484375,0.07138500362634659,0.35692501068115234,0.35692504048347473,0.7455228567123413,-0.012347787618637085,0.2665483355522156,-0.6107333302497864
1.2944413423538208,0.5974539518356323,3.4392621517181396,0.06505008786916733,0.32525041699409485,0.32525041699409485,0.5794289708137512,-0.5402864813804626,0.43534377217292786,-0.42758435010910034
1.3720611333847046,0.6207185983657837,3.5399320125579834,0.07180231064558029,0.35901156067848206,0.35901156067848206,0.790199875831604,-0.29605334997177124,-0.04034215584397316,-0.5350785255432129
1.444515347480774,0.6519545912742615,3.644146680831909,0.06665223091840744,0.3332611322402954,0.3332611322402954,0.6806633472442627,-0.22460131347179413,0.44456785917282104,-0.5372253656387329
1.5118920803070068,0.696745753288269,3.7695343494415283,0.07267705351114273,0.36338528990745544,0.36338528990745544,0.8006951808929443,-0.5562715530395508,0.021709341555833817,-0.2213095724582672
1.5602030754089355,0.7492451667785645,3.894512414932251,0.0657268688082695,0.3286343216896057,0.3286343216896057,0.9219241142272949,-0.10652104020118713,0.05857203155755997,-0.367802232503891
1.5896780490875244,0.8042423129081726,4.0072736740112305,0.07427112013101578,0.3713556230068207,0.3713555932044983,0.8280199766159058,-0.48722630739212036,0.258362352848053,-0.10120448470115662
1.6137559413909912,0.8631780743598938,4.121657371520996,0.08043554425239563,0.40217772126197815,0.40217772126197815,0.8983982801437378,-0.3414541184902191,-0.20274637639522552,-0.18757273256778717
1.6448739767074585,0.9258203506469727,4.247983932495117,0.08226688951253891,0.41133445501327515,0.41133445501327515,0.9373387694358826,-0.11087337881326675,0.27640265226364136,-0.1808442771434784
1.0894839763641357,1.060140609741211,2.9476735591888428,0.0832914337515831,0.4164571464061737,0.4164571464061737,0.1787789911031723,-0.8909170627593994,0.413274884223938,-0.05923474580049515
1.1912062168121338,1.1417227983474731,2.913635730743408,0.06607741862535477,0.3303871154785156,0.3303871154785156,0.6505017280578613,-0.698308527469635,0.15821608901023865,-0.25333836674690247
1.2920929193496704,1.2232778072357178,2.873608112335205,0.06988748162984848,0.3494373857975006,0.3494373559951782,0.20520596206188202,-0.7597790956497192,0.48587101697921753,-0.38020458817481995
1.3883980512619019,1.3046833276748657,2.8007283210754395,0.06305357068777084,0.3152678608894348,0.3152678608894348,0.3247734010219574,-0.8688642978668213,0.36371588706970215,0.08548565953969955
1.4620062112808228,1.3721747398376465,2.6936023235321045,0.08038967102766037,0.40194839239120483,0.40194839239120483,0.4079030752182007,-0.7727075219154358,0.4128378629684448,-0.2571052014827728
1.5039150714874268,1.4161016941070557,2.5789542198181152,0.07490458339452744,0.3745229244232178,0.3745229244232178,0.21227015554904938,0.8743230104446411,-0.4327322542667389,0.05695152282714844
1.5389726161956787,1.4558178186416626,2.454073429107666,0.08076301217079163,0.4038151800632477,0.4038151502609253,0.2978646755218506,-0.9224239587783813,0.17393550276756287,0.17365817725658417
1.5688608884811401,1.4875080585479736,2.3687710762023926,0.07880457490682602,0.3940228521823883,0.3940228521823883,0.12228573858737946,-0.8364324569702148,0.4367165267467499,-0.30774274468421936
1.8064942359924316,0.4190267324447632,2.477386713027954,0.08438948541879654,0.42194756865501404,0.4219476282596588,0.16527633368968964,-0.8584564328193665,0.4855232834815979,-0.0018501984886825085
1.9059982299804688,0.4607430398464203,2.3963372707366943,0.07910572737455368,0.3955286741256714,0.3955286741256714,0.5015987753868103,-0.6967790126800537,0.3661350905895233,-0.3589467704296112
2.0065484046936035,0.5024188160896301,2.3174679279327393,0.06700140237808228,0.33500704169273376,0.33500704169273376,0.11239355057477951,-0.7831236124038696,0.575462281703949,-0.20719128847122192
2.097020387649536,0.5444849729537964,2.2176008224487305,0.0673893615603447,0.33694684505462646,0.33694684505462646,0.3425191044807434,-0.8073428273200989,0.45181554555892944,0.16352646052837372
2.1618411540985107,0.5840564370155334,2.086364269256592,0.08122402429580688,0.4061201512813568,0.4061201512813568,0.12692099809646606,-0.8843862414360046,0.35333508253097534,-0.2773199677467346
2.1864349842071533,0.6112042665481567,1.9597901105880737,0.08104129135608673,0.40520647168159485,0.40520647168159485,0.2931158244609833,0.9388146996498108,-0.08903948962688446,-0.1574232429265976
2.193918228149414,0.6338598728179932,1.8301873207092285,0.06739851832389832,0.33699268102645874,0.33699268102645874,0.26646119356155396,-0.9460970759391785,0.17440256476402283,0.05901303142309189
2.2076356410980225,0.658299446105957,1.7007558345794678,0.08169758319854736,0.4084879755973816,0.4084879755973816,0.1517726182937622,0.9362729787826538,-0.27242815494537354,0.16168168187141418
1.5174999237060547,0.6879357695579529,3.7617900371551514,0.08269739896059036,0.4134869873523712,0.4134869873523712,0.5740284323692322,-0.5450255274772644,0.35550886392593384,-0.4970434010028839
1.6313817501068115,0.6560154557228088,3.8223185539245605,0.07857955247163773,0.39289769530296326,0.39289769530296326,0.5441576242446899,-0.16251437366008759,0.44033563137054443,-0.6954035758972168
1.7436511516571045,0.6245470643043518,3.8819899559020996,0.07781687378883362,0.3890843689441681,0.3890843391418457,0.4598274528980255,-0.3535872995853424,0.6632722020149231,-0.4728686213493347
1.862201452255249,0.5913182497024536,3.9449996948242188,0.07916724681854248,0.39583620429039,0.3958362340927124,0.4730747640132904,-0.4880238175392151,0.27700120210647583,-0.6791931390762329
1.969756007194519,0.5611713528633118,4.002164840698242,0.06873602420091629,0.34368011355400085,0.34368011355400085,0.4782668650150299,-0.19106021523475647,0.56476891040802,-0.6448200345039368
2.135740041732788,0.5618226528167725,2.085745096206665,0.07838071137666702,0.3919035494327545,0.3919035792350769,0.09728880971670151,0.716700553894043,-0.6001983284950256,-0.34152188897132874
2.1470932960510254,0.5613818764686584,1.9553714990615845,0.06482834368944168,0.3241417407989502,0.3241417109966278,0.10576734691858292,-0.6335852146148682,0.7640214562416077,-0.06045076251029968
2.1586127281188965,0.5609345436096191,1.8230915069580078,0.07960469275712967,0.39802345633506775,0.39802345633506775,0.3596888482570648,0.6622440218925476,-0.6572195887565613,-0.010918076150119305
2.1710357666015625,0.5604521036148071,1.6804336309432983,0.06518232077360153,0.32591161131858826,0.32591158151626587,0.13201777637004852,-0.735060453414917,0.6371827125549316,0.19040915369987488
2.1777877807617188,0.560189962387085,1.6028993129730225,0.0807783454656601,0.4038917124271393,0.40389177203178406,0.07215841114521027,0.6424766778945923,-0.7411249876022339,0.1809714436531067
-0.4233006238937378,0.37788155674934387,2.169842004776001,0.07705843448638916,0.3852922022342682,0.3852921724319458,0.5253117084503174,-0.5501691102981567,-0.39200595021247864,0.5173904895782471
-0.4888492822647095,0.39886921644210815,2.2626171112060547,0.07340721040964127,0.36703604459762573,0.36703604459762573,0.6736055016517639,-0.1279924511909485,-0.285934180021286,0.6694140434265137
-0.5571086406707764,0.41944223642349243,2.3550643920898438,0.07791842520236969,0.38959208130836487,0.38959208130836487,0.6888371109962463,-0.4392971694469452,0.032160837203264236,0.5757491588592529
-0.6362106800079346,0.4383566975593567,2.4462010860443115,0.06922949850559235,0.34614747762680054,0.34614747762680054,0.5722370147705078,-0.4451470673084259,-0.48924288153648376,0.4847993850708008
-0.7342875003814697,0.45436856150627136,2.535043716430664,0.08465465903282166,0.4232732355594635,0.4232732653617859,0.6236933469772339,-0.24856284260749817,-0.27350616455078125,0.6887797117233276
-0.8399748802185059,0.46820327639579773,2.61094069480896,0.08882960677146912,0.4441480338573456,0.4441480338573456,0.6231012344360352,-0.6613960862159729,-0.20995421707630157,0.360859215259552
-0.940559446811676,0.47975462675094604,2.6687703132629395,0.06751617044210434,0.3375808596611023,0.3375808596611023,0.47555026412010193,-0.2785950303077698,-0.6527069211006165,0.5198177099227905
-1.042149305343628,0.486531525850296,2.715843677520752,0.07962904125452042,0.39814522862434387,0.39814522862434387,0.5990899801254272,-0.4340517818927765,-0.20927563309669495,0.6394481658935547
-1.1508527994155884,0.4860428273677826,2.7594728469848633,0.07016246765851974,0.3508123457431793,0.35081231594085693,0.40205737948417664,-0.6253435611724854,-0.4809328615665436,0.4647567868232727
-1.272778034210205,0.4757973551750183,2.806968927383423,0.07836461812257767,0.3918231129646301,0.39182308316230774,0.4069691002368927,-0.268968403339386,-0.5458902716636658,0.6812018752098083
-1.3922603130340576,0.45238640904426575,2.8547303676605225,0.08353997021913528,0.4176998436450958,0.4176998436450958,0.4962961971759796,-0.4776960611343384,-0.31979259848594666,0.650560736656189
-1.4969227313995361,0.41848549246788025,2.8945837020874023,0.07237651944160461,0.3618825674057007,0.3618825674057007,0.26059672236442566,-0.5023574233055115,-0.6015509366989136,0.5637931823730469
-1.5978062152862549,0.38072967529296875,2.926983594894409,0.06961013376712799,0.34805068373680115,0.34805068373680115,0.3383130431175232,-0.20001813769340515,-0.5441136956214905,0.7412673234939575
-1.705951452255249,0.34575408697128296,2.952385902404785,0.07221317291259766,0.3610658645629883,0.3610658347606659,0.5065181255340576,-0.579581081867218,-0.38335928320884705,0.5104515552520752
-1.8323988914489746,0.320193886756897,2.971245050430298,0.08121293783187866,0.4060646593570709,0.4060646593570709,0.20627781748771667,-0.5093212127685547,-0.7234557271003723,0.4179151952266693
-1.963021159172058,0.3077864646911621,2.9857771396636963,0.06699717044830322,0.3349858522415161,0.3349858820438385,0.6080860495567322,-0.2894875705242157,-0.4386424720287323,0.5949966907501221
-2.08124041557312,0.3053419589996338,2.9946367740631104,0.07773429155349731,0.3886714577674866,0.38867148756980896,0.38034766912460327,-0.8002939224243164,-0.38335955142974854,0.2605777978897095
-2.1944222450256348,0.309104859828949,2.992938280105591,0.0727248564362526,0.3636242747306824,0.36362430453300476,0.3207184970378876,-0.384176641702652,-0.7420493960380554,0.44599398970603943
-2.309931755065918,0.3153194785118103,2.9757957458496094,0.06934956461191177,0.3467477858066559,0.34674781560897827,0.6075848340988159,-0.5782183408737183,-0.44545677304267883,0.31316518783569336
-2.4351348876953125,0.32023027539253235,2.9383227825164795,0.07259109616279602,0.3629555106163025,0.3629555106163025,0.12381209433078766,-0.7412319779396057,-0.6080949306488037,0.25586381554603577
-2.551691770553589,0.32378286123275757,2.8822686672210693,0.07699175924062729,0.38495880365371704,0.38495880365371704,0.22633011639118195,-0.6006287336349487,-0.5861374735832214,0.49443164467811584
-2.644893169403076,0.3282585144042969,2.8145334720611572,0.07041367143392563,0.35206839442253113,0.3520684242248535,0.46040013432502747,-0.7101359367370605,-0.5326347351074219,0.006233661901205778
-2.727551221847534,0.33340543508529663,2.737959384918213,0.07368595898151398,0.3684298098087311,0.3684298098087311,0.10759885609149933,0.6943916082382202,0.6849454045295715,-0.19259436428546906
-2.8124780654907227,0.3389715850353241,2.6553874015808105,0.07026708871126175,0.35133546590805054,0.35133543610572815,0.3452944755554199,-0.6213061213493347,-0.49839016795158386,0.49634426832199097
-2.912485122680664,0.3447050154209137,2.569659948348999,0.061768095940351486,0.30884048342704773,0.30884048342704773,0.2766972780227661,-0.7855598330497742,-0.5462626814842224,0.08905835449695587
-0.7342875003814697,0.45436856150627136,2.535043716430664,0.0713673084974289,0.35683655738830566,0.35683655738830566,0.7595776915550232,-0.36754319071769714,-0.3839760720729828,0.3748548626899719
-0.774340808391571,0.5034739971160889,2.633849859237671,0.07213174551725388,0.3606587052345276,0.3606587052345276,0.9404854774475098,-0.13845810294151306,0.0526636503636837,0.30584797263145447
-0.8116596341133118,0.5509525537490845,2.730910301208496,0.08882217854261398,0.4441108703613281,0.44411084055900574,0.7285082340240479,-0.5854164958000183,-0.049201030284166336,0.3523387312889099
-0.8509997725486755,0.5996336936950684,2.829261064529419,0.0736832469701767,0.3684162199497223,0.3684162199497223,0.7982170581817627,-0.2767757177352905,-0.28941476345062256,0.4499821066856384
-0.8971168994903564,0.6523468494415283,2.9319372177124023,0.07046516984701157,0.3523258864879608,0.3523258566856384,0.9205157160758972,-0.28545284271240234,0.07130918651819229,0.25706496834754944
-0.9539459347724915,0.7115507125854492,3.0405611991882324,0.07273444533348083,0.3636721968650818,0.3636721968650818,0.650781512260437,-0.6229156851768494,-0.2596812844276428,0.3478866219520569
-1.0108933448791504,0.7719660401344299,3.1345250606536865,0.06914935261011124,0.345746785402298,0.345746785402298,0.8821531534194946,-0.2368072271347046,-0.24533814191818237,0.3248651325702667
-1.0664254426956177,0.8296193480491638,3.215444564819336,0.08633297681808472,0.43166491389274597,0.43166491389274597,0.7884407639503479,-0.5861854553222656,0.034535203129053116,0.1831805258989334
-1.1246533393859863,0.8827058672904968,3.2955594062805176,0.07740648835897446,0.3870324194431305,0.3870324194431305,0.7066810131072998,-0.34533658623695374,-0.5112041234970093,0.3464317321777344
-1.1896878480911255,0.9294205904006958,3.38710880279541,0.06786923110485077,0.33934614062309265,0.33934614062309265,0.8763002157211304,-0.2960479259490967,-0.058251138776540756,0.37558019161224365
-1.261735439300537,0.9655951261520386,3.4951906204223633,0.08110454678535461,0.40552273392677307,0.4055227041244507,0.6025596857070923,-0.5524750351905823,-0.35987338423728943,0.4496491551399231
-1.326391339302063,0.9823587536811829,3.5948381423950195,0.08349838107824326,0.4174918234348297,0.4174917936325073,0.6362807750701904,-0.07115362584590912,-0.28107398748397827,0.7148995995521545
-1.387012243270874,0.9874439239501953,3.688866376876831,0.06440507620573044,0.3220253884792328,0.3220253586769104,0.7164404988288879,-0.4238835275173187,-0.03786315768957138,0.552812933921814
-1.4496312141418457,0.9905517101287842,3.7847046852111816,0.07452985644340515,0.37264925241470337,0.37264925241470337,0.5759833455085754,-0.2722451090812683,-0.5437251925468445,0.5463413596153259
-1.5202808380126953,1.0013833045959473,3.889781951904297,0.06456708163022995,0.32283538579940796,0.32283538579940796,0.772922158241272,-0.13619019091129303,-0.08772972226142883,0.6134713292121887
-1.5952173471450806,1.0224813222885132,3.9977142810821533,0.06925757974386215,0.34628787636756897,0.34628787636756897,0.6306690573692322,-0.515484631061554,-0.1867300420999527,0.5492395162582397
-1.6618983745574951,1.0448040962219238,4.090986251831055,0.08346587419509888,0.417329341173172,0.417329341173172,0.6248673796653748,-0.17536546289920807,-0.49185416102409363,0.580402672290802
-1.7257812023162842,1.0684164762496948,4.1785383224487305,0.06594932079315186,0.3297465741634369,0.3297465443611145,0.8669376373291016,-0.2917160093784332,-0.03191757574677467,0.4028674364089966
-1.7927604913711548,1.093656063079834,4.2699432373046875,0.0789291262626648,0.394645631313324,0.394645631313324,0.5648659467697144,-0.5449601411819458,-0.4428875148296356,0.43335390090942383
-1.8605375289916992,1.1180344820022583,4.363378524780273,0.07665050029754639,0.38325247168540955,0.38325247168540955,0.7075680494308472,-0.09994484484195709,-0.24079421162605286,0.6567927002906799
-1.272778034210205,0.4757973551750183,2.806968927383423,0.07488209009170532,0.3744104504585266,0.3744104504585266,0.5453625321388245,-0.7818043828010559,-0.2942301034927368,0.06921134144067764
-1.379806399345398,0.5241938829421997,2.790034532546997,0.07072507590055466,0.3536253869533539,0.35362544655799866,0.2988564670085907,-0.5567587614059448,-0.7022335529327393,0.3279826045036316
-1.486221194267273,0.572972297668457,2.779613971710205,0.06713569164276123,0.33567842841148376,0.3356783986091614,0.6684350371360779,-0.5855310559272766,-0.23354877531528473,0.39471882581710815
-1.5935328006744385,0.6211925745010376,2.759672164916992,0.08337441086769104,0.4168721139431,0.41687214374542236,0.31491267681121826,-0.7906517386436462,-0.5212283134460449,0.06341028213500977
-1.7032519578933716,0.6679145097732544,2.714172840118408,0.06663329154253006,0.3331664502620697,0.3331664502620697,0.2823166251182556,-0.6248376369476318,-0.5055590867996216,0.5237224698066711
-1.806015968322754,0.7084958553314209,2.6406266689300537,0.06916747242212296,0.3458373546600342,0.3458373546600342,0.39694368839263916,-0.8164129853248596,-0.3979296088218689,0.13250510394573212
-1.88444185256958,0.7368726134300232,2.559269666671753,0.07903698831796646,0.3951849341392517,0.3951849937438965,0.07084234058856964,0.7014928460121155,0.7081859111785889,-0.03690262511372566
-1.9485774040222168,0.75746750831604,2.4673213958740234,0.07824622839689255,0.39123114943504333,0.39123114943504333,0.23007339239120483,-0.7923902273178101,-0.4974471628665924,0.26782509684562683
-2.0093963146209717,0.775038480758667,2.3610382080078125,0.07180509716272354,0.3590255379676819,0.35902559757232666,0.1473332792520523,-0.7529137134552002,-0.603883683681488,-0.21619050204753876
-2.0712335109710693,0.7918252944946289,2.242441177368164,0.07468846440315247,0.37344232201576233,0.3734423518180847,0.013118588365614414,0.653481125831604,0.7219099998474121,-0.22723619639873505
-2.1140475273132324,0.8006001710891724,2.1325690746307373,0.07821915298700333,0.39109575748443604,0.39109575748443604,0.3242356777191162,-0.7321627736091614,-0.5948587656021118,-0.07037006318569183
-2.1454732418060303,0.8043267726898193,2.0254709720611572,0.08204758912324905,0.4102379083633423,0.4102379381656647,0.18108320236206055,0.7102370262145996,0.6773435473442078,0.06307101994752884
-2.177178144454956,0.8074817657470703,1.9115267992019653,0.07677067071199417,0.38385334610939026,0.38385334610939026,0.07885979115962982,-0.7794459462165833,-0.585349440574646,0.20883294939994812
-2.2037408351898193,0.8113938570022583,1.8284302949905396,0.06383324414491653,0.31916624307632446,0.31916624307632446,0.18184803426265717,-0.8027595281600952,-0.521390438079834,-0.22507886588573456
-1.2486258745193481,0.9985519647598267,3.4683339595794678,0.08103866130113602,0.4051932990550995,0.4051932692527771,0.7206506729125977,-0.576089084148407,-0.33556053042411804,0.19021852314472198
-1.2928204536437988,1.08564293384552,3.537081718444824,0.06919877231121063,0.34599387645721436,0.34599387645721436,0.8818995952606201,-0.3864888846874237,-0.007828705944120884,0.26984843611717224
-1.3375370502471924,1.1734358072280884,3.604617118835449,0.07635535299777985,0.38177675008773804,0.38177675008773804,0.7079063653945923,-0.691219687461853,-0.13957302272319794,0.04004177078604698
-1.3890564441680908,1.2703781127929688,3.656358242034912,0.06739666312932968,0.3369832932949066,0.3369832932949066,0.7243750095367432,-0.49851229786872864,-0.3053242266178131,0.36543601751327515
-1.453295350074768,1.3842933177947998,3.677741289138794,0.08342031389474869,0.41710156202316284,0.41710159182548523,0.6771263480186462,-0.7294366359710693,-0.04479501023888588,0.08611355721950531
-1.516032338142395,1.4895251989364624,3.6613240242004395,0.06566128879785538,0.3283064663410187,0.3283064663410187,0.33425799012184143,-0.8426010012626648,-0.4127173125743866,0.08921631425619125
-1.5718551874160767,1.5784754753112793,3.617687702178955,0.06513872742652893,0.32569366693496704,0.32569366693496704,0.6525943875312805,-0.6973148584365845,-0.2645643651485443,0.13370956480503082
-1.627241611480713,1.6644437313079834,3.5602216720581055,0.07882224768400192,0.3941112458705902,0.3941112458705902,0.22325539588928223,-0.9258004426956177,-0.28390076756477356,-0.11158400028944016
-1.6886699199676514,1.7607295513153076,3.5023136138916016,0.07229391485452652,0.3614695966243744,0.3614696264266968,0.4487378001213074,-0.7584322094917297,-0.32908037304878235,0.33929499983787537
-1.7058696746826172,1.7881957292556763,3.489237070083618,0.07847950607538223,0.39239755272865295,0.39239755272865295,0.58771812915802,-0.8086606860160828,-0.02259272150695324,0.012035754509270191
-2.047339916229248,0.7923900485038757,2.2437169551849365,0.0797496810555458,0.3987484574317932,0.3987484872341156,0.3141549527645111,0.8709850311279297,0.3763241469860077,0.03274106979370117
-2.0638368129730225,0.8085740804672241,2.1311824321746826,0.07637704163789749,0.38188523054122925,0.38188520073890686,0.22633284330368042,-0.8320208191871643,-0.4704456329345703,0.18760506808757782
-2.0802853107452393,0.8247107267379761,2.0189785957336426,0.07511510699987411,0.37557557225227356,0.37557557225227356,0.04189786687493324,0.9183602929115295,0.3204382658004761,0.22842571139335632
-2.0974326133728027,0.8415329456329346,1.9020071029663086,0.06269736588001251,0.31348684430122375,0.31348684430122375,0.16043542325496674,0.8912224173545837,0.37302178144454956,-0.2020835280418396
-2.116025924682617,0.8597737550735474,1.7751715183258057,0.07073100656270981,0.353655070066452,0.353655070066452,0.16317805647850037,-0.9510822892189026,-0.2613109350204468,0.023065583780407906
-2.1223955154418945,0.8660224080085754,1.731722354888916,0.06650061905384064,0.33250313997268677,0.3325031101703644,0.12636083364486694,0.9238693714141846,0.3311197757720947,0.14442314207553864
-1.458251714706421,1.374865174293518,3.680860996246338,0.06541921198368073,0.32709604501724243,0.32709604501724243,0.5732789039611816,-0.36848995089530945,-0.5401474833488464,0.4937684237957001
-1.5576962232589722,1.4299219846725464,3.7057251930236816,0.07327757775783539,0.36638790369033813,0.36638790369033813,0.731026828289032,-0.6307183504104614,-0.11915590614080429,0.2315082550048828
-1.6552375555038452,1.4839249849319458,3.7301127910614014,0.08276393264532089,0.41381970047950745,0.41381970047950745,0.42692503333091736,-0.6877740621566772,-0.4537995755672455,0.37251558899879456
-1.7559425830841064,1.539679765701294,3.75529146194458,0.06949419528245926,0.3474709391593933,0.3474709391593933,0.741193413734436,-0.3470255434513092,-0.3198915719985962,0.4773624837398529
-1.8648782968521118,1.5999914407730103,3.7825284004211426,0.06903879344463348,0.345194011926651,0.3451939821243286,0.6050598621368408,-0.7120084166526794,-0.30234646797180176,0.18850260972976685
-1.9149035215377808,1.6276875734329224,3.7950360774993896,0.08045723289251328,0.402286171913147,0.40228620171546936,0.4276132583618164,-0.5173795819282532,-0.5201782584190369,0.5280906558036804
0.3424965739250183,-0.48507142066955566,2.1996705532073975,0.08120511472225189,0.4060255289077759,0.4060255289077759,0.014264068566262722,-0.14725716412067413,-0.321846604347229,0.935161292552948
0.3286474049091339,-0.5576388239860535,2.2601821422576904,0.07891242206096649,0.39456215500831604,0.39456215500831604,0.19265116751194,-0.09193932265043259,-0.6777698397636414,0.7036054730415344
0.3156394958496094,-0.6303901672363281,2.3212833404541016,0.07901763170957565,0.39508816599845886,0.39508816599845886,0.04742521420121193,0.11818183213472366,-0.4150392711162567,0.9008475542068481
0.3083583414554596,-0.7043936252593994,2.386399507522583,0.0720035582780838,0.3600177764892578,0.3600177466869354,0.048959881067276,-0.24820950627326965,-0.4600130021572113,0.8511069416999817
0.31168946623802185,-0.7807173132896423,2.458955764770508,0.07890871167182922,0.3945435583591461,0.39454352855682373,0.06930575519800186,-0.22738023102283478,0.6272290945053101,-0.7416728734970093
0.32938167452812195,-0.8571473360061646,2.5393524169921875,0.08784215152263641,0.43921080231666565,0.43921077251434326,0.19493666291236877,-0.04049224406480789,0.29692697525024414,-0.93391352891922
0.3572458028793335,-0.9188225865364075,2.6139919757843018,0.08277372270822525,0.41386863589286804,0.41386863589286804,0.22660259902477264,0.01905662566423416,0.5881295204162598,-0.776138961315155
0.39243465662002563,-0.9702354073524475,2.6835780143737793,0.08477054536342621,0.42385271191596985,0.42385271191596985,0.425858736038208,-0.310510516166687,0.4020898640155792,-0.7486997246742249
0.43282368779182434,-1.0190075635910034,2.751460075378418,0.08762045949697495,0.4381023049354553,0.4381023049354553,0.40516233444213867,0.08062700927257538,0.2132093757390976,-0.885372519493103
0.47628819942474365,-1.0727614164352417,2.820988178253174,0.07154621928930283,0.35773104429244995,0.35773107409477234,0.2631781995296478,-0.08624950796365738,0.638561487197876,-0.7180094122886658
0.5207056403160095,-1.1390979290008545,2.895503520965576,0.08015484362840652,0.400774210691452,0.400774210691452,0.4042595624923706,-0.28675562143325806,0.40089452266693115,-0.7704732418060303
0.5658666491508484,-1.2056316137313843,2.9702343940734863,0.08766866475343704,0.43834325671195984,0.4383430778980255,0.16877184808254242,0.019809022545814514,0.3819214105606079,-0.9084380269050598
0.6110324859619141,-1.263169527053833,3.038869857788086,0.06956735998392105,0.34783679246902466,0.34783682227134705,0.1702781319618225,-0.3150407671928406,0.5914943814277649,-0.7224188446998596
0.6536474227905273,-1.3204402923583984,3.101088285446167,0.07701607048511505,0.38508039712905884,0.38508039712905884,0.32450932264328003,-0.15018555521965027,0.2828381657600403,-0.8900228142738342
0.6911557912826538,-1.3861725330352783,3.156567096710205,0.07688834518194199,0.38444170355796814,0.38444167375564575,0.10197854787111282,0.06625671684741974,0.6683861017227173,-0.7338054776191711
0.7210017442703247,-1.4690947532653809,3.2049849033355713,0.07409127801656723,0.37045639753341675,0.37045639753341675,0.1327209770679474,-0.37748515605926514,0.598518967628479,-0.6940209865570068
0.7385696768760681,-1.5717524290084839,3.245084762573242,0.07884421199560165,0.39422106742858887,0.3942210376262665,0.02456492744386196,0.1960437148809433,0.43882206082344055,-0.8765835165977478
0.7359312772750854,-1.6703987121582031,3.27213191986084,0.0807480588555336,0.403740257024765,0.40374019742012024,0.06461496651172638,-0.06963557749986649,-0.8177347779273987,0.567702054977417
0.7207785844802856,-1.7650643587112427,3.2856926918029785,0.06540314108133316,0.32701563835144043,0.3270156681537628,0.04641880840063095,-0.029165059328079224,0.684602677822113,-0.7268520593643188
0.7025927305221558,-1.8597691059112549,3.285977840423584,0.07770614326000214,0.3885307013988495,0.3885306715965271,0.17146146297454834,-0.303588330745697,-0.6994684338569641,0.6238421201705933
0.6908544898033142,-1.9585330486297607,3.2731971740722656,0.06452205777168274,0.32261019945144653,0.3226102292537689,0.06306760013103485,-0.11880132555961609,0.9374437928199768,-0.3211040496826172
0.6950098276138306,-2.0652859210968018,3.247560501098633,0.0675835832953453,0.33791792392730713,0.3379179537296295,0.10925617069005966,-0.031601909548044205,0.7490375638008118,-0.6526922583580017
0.71339350938797,-2.162156105041504,3.209348201751709,0.06609468162059784,0.3304733633995056,0.3304733633995056,0.1690521240234375,0.030711207538843155,-0.9375558495521545,0.3024355471134186
0.7387193441390991,-2.2399001121520996,3.160623550415039,0.07733672857284546,0.3866835832595825,0.3866836428642273,0.3248259723186493,-0.19903187453746796,0.8886991143226624,-0.25512394309043884
0.7689944505691528,-2.3077943325042725,3.1041386127471924,0.06332876533269882,0.3166438341140747,0.3166438341140747,0.09464617818593979,-0.0335707850754261,0.8252728581428528,-0.5557335615158081
0.8022255897521973,-2.3751158714294434,3.042644500732422,0.0674828514456749,0.33741405606269836,0.3374142348766327,0.07932981103658676,0.08330828696489334,-0.9891764521598816,0.09108487516641617
0.8364195823669434,-2.451140880584717,2.978893518447876,0.07591787725687027,0.37958937883377075,0.37958937883377075,0.2930939495563507,-0.32770395278930664,0.8229619264602661,-0.3597773611545563
0.8504927754402161,-2.4876344203948975,2.9522898197174072,0.0762910321354866,0.38145512342453003,0.38145512342453003,0.051932718604803085,-0.0018544821068644524,-0.8653388619422913,0.4984859526157379
0.2974933385848999,-0.8638395071029663,2.5084140300750732,0.08604701608419418,0.4302351772785187,0.4302351176738739,0.1751416027545929,-0.048837874084711075,-0.8421659469604492,0.5076384544372559
0.25614309310913086,-0.9475368857383728,2.5337958335876465,0.08371473103761673,0.41857364773750305,0.4185735881328583,0.24012167751789093,-0.021335989236831665,-0.4343924820423126,0.8678649663925171
0.21452927589416504,-1.0296099185943604,2.561306953430176,0.06858731806278229,0.34293654561042786,0.34293654561042786,0.323535293340683,-0.3118535280227661,-0.7662749886512756,0.45923295617103577
0.17324671149253845,-1.1137239933013916,2.5861425399780273,0.08536559343338013,0.42682796716690063,0.42682793736457825,0.014774071983993053,0.14071837067604065,-0.6507712006568909,0.7459737658500671
0.13289016485214233,-1.2035441398620605,2.60349702835083,0.08072695881128311,0.4036347568035126,0.4036347568035126,0.3472473621368408,-0.2833496034145355,-0.5971333384513855,0.6652548909187317
0.0940544530749321,-1.3027355670928955,2.6085662841796875,0.08302569389343262,0.41512835025787354,0.4151284396648407,0.008060435764491558,0.08949010819196701,0.8821547031402588,-0.4623090922832489
0.05829766392707825,-1.4089620113372803,2.59904146194458,0.07252031564712524,0.36260154843330383,0.36260154843330383,0.08201751857995987,-0.0666838064789772,-0.6912334561347961,0.7148585319519043
0.029037144035100937,-1.5047138929367065,2.581064224243164,0.07181726396083832,0.3590863049030304,0.3590863347053528,0.24404993653297424,-0.3070562183856964,-0.8588042855262756,0.32956230640411377
0.00576986838132143,-1.5926389694213867,2.5549325942993164,0.07663373649120331,0.38316869735717773,0.38316869735717773,0.18470770120620728,-0.03685375675559044,0.8745303153991699,-0.44690218567848206
-0.012350411154329777,-1.677347183227539,2.520233392715454,0.07011279463768005,0.35056397318840027,0.35056400299072266,0.0699445977807045,-0.22473067045211792,-0.7411164045333862,0.6287688612937927
-0.026169948279857635,-1.7634485960006714,2.476553440093994,0.0712222084403038,0.3561110198497772,0.3561110496520996,0.08247607201337814,-0.15088771283626556,-0.9654112458229065,0.19598934054374695
-0.03653499111533165,-1.855553388595581,2.4234793186187744,0.07993444055318832,0.3996722102165222,0.3996722102165222,0.26218166947364807,-0.047149233520030975,0.8460161089897156,-0.46183812618255615
-0.04298364371061325,-1.9506765604019165,2.3648393154144287,0.0697941780090332,0.34897086024284363,0.348970890045166,0.1218675822019577,-0.16939890384674072,-0.8413529992103577,0.49857544898986816
-0.04333611950278282,-2.0344412326812744,2.3084328174591064,0.08185093849897385,0.40925467014312744,0.40925467014312744,0.02689555287361145,-0.014525222592055798,0.9831724762916565,-0.18010419607162476
-0.038465242832899094,-2.1088857650756836,2.250692129135132,0.07304646074771881,0.36523234844207764,0.36523234844207764,0.23100468516349792,-0.11185440421104431,0.8051156401634216,-0.5347094535827637
-0.029378321021795273,-2.176802158355713,2.1875813007354736,0.06548979133367538,0.3274489641189575,0.3274489641189575,0.25967833399772644,-0.1213209331035614,-0.9185625314712524,0.27219706773757935
-0.01708265393972397,-2.2409825325012207,2.1150641441345215,0.0813107043504715,0.4065535068511963,0.4065535366535187,0.1223682165145874,-0.2867821455001831,0.945655107498169,-0.09229468554258347
-0.002585554262623191,-2.3042192459106445,2.0291059017181396,0.07748082280158997,0.38740408420562744,0.3874041438102722,0.030953995883464813,0.015491431578993797,0.8751564621925354,-0.48260027170181274
0.013315890915691853,-2.359764814376831,1.9357904195785522,0.06277043372392654,0.31385213136672974,0.3138521611690521,0.07275661081075668,0.009994499385356903,-0.9971787333488464,0.015527205541729927
0.030502114444971085,-2.397623300552368,1.8473180532455444,0.07674282044172287,0.38371405005455017,0.38371410965919495,0.30501464009284973,-0.39090269804000854,0.8683152794837952,-0.01377530861645937
0.04891554266214371,-2.4240996837615967,1.7604563236236572,0.06789743900299072,0.3394870460033417,0.3394871950149536,0.03801271319389343,0.17486634850502014,-0.9545541405677795,0.23833419382572174
0.068496935069561,-2.445685863494873,1.6717818975448608,0.08173278719186783,0.40866392850875854,0.40866392850875854,0.10672783851623535,0.4506534934043884,-0.8589062094688416,-0.2186337560415268
0.08918705582618713,-2.4688758850097656,1.5778722763061523,0.07451817393302917,0.37259072065353394,0.37259089946746826,0.2201797217130661,-0.28650951385498047,0.9179609417915344,-0.16364862024784088
0.11092665046453476,-2.500162124633789,1.475304126739502,0.061521757394075394,0.3076087534427643,0.30760881304740906,0.2846570312976837,0.2649833559989929,-0.9144522547721863,0.11194345355033875
0.7619040608406067,-1.5368996858596802,3.2635304927825928,0.08527921885251999,0.42639610171318054,0.42639610171318054,0.35804295539855957,-0.43113359808921814,0.352244108915329,-0.7495686411857605
0.8175044655799866,-1.5699537992477417,3.3391265869140625,0.07938959449529648,0.396947979927063,0.396947979927063,0.3993227779865265,0.05760011821985245,0.2332906723022461,-0.8847593069076538
0.8730352520942688,-1.5993057489395142,3.416780471801758,0.08179716020822525,0.40898582339286804,0.40898585319519043,0.45033136010169983,-0.28702038526535034,0.589233934879303,-0.606320321559906
0.9286407232284546,-1.6326314210891724,3.492225170135498,0.08448121696710587,0.42240607738494873,0.42240607738494873,0.5145376324653625,-0.2937162220478058,0.2562697231769562,-0.7637457847595215
0.9844653010368347,-1.6776069402694702,3.561195135116577,0.07534616440534592,0.3767308294773102,0.3767308294773102,0.2109440118074417,-0.013942370191216469,0.5029240846633911,-0.838078498840332
1.0406533479690552,-1.741908311843872,3.6194231510162354,0.06492592394351959,0.32462960481643677,0.32462960481643677,0.28290048241615295,-0.39790019392967224,0.6630777716636658,-0.5674245953559875
1.0953818559646606,-1.829527735710144,3.6614465713500977,0.07482148706912994,0.37410739064216614,0.37410736083984375,0.10500657558441162,-0.17742054164409637,0.5130305290222168,-0.8332437872886658
1.1362624168395996,-1.9194519519805908,3.6784467697143555,0.0813489630818367,0.40674468874931335,0.4067447781562805,0.05478832125663757,0.09716036170721054,-0.8840928077697754,0.4538038372993469
1.1653515100479126,-2.008848190307617,3.6756038665771484,0.06962110102176666,0.34810543060302734,0.34810543060302734,0.28517860174179077,-0.26425471901893616,0.689729630947113,-0.6108319163322449
1.187808871269226,-2.0999579429626465,3.6604177951812744,0.06287167221307755,0.3143583834171295,0.31435835361480713,0.15088409185409546,0.0392468236386776,-0.7833359837532043,0.6017295122146606
1.2087945938110352,-2.19502329826355,3.6403913497924805,0.06754857301712036,0.33774274587631226,0.3377428650856018,0.16143342852592468,-0.2293066382408142,0.9045685529708862,-0.3211129605770111
1.2334686517715454,-2.296285629272461,3.6230249404907227,0.08279981464147568,0.4139990508556366,0.4139990210533142,0.08943792432546616,-0.1090274229645729,0.602798581123352,-0.7853329181671143
1.253665566444397,-2.365656852722168,3.616757392883301,0.0708950012922287,0.3544749617576599,0.3544749915599823,0.06745044142007828,-0.06999027729034424,-0.9110152125358582,0.4007532596588135
-0.05645855516195297,-1.9217854738235474,2.350764036178589,0.07763499766588211,0.3881749212741852,0.38817495107650757,0.18720801174640656,0.03470408543944359,0.9393339157104492,-0.28530797362327576
-0.08153059333562851,-1.9811238050460815,2.2788283824920654,0.07353623956441879,0.36768120527267456,0.36768120527267456,0.28564828634262085,-0.2289671003818512,-0.8607692718505859,0.35363173484802246
-0.10684627294540405,-2.040971040725708,2.2077012062072754,0.06584685295820236,0.32923421263694763,0.32923421263694763,0.04223226010799408,0.24043868482112885,0.9656668901443481,-0.08884339779615402
-0.13076159358024597,-2.097893238067627,2.131927251815796,0.08070845901966095,0.4035422205924988,0.40354225039482117,0.039720531553030014,0.08083365857601166,0.8904731273651123,-0.4460335075855255
-0.15163253247737885,-2.1484570503234863,2.046051502227783,0.06365533173084259,0.31827661395072937,0.31827664375305176,0.2366148680448532,-0.22968442738056183,-0.9439008831977844,0.01759522221982479
-0.1678125262260437,-2.189221143722534,1.9446443319320679,0.0839814841747284,0.4199073910713196,0.4199073910713196,0.3319808542728424,0.20483939349651337,0.9192425012588501,0.05312972143292427
-0.17658178508281708,-2.213512659072876,1.840753436088562,0.0646330788731575,0.3231653869152069,0.3231654167175293,0.06682290881872177,-0.2217741459608078,-0.9315717220306396,0.2802232801914215
-0.1782674342393875,-2.2215843200683594,1.745072603225708,0.06336060911417007,0.3168030083179474,0.3168030381202698,0.23783957958221436,0.268827348947525,-0.8958224654197693,-0.2620426118373871
-0.1754140853881836,-2.2193586826324463,1.6524969339370728,0.06753213703632355,0.33766067028045654,0.33766067028045654,0.1034572571516037,-0.8710364699363708,0.35610976815223694,0.32214581966400146
-0.1705663800239563,-2.2127599716186523,1.557921051979065,0.0743151530623436,0.37157583236694336,0.37157583236694336,0.016821160912513733,-0.928911566734314,0.3234880864620209,-0.17943213880062103
-0.16626888513565063,-2.207711935043335,1.456239938735962,0.07410535961389542,0.37052688002586365,0.37052690982818604,0.2934453785419464,0.8639829158782959,-0.34731775522232056,-0.21631841361522675
-0.16495899856090546,-2.2081902027130127,1.3803577423095703,0.07717925310134888,0.385896235704422,0.3858962655067444,0.15703418850898743,-0.014743245206773281,0.9714450836181641,-0.17724959552288055
-0.006038434337824583,-2.3255133628845215,1.9334239959716797,0.0627652257680893,0.3138261139392853,0.3138261139392853,0.21420550346374512,-0.2885865271091461,-0.9260615110397339,-0.11508211493492126
-0.011893500573933125,-2.340501308441162,1.840518832206726,0.07363701611757278,0.3681849539279938,0.36818501353263855,0.25836366415023804,0.05234895646572113,0.957966685295105,0.11317070573568344
-0.01775703765451908,-2.355510711669922,1.7474795579910278,0.06439828872680664,0.3219914138317108,0.3219914138317108,0.1538441926240921,-0.10714369267225266,-0.9706637859344482,0.15054582059383392
-0.023837655782699585,-2.3710758686065674,1.6509956121444702,0.07339663803577423,0.36698317527770996,0.36698317527770996,0.012012258172035217,0.2512432038784027,0.9424823522567749,0.22013530135154724
-0.030343957245349884,-2.387730836868286,1.5477572679519653,0.06665968894958496,0.33329838514328003,0.33329838514328003,0.16946657001972198,0.19348196685314178,0.9594152569770813,-0.11562042683362961
-0.03480210155248642,-2.3991427421569824,1.477017879486084,0.06508129090070724,0.32540643215179443,0.3254064619541168,0.25034594535827637,-0.22719378769397736,-0.9410774111747742,0.009123538620769978
1.1042228937149048,-1.8032337427139282,3.671323776245117,0.08367912471294403,0.4183955788612366,0.41839560866355896,0.42873746156692505,-0.5130348205566406,0.5771657824516296,-0.46889135241508484
1.174089789390564,-1.8359075784683228,3.727264881134033,0.06989285349845886,0.3494642972946167,0.3494642674922943,0.5583758354187012,-0.24523846805095673,0.2916802167892456,-0.7368834018707275
1.2429769039154053,-1.8681232929229736,3.782421588897705,0.06343884021043777,0.3171941339969635,0.3171941339969635,0.37050336599349976,-0.09859316796064377,0.6477648615837097,-0.6583368182182312
1.3132864236831665,-1.9010040760040283,3.838717222213745,0.0640939325094223,0.32046958804130554,0.32046958804130554,0.4000551998615265,-0.5175299644470215,0.37722939252853394,-0.6556038856506348
1.3874216079711914,-1.9356739521026611,3.898076057434082,0.08113905042409897,0.4056952893733978,0.4056952893733978,0.34137752652168274,-0.11368132382631302,0.3642975986003876,-0.8589675426483154
1.467785358428955,-1.9732567071914673,3.9624216556549072,0.07300856709480286,0.3650428354740143,0.3650428056716919,0.3889436423778534,-0.3993571698665619,0.6852437853813171,-0.46869784593582153
1.4788970947265625,-1.9784531593322754,3.9713187217712402,0.06289661675691605,0.31448307633399963,0.31448307633399963,0.6045567989349365,-0.3438704311847687,0.2575744688510895,-0.670760452747345
0.2344227284193039,0.6457056999206543,2.172001600265503,0.07718296349048615,0.3859148323535919,0.3859148323535919,0.831596314907074,-0.3487478792667389,0.38935962319374084,-0.18767403066158295
0.2513781785964966,0.6856006979942322,2.20816707611084,0.08120445162057877,0.40602225065231323,0.40602222084999084,0.6889474987983704,-0.7203162908554077,0.04210735484957695,-0.06872202455997467
0.26787394285202026,0.7246867418289185,2.2442421913146973,0.06783848255872726,0.3391924202442169,0.3391924202442169,0.9493585228919983,-0.311985045671463,-0.0038836488965898752,-0.03699531778693199
0.28425124287605286,0.7635643482208252,2.2802934646606445,0.06952115893363953,0.34760579466819763,0.34760582447052,0.7340258955955505,-0.504612386226654,0.3385673761367798,-0.3032233715057373
0.3008512258529663,0.8028337955474854,2.3163888454437256,0.07601356506347656,0.38006776571273804,0.38006776571273804,0.7889423370361328,-0.5980687737464905,-0.0910358726978302,-0.1076856479048729
0.3180151581764221,0.8430955410003662,2.352595806121826,0.08986997604370117,0.44934988021850586,0.44934988021850586,0.9253643155097961,-0.2541697919368744,0.18467563390731812,-0.21211662888526917
0.33608412742614746,0.8849499225616455,2.388981342315674,0.08685807138681412,0.4342903792858124,0.4342903792858124,0.635352373123169,-0.7128915786743164,0.2750822901725769,-0.11154686659574509
0.3553994297981262,0.9289975166320801,2.4256129264831543,0.0863720178604126,0.431860089302063,0.431860089302063,0.8691003918647766,-0.4671848714351654,-0.16248925030231476,0.0003445774200372398
0.37630224227905273,0.9758385419845581,2.462557792663574,0.0805189311504364,0.402594655752182,0.402594655752182,0.8040236830711365,-0.3494150638580322,0.32973921298980713,-0.3503243029117584
0.3991337716579437,1.0260734558105469,2.4998831748962402,0.08117163181304932,0.40585818886756897,0.4058581590652466,0.6734588742256165,-0.728496789932251,0.04544923081994057,-0.11696094274520874
0.42343831062316895,1.075782060623169,2.537172555923462,0.07702179998159409,0.38510897755622864,0.385109007358551,0.9306986927986145,-0.3240812122821808,0.026675866916775703,-0.16751031577587128
0.44820159673690796,1.1208186149597168,2.5735769271850586,0.07383409142494202,0.3691704273223877,0.3691704273223877,0.6874709129333496,-0.5536574125289917,0.39726001024246216,-0.25106117129325867
0.47310882806777954,1.162667155265808,2.6086223125457764,0.07412873953580856,0.3706437051296234,0.370643675327301,0.7849569320678711,-0.6134397983551025,0.0038756723515689373,-0.08671334385871887
0.4978465437889099,1.2028214931488037,2.6418347358703613,0.07485881447792053,0.37429410219192505,0.37429410219192505,0.866202712059021,-0.2883351743221283,0.18598854541778564,-0.3632683753967285
0.5221015214920044,1.2427747249603271,2.6727404594421387,0.06945793330669403,0.34728971123695374,0.34728971123695374,0.574525773525238,-0.7548641562461853,0.18871840834617615,-0.25394031405448914
0.5455601811408997,1.2840205430984497,2.7008655071258545,0.07940059155225754,0.3970029652118683,0.3970029950141907,0.8746376633644104,-0.3961223065853119,-0.11153869330883026,-0.25623252987861633
0.5679092407226562,1.3280521631240845,2.725736379623413,0.08419708907604218,0.4209854006767273,0.4209854006767273,0.6008360981941223,-0.6451498866081238,0.3068152964115143,-0.35866689682006836
0.5888352394104004,1.3763630390167236,2.7468791007995605,0.07406411319971085,0.3703206181526184,0.3703206181526184,0.7200391292572021,-0.6844501495361328,-0.08491305261850357,-0.07655998319387436
0.6080248355865479,1.4304466247558594,2.763819932937622,0.0866822898387909,0.43341147899627686,0.43341144919395447,0.823796808719635,-0.47467800974845886,0.28569599986076355,-0.12007270753383636
0.6251646280288696,1.4917962551116943,2.776085376739502,0.06653738021850586,0.3326869308948517,0.3326869308948517,0.39430129528045654,-0.9053072929382324,0.09136424213647842,-0.12883202731609344
0.6384091377258301,1.5562248229980469,2.783202886581421,0.06978681683540344,0.3489341735839844,0.3489341735839844,0.7714737057685852,-0.6298729777336121,-0.06610774993896484,0.06097551807761192
0.6462247967720032,1.6169936656951904,2.7851784229278564,0.07033200562000275,0.3516600728034973,0.3516600728034973,0.622994601726532,-0.7248518466949463,0.28535693883895874,-0.07098513096570969
0.6497275233268738,1.674843668937683,2.7823150157928467,0.08655858039855957,0.4327929615974426,0.43279293179512024,0.40119534730911255,-0.9055715799331665,-0.11755144596099854,0.0718618854880333
0.6500471234321594,1.7305620908737183,2.774916410446167,0.08605654537677765,0.43028274178504944,0.43028274178504944,0.6970366835594177,-0.7162569165229797,-0.03319737687706947,-0.0037303424905985594
0.6483137607574463,1.7849359512329102,2.76328706741333,0.08435439318418503,0.4217720329761505,0.4217720627784729,0.33685246109962463,-0.9083369970321655,0.22922416031360626,-0.09439629316329956
0.6456573009490967,1.8387525081634521,2.7477312088012695,0.07476627081632614,0.3738313317298889,0.3738313317298889,0.42475971579551697,-0.8621797561645508,-0.15623293817043304,0.22763238847255707
0.6432080268859863,1.8927993774414062,2.728553295135498,0.08072128146886826,0.4036063551902771,0.4036063849925995,0.6666291952133179,-0.7335917353630066,0.06863006204366684,-0.11286579817533493
0.6420958042144775,1.9478633403778076,2.70605731010437,0.07464679330587387,0.3732340335845947,0.3732340633869171,0.29350027441978455,-0.9530865550041199,0.07349172979593277,0.009091201238334179
0.6434507369995117,2.0047316551208496,2.6805472373962402,0.0720132365822792,0.36006617546081543,0.36006617546081543,0.5686160922050476,-0.7978990077972412,-0.16674160957336426,0.11058999598026276
0.6484028100967407,2.0641918182373047,2.652327299118042,0.08282783627510071,0.41413915157318115,0.41413915157318115,0.40260204672813416,-0.8490468859672546,0.17874561250209808,-0.29168641567230225
0.6566355228424072,2.123807430267334,2.6230900287628174,0.0685330331325531,0.3426652252674103,0.3426652252674103,0.24984879791736603,-0.9479761719703674,-0.07924661040306091,0.18065650761127472
0.6661473512649536,2.1790311336517334,2.5946547985076904,0.07344242185354233,0.36721208691596985,0.36721205711364746,0.6729864478111267,-0.7198536992073059,0.16997724771499634,0.0027602247428148985
0.6766316890716553,2.2302465438842773,2.566166877746582,0.06855353713035583,0.34276777505874634,0.34276777505874634,0.26094648241996765,-0.9407515525817871,0.1323672980070114,-0.17138370871543884
0.6878080368041992,2.277902841567993,2.5367419719696045,0.08273550868034363,0.4136775732040405,0.4136776030063629,0.4384002387523651,-0.8825570940971375,-0.11027137190103531,0.12937715649604797
0.6993958353996277,2.322448968887329,2.5054945945739746,0.08125811070203781,0.40629059076309204,0.40629059076309204,0.40456074476242065,-0.8547258973121643,0.18471406400203705,-0.2676844596862793
0.7111145257949829,2.3643345832824707,2.471538543701172,0.08523393422365189,0.426169753074646,0.4261697828769684,0.046233583241701126,-0.9794986248016357,0.1380726546049118,0.13921502232551575
0.7226835489273071,2.404008626937866,2.4339890480041504,0.08427131921052933,0.4213566184043884,0.4213566184043884,0.4892387390136719,-0.8696363568305969,0.06610109657049179,0.0029512043111026287
0.7338224649429321,2.441920280456543,2.391960620880127,0.08234996348619461,0.41174983978271484,0.41174980998039246,0.07260844111442566,-0.9431894421577454,0.19206491112709045,-0.26121407747268677
0.7442507147789001,2.4785187244415283,2.3445677757263184,0.08052632212638855,0.40263161063194275,0.40263161063194275,0.20058420300483704,-0.9642458558082581,-0.008396857418119907,0.17298957705497742
0.7536876201629639,2.5142529010772705,2.2909250259399414,0.07720731198787689,0.38603663444519043,0.38603663444519043,0.35356488823890686,-0.8853176832199097,0.27326199412345886,-0.12857839465141296
0.7616029977798462,2.546461820602417,2.233513116836548,0.06567850708961487,0.32839256525039673,0.32839256525039673,0.1603655368089676,0.9724506139755249,-0.1625443547964096,0.046925656497478485
0.7676078081130981,2.570448398590088,2.177786350250244,0.07802563905715942,0.39012813568115234,0.39012813568115234,0.2782863676548004,-0.9450889229774475,-0.05914461240172386,0.1608276218175888
0.7720365524291992,2.587578773498535,2.1232352256774902,0.07241851836442947,0.3620925843715668,0.3620925545692444,0.01352872233837843,0.9663271307945251,-0.1503160148859024,0.208407923579216
0.7752371430397034,2.599350690841675,2.069215774536133,0.06614228338003159,0.3307114243507385,0.3307114243507385,0.1364901214838028,0.9554793238639832,0.026076851412653923,-0.2602877616882324
0.7775574326515198,2.6072607040405273,2.015085458755493,0.07812365889549255,0.39061835408210754,0.39061835408210754,0.17413614690303802,-0.9667821526527405,0.09995849430561066,-0.1581680178642273
0.779344916343689,2.612804889678955,1.960200309753418,0.073366180062294,0.3668309152126312,0.3668309152126312,0.3305312991142273,0.9407227039337158,-0.07538367062807083,-0.010352189652621746
0.7809475064277649,2.617480754852295,1.903916835784912,0.06846822798252106,0.3423413038253784,0.34234127402305603,0.1711556613445282,-0.9708474278450012,0.08704850822687149,0.1434696614742279
0.7827129364013672,2.6227850914001465,1.8455915451049805,0.06828168779611588,0.3414084017276764,0.3414084017276764,0.09500429779291153,0.9405324459075928,-0.2675885558128357,0.18646518886089325
0.7849888801574707,2.630213975906372,1.784580945968628,0.07398279011249542,0.3699139654636383,0.3699139654636383,0.22553224861621857,0.924247682094574,-0.17972183227539062,-0.25020289421081543
0.7881231307983398,2.6412649154663086,1.7202417850494385,0.06407157331705093,0.3203578591346741,0.3203578591346741,0.32671186327934265,-0.9422944784164429,0.052569858729839325,-0.05076329782605171
0.7889185547828674,2.644170045852661,1.7063210010528564,0.0673249363899231,0.33662474155426025,0.33662474155426025,0.22008004784584045,0.9659762978553772,-0.049571506679058075,0.1264803558588028
0.6617854833602905,1.529512882232666,2.8003315925598145,0.08443226665258408,0.42216140031814575,0.42216140031814575,0.8146981000900269,-0.5575540065765381,0.06682481616735458,-0.1446894407272339
0.6999951004981995,1.5623974800109863,2.827324390411377,0.08145081996917725,0.40725407004356384,0.40725407004356384,0.7941334843635559,-0.26600381731987,0.39668285846710205,-0.3758147656917572
0.7380141019821167,1.5938398838043213,2.8552119731903076,0.08442729711532593,0.42213648557662964,0.422136515378952,0.5783315896987915,-0.6961114406585693,0.31474122405052185,-0.28618064522743225
0.7759680151939392,1.6247894763946533,2.8834052085876465,0.08330314606428146,0.4165157079696655,0.4165157079696655,0.7662567496299744,-0.46534648537635803,0.06666818261146545,-0.4380166530609131
0.8139823079109192,1.656196117401123,2.911315441131592,0.07852991670370102,0.3926495611667633,0.3926495611667633,0.6840800642967224,-0.45950785279273987,0.4828912317752838,-0.2961469888687134
0.8521825671195984,1.689009666442871,2.93835186958313,0.077911376953125,0.3895569145679474,0.389556884765625,0.6561101078987122,-0.6867015957832336,0.10981001704931259,-0.2930907905101776
0.8906942009925842,1.724179744720459,2.9639265537261963,0.08598367124795914,0.4299183487892151,0.4299183189868927,0.8474692702293396,-0.3234593868255615,0.25134849548339844,-0.33762967586517334
0.9296427965164185,1.762656331062317,2.9874494075775146,0.06993946433067322,0.3496973514556885,0.3496973216533661,0.624236524105072,-0.6341562867164612,0.40856707096099854,-0.2030946910381317
0.9691537022590637,1.8053889274597168,3.008331298828125,0.08053088188171387,0.40265440940856934,0.40265437960624695,0.7235096096992493,-0.6634976267814636,-0.045095641165971756,-0.18512451648712158
1.009352684020996,1.8533275127410889,3.0259830951690674,0.0668472871184349,0.3342364728450775,0.3342364430427551,0.6233654618263245,-0.46599483489990234,0.3750458061695099,-0.5035920739173889
1.0492852926254272,1.905672311782837,3.0397040843963623,0.07226498425006866,0.3613249361515045,0.3613249361515045,0.5351202487945557,-0.8200150728225708,0.10774382203817368,-0.17208410799503326
1.0850917100906372,1.9563474655151367,3.0489554405212402,0.08441472798585892,0.422073632478714,0.4220736622810364,0.807290256023407,-0.521773099899292,0.18035051226615906,-0.20858809351921082
1.1170941591262817,2.0053446292877197,3.054206371307373,0.07570060342550278,0.37850308418273926,0.37850311398506165,0.42660608887672424,-0.7972785830497742,0.3075810670852661,-0.2962229251861572
1.1460692882537842,2.053358316421509,3.0559990406036377,0.07730576395988464,0.3865288496017456,0.386528879404068,0.6756875514984131,-0.7245363593101501,-0.12025999277830124,-0.06348942965269089
1.1727938652038574,2.101083278656006,3.054877758026123,0.07573782652616501,0.37868914008140564,0.378689169883728,0.6266475915908813,-0.6018133759498596,0.4119866192340851,-0.2745915353298187
1.1980445384979248,2.149214267730713,3.051384449005127,0.06505168974399567,0.3252584934234619,0.3252584934234619,0.44274207949638367,-0.8657483458518982,0.23333533108234406,-0.0037266528233885765
1.2225977182388306,2.1984453201293945,3.0460619926452637,0.08266100287437439,0.41330501437187195,0.41330498456954956,0.7606833577156067,-0.6418212652206421,0.08836742490530014,0.04021754860877991
1.2472302913665771,2.249471664428711,3.0394535064697266,0.07207527756690979,0.36037641763687134,0.36037638783454895,0.5101234316825867,-0.7380176782608032,0.33201828598976135,-0.2913208603858948
1.2727186679840088,2.3029873371124268,3.032101631164551,0.07888276875019073,0.39441385865211487,0.39441385865211487,0.40038830041885376,-0.9088045358657837,0.05352068319916725,0.10439795255661011
1.2998398542404175,2.359687328338623,3.024549722671509,0.08310694992542267,0.41553476452827454,0.41553476452827454,0.7590358257293701,-0.5910927057266235,0.11072420328855515,-0.24942760169506073
1.3290594816207886,2.4198317527770996,3.0172531604766846,0.08268246799707413,0.41341227293014526,0.41341227293014526,0.2903561592102051,-0.8905397653579712,0.27729272842407227,-0.21387138962745667
1.356377363204956,2.4775643348693848,3.0093038082122803,0.06687716394662857,0.33438584208488464,0.33438581228256226,0.6683657169342041,-0.7391819953918457,-0.03392202407121658,0.07580635696649551
1.3808449506759644,2.5315983295440674,3.000394821166992,0.07797391712665558,0.38986966013908386,0.3898696303367615,0.5338451266288757,-0.6934412717819214,0.2754424214363098,-0.39784425497055054
1.4031087160110474,2.5829148292541504,2.990633487701416,0.07994063943624496,0.3997032344341278,0.3997032344341278,0.3801637887954712,-0.9120955467224121,0.13292793929576874,0.07672934234142303
1.4238147735595703,2.632495880126953,2.9801273345947266,0.07588763535022736,0.379438191652298,0.3794381618499756,0.6880601644515991,-0.7083742618560791,0.0900634154677391,-0.12910330295562744
1.443609595298767,2.681323528289795,2.968984365463257,0.06696456670761108,0.3348228335380554,0.3348228335380554,0.33697080612182617,-0.8401632905006409,0.3683244585990906,-0.21192783117294312
1.463139533996582,2.730379104614258,2.9573118686676025,0.07406918704509735,0.37034595012664795,0.37034595012664795,0.5139317512512207,-0.8549628257751465,-0.026700546965003014,0.06480537354946136
1.48305082321167,2.7806451320648193,2.9452171325683594,0.0755314826965332,0.3776574730873108,0.3776575028896332,0.655288815498352,-0.650314211845398,0.23996157944202423,-0.30017736554145813
1.5039899349212646,2.8331027030944824,2.9328083992004395,0.06863939017057419,0.3431969881057739,0.3431969881057739,0.2323874831199646,-0.9641903638839722,0.10863640904426575,-0.06731372326612473
1.5266029834747314,2.8887338638305664,2.9201927185058594,0.06345123797655106,0.31725624203681946,0.31725624203681946,0.6643632054328918,-0.739547610282898,0.05951504409313202,-0.09027066081762314
1.5515365600585938,2.9485206604003906,2.907478094100952,0.07352398335933685,0.36761993169784546,0.36761993169784546,0.36542099714279175,-0.8196601271629333,0.2920502722263336,-0.3306531012058258
1.332381248474121,2.410245180130005,3.0102035999298096,0.08253896981477737,0.4126949906349182,0.4126950204372406,0.3930305540561676,-0.840842604637146,0.3600289821624756,0.0942859798669815
1.3719933032989502,2.438948154449463,2.980431079864502,0.06327196210622787,0.31635984778404236,0.31635984778404236,0.5487119555473328,-0.6246689558029175,0.44778141379356384,-0.32893112301826477
1.4107577800750732,2.4670372009277344,2.951295852661133,0.0742902010679245,0.3714509904384613,0.3714510500431061,0.09835606813430786,-0.8487991690635681,0.4917874038219452,-0.16736546158790588
1.4490971565246582,2.4948182106018066,2.922480583190918,0.06690245121717453,0.33451226353645325,0.33451226353645325,0.48334935307502747,-0.8014920949935913,0.3506183922290802,-0.03241211175918579
1.4874329566955566,2.522596597671509,2.893667697906494,0.07766952365636826,0.3883475959300995,0.3883475959300995,0.3100011348724365,-0.7010456919670105,0.4568192660808563,-0.4513871669769287
1.5261871814727783,2.550678253173828,2.8645403385162354,0.08243022114038467,0.41215112805366516,0.41215112805366516,0.2028597742319107,-0.8610019087791443,0.4627670347690582,0.058053918182849884
1.565781593322754,2.5793685913085938,2.8347816467285156,0.06588646024465561,0.32943233847618103,0.32943233847618103,0.535402238368988,-0.7542194128036499,0.3315165042877197,-0.18599539995193481
1.6066381931304932,2.608973503112793,2.8040738105773926,0.0662524551153183,0.3312622904777527,0.3312622904777527,0.13667553663253784,-0.7336266040802002,0.5767651200294495,-0.3323458731174469
1.6491789817810059,2.639799118041992,2.7721006870269775,0.06715375930070877,0.33576881885528564,0.33576881885528564,0.34726428985595703,-0.8965367078781128,0.26973968744277954,0.05357189476490021
1.6938258409500122,2.6721503734588623,2.738544464111328,0.07305893301963806,0.3652947247028351,0.3652947247028351,0.5012937784194946,-0.6691583395004272,0.4734002351760864,-0.2771710157394409
1.7235015630722046,2.6936535835266113,2.716240406036377,0.08072610199451447,0.40363049507141113,0.40363049507141113,0.08954092115163803,-0.7896472811698914,0.5937324166297913,-0.12618008255958557
-0.597450315952301,-0.14225801825523376,2.5176305770874023,0.06789356470108032,0.3394678235054016,0.3394678235054016,0.2596113383769989,0.05713840574026108,-0.5313116312026978,0.8043911457061768
-0.6593073606491089,-0.2113533765077591,2.5874814987182617,0.08855700492858887,0.4427850544452667,0.44278502464294434,0.35118019580841064,-0.3077968657016754,-0.3757508099079132,0.80046546459198
-0.722193717956543,-0.283993124961853,2.655006170272827,0.0746133103966713,0.3730665147304535,0.3730665147304535,0.1576203852891922,-0.19430400431156158,-0.7524653077125549,0.6092599630355835
-0.7886239290237427,-0.36883702874183655,2.714521884918213,0.08875442296266556,0.44377216696739197,0.44377216696739197,0.1895962804555893,0.009766703471541405,-0.378490686416626,0.9059264063835144
-0.8604214191436768,-0.47353604435920715,2.760453939437866,0.0812719389796257,0.40635964274406433,0.40635964274406433,0.34807130694389343,-0.36093956232070923,-0.6470023393630981,0.5744187235832214
-0.9233641028404236,-0.5795906186103821,2.791229248046875,0.06754899024963379,0.33774492144584656,0.33774495124816895,0.10966067016124725,0.02797272987663746,-0.759416401386261,0.6406861543655396
-0.9765498638153076,-0.6809000968933105,2.8070385456085205,0.07374324649572372,0.36871621012687683,0.36871621012687683,0.39006495475769043,-0.22916309535503387,-0.5422152876853943,0.7080510258674622
-1.0275126695632935,-0.782600998878479,2.8073432445526123,0.06819633394479752,0.340981662273407,0.34098169207572937,0.006332861725240946,0.2811538875102997,0.875285267829895,-0.3934311866760254
-1.0837868452072144,-0.8898301124572754,2.791604518890381,0.0839332714676857,0.4196663498878479,0.4196663498878479,0.008628587238490582,-0.10449723899364471,-0.7305406928062439,0.6747711896896362
-1.150001049041748,-1.0036308765411377,2.760146379470825,0.08366712927818298,0.4183356463909149,0.4183356463909149,0.26748430728912354,-0.47310879826545715,-0.6820330023765564,0.4893375635147095
-1.2111736536026,-1.1009454727172852,2.7182533740997314,0.08068320900201797,0.4034159779548645,0.4034160375595093,0.03299817815423012,0.12408801168203354,0.9710241556167603,-0.2015572041273117
-1.2664214372634888,-1.184547781944275,2.6655445098876953,0.07658734172582626,0.3829366862773895,0.3829366862773895,0.21217332780361176,-0.16072508692741394,-0.8081040978431702,0.5254689455032349
-1.3187837600708008,-1.263230800628662,2.600351333618164,0.0765896812081337,0.3829483687877655,0.3829483985900879,0.13684606552124023,-0.4473276436328888,-0.8730579018592834,0.13762636482715607
-1.3713001012802124,-1.3457876443862915,2.521005153656006,0.0827452689409256,0.4137263596057892,0.4137263596057892,0.16020433604717255,0.19157636165618896,0.9072422385215759,-0.338444322347641
-1.4231828451156616,-1.4337390661239624,2.432279109954834,0.08316437155008316,0.4158218502998352,0.4158218502998352,0.22248739004135132,-0.3663489520549774,-0.7453452944755554,0.5106350779533386
-1.4654748439788818,-1.510331392288208,2.3488903045654297,0.0840330570936203,0.4201652705669403,0.4201652705669403,0.08277525752782822,-0.27321407198905945,-0.9577237963676453,-0.035601139068603516
-1.4998492002487183,-1.5760345458984375,2.2635443210601807,0.06432273983955383,0.3216136693954468,0.3216136693954468,0.06593405455350876,0.0285260621458292,0.9147346615791321,-0.39761725068092346
-1.528789758682251,-1.6327638626098633,2.167449951171875,0.0822523981332779,0.4112619459629059,0.41126197576522827,0.21823373436927795,-0.2887864112854004,-0.9268842935562134,0.09930753707885742
-1.5547804832458496,-1.6824333667755127,2.051814079284668,0.0771879181265831,0.3859396278858185,0.3859395980834961,0.18906636536121368,0.28359541296958923,0.9396374225616455,0.03015119582414627
-1.573923110961914,-1.7172521352767944,1.927402138710022,0.07916738837957382,0.3958369195461273,0.3958369195461273,0.003218437312170863,0.3280809819698334,0.8918843865394592,-0.3112792372703552
-1.5815025568008423,-1.7304335832595825,1.813062310218811,0.07677989453077316,0.383899450302124,0.38389942049980164,0.172481507062912,-0.3860486149787903,-0.8743916749954224,-0.2380247414112091
-1.582772970199585,-1.7317845821380615,1.7006707191467285,0.0659513846039772,0.32975688576698303,0.3297569155693054,0.1894712746143341,0.954639196395874,-0.038475628942251205,-0.22646023333072662
-1.5830516815185547,-1.731215000152588,1.5819196701049805,0.07589606940746307,0.3794803321361542,0.37948036193847656,0.05268710106611252,-0.463631272315979,-0.882350742816925,0.06105193495750427
-1.5865581035614014,-1.7367535829544067,1.468271255493164,0.07357407361268997,0.36787036061286926,0.36787036061286926,0.083693727850914,-0.3579293489456177,-0.8867751359939575,-0.2801995575428009
-0.8657208681106567,-0.45812422037124634,2.764554023742676,0.07566183805465698,0.3783092200756073,0.3783092200756073,0.28112661838531494,-0.19739294052124023,-0.5696181058883667,0.7466853857040405
-0.9546484351158142,-0.5025542974472046,2.828416109085083,0.0836687758564949,0.41834384202957153,0.41834384202957153,0.5234448313713074,-0.31779158115386963,-0.22789542376995087,0.7570189833641052
-1.040694236755371,-0.5473110675811768,2.894925117492676,0.08626838028430939,0.43134188652038574,0.43134185671806335,0.3511212468147278,-0.4053098261356354,-0.6038283109664917,0.5897704362869263
-1.1346688270568848,-0.591168999671936,2.954151153564453,0.08570285886526108,0.428514301776886,0.4285143315792084,0.3263188600540161,-0.062075283378362656,-0.47472262382507324,0.8150466680526733
-1.2473825216293335,-0.6329023838043213,2.9961647987365723,0.08451730757951736,0.42258650064468384,0.4225865304470062,0.5460858345031738,-0.5661197304725647,-0.3743845224380493,0.4910549223423004
-1.375973105430603,-0.6653534173965454,3.01448655128479,0.07692506164312363,0.38462525606155396,0.38462531566619873,0.2318452000617981,-0.4135194718837738,-0.7885741591453552,0.391663521528244
-1.4945920705795288,-0.6799160838127136,3.0131607055664062,0.07226324081420898,0.36131617426872253,0.36131617426872253,0.47011351585388184,-0.4724893867969513,-0.4648652970790863,0.5827927589416504
-1.6073453426361084,-0.6890785694122314,2.9931583404541016,0.06933518499135971,0.34667590260505676,0.3466758728027344,0.332459032535553,-0.7084384560585022,-0.5715165138244629,0.246890127658844
-1.7198915481567383,-0.7061856985092163,2.955160140991211,0.06662242859601974,0.33311212062835693,0.3331121504306793,0.02532784827053547,-0.45866844058036804,-0.7436596155166626,0.4857489764690399
-1.836534023284912,-0.7438925504684448,2.9005656242370605,0.07116839289665222,0.3558419644832611,0.3558419644832611,0.41204261779785156,-0.5004243850708008,-0.5910639762878418,0.4800412654876709
-1.9358400106430054,-0.7963905334472656,2.842210531234741,0.08282848447561264,0.414142370223999,0.4141424000263214,0.12168551236391068,-0.5269137620925903,-0.8328999280929565,0.117610864341259
-2.0141208171844482,-0.8538389205932617,2.7781622409820557,0.07225775718688965,0.36128878593444824,0.36128878593444824,0.02248898148536682,-0.3449793756008148,-0.8240712285041809,0.4487650990486145
-2.07867431640625,-0.9101405739784241,2.699906349182129,0.0729953721165657,0.36497682332992554,0.3649768531322479,0.2225012481212616,-0.53493732213974,-0.7701021432876587,0.26697930693626404
-2.136798143386841,-0.9591983556747437,2.598928213119507,0.06557510048151016,0.3278754651546478,0.3278754949569702,0.13563990592956543,0.5054261088371277,0.847179114818573,0.09183616936206818
-2.1837944984436035,-0.9925413727760315,2.4805195331573486,0.06280727684497833,0.3140363097190857,0.31403642892837524,0.031244363635778427,0.3814569115638733,0.8606237769126892,-0.3359183967113495
-2.2034871578216553,-1.0068353414535522,2.367605209350586,0.06591575592756271,0.329578697681427,0.32957878708839417,0.2561369240283966,-0.4860824942588806,-0.8059348464012146,-0.2204238623380661
-2.208204746246338,-1.0109221935272217,2.2542004585266113,0.08165253698825836,0.4082626402378082,0.408262699842453,0.2878662645816803,0.398152619600296,0.8497511148452759,0.19112959504127502
-2.211301803588867,-1.0139623880386353,2.133208751678467,0.0675867348909378,0.33793362975120544,0.3379336893558502,0.10526663064956665,-0.34745392203330994,-0.9135070443153381,0.18357466161251068
-2.219754219055176,-1.0204451084136963,2.039462089538574,0.0739535242319107,0.36976760625839233,0.36976760625839233,0.019134078174829483,-0.46494540572166443,-0.8626614809036255,-0.19817888736724854
-1.3317945003509521,-0.7060496807098389,3.040344715118408,0.08727903664112091,0.43639513850212097,0.4363951086997986,0.20960916578769684,0.1611030399799347,-0.5733584761619568,0.7754803895950317
-1.3931825160980225,-0.7917061448097229,3.0988707542419434,0.08548430353403091,0.427421510219574,0.427421510219574,0.463317334651947,-0.3618045449256897,-0.4141860604286194,0.6948989033699036
-1.4567461013793945,-0.8770517110824585,3.155001163482666,0.07612868398427963,0.380643367767334,0.38064339756965637,0.17783789336681366,-0.06332690268754959,-0.7711533904075623,0.6080179810523987
-1.5342988967895508,-0.9603973627090454,3.1957318782806396,0.06991827487945557,0.34959134459495544,0.34959131479263306,0.4372538626194,-0.19818727672100067,-0.5149369239807129,0.7101907134056091
-1.6375645399093628,-1.0399765968322754,3.2080976963043213,0.06840860098600388,0.3420430123806,0.3420429825782776,0.1922331154346466,-0.6040242314338684,-0.7095529437065125,0.30779168009757996
-1.75152587890625,-1.0958914756774902,3.192767858505249,0.06437404453754425,0.32187023758888245,0.32187023758888245,0.15001890063285828,-0.4101511538028717,-0.7014859914779663,0.5631942749023438
-1.8592970371246338,-1.1250499486923218,3.1573708057403564,0.06392209976911545,0.31961044669151306,0.31961047649383545,0.43740347027778625,-0.6106622219085693,-0.5217792987823486,0.40437135100364685
-1.9618360996246338,-1.1439958810806274,3.102942943572998,0.08037355542182922,0.40186774730682373,0.4018677771091461,0.10270372033119202,-0.6369343400001526,-0.7541398406028748,0.12263644486665726
-2.0601019859313965,-1.1692734956741333,3.030520439147949,0.08199947327375412,0.4099974036216736,0.4099973440170288,0.09367053210735321,-0.42840576171875,-0.7026129961013794,0.5603832006454468
-2.152264356613159,-1.2144715785980225,2.9423668384552,0.08424336463212967,0.42121678590774536,0.42121684551239014,0.368493914604187,-0.5556412935256958,-0.7299578785896301,0.15045419335365295
-2.215607166290283,-1.2620350122451782,2.8507134914398193,0.08161963522434235,0.4080982208251953,0.4080981910228729,0.0852503627538681,0.3935769200325012,0.9086869955062866,-0.11007953435182571
-2.256779909133911,-1.3080570697784424,2.7563819885253906,0.08367114514112473,0.4183557629585266,0.4183557331562042,0.14620713889598846,-0.22734788060188293,-0.8605594635009766,0.4317103326320648
-2.2905914783477783,-1.355480670928955,2.6567583084106445,0.08266869932413101,0.4133434593677521,0.41334348917007446,0.10379745066165924,-0.45167601108551025,-0.8861182928085327,-0.0030464855954051018
-2.3318514823913574,-1.407248854637146,2.549229621887207,0.06387029588222504,0.3193514943122864,0.3193514943122864,0.2481876015663147,0.3052469789981842,0.8954881429672241,-0.20815424621105194
-2.3478291034698486,-1.4239997863769531,2.5151736736297607,0.06590035557746887,0.32950177788734436,0.32950177788734436,0.3181338310241699,-0.3827282190322876,-0.782564640045166,0.374035507440567
-1.4215251207351685,-1.389562964439392,2.4205315113067627,0.08283525705337524,0.41417622566223145,0.4141762852668762,0.013697732239961624,-0.48897504806518555,-0.8690047264099121,-0.07447534054517746
-1.4731547832489014,-1.413604974746704,2.320019483566284,0.06863965094089508,0.3431982696056366,0.3431982696056366,0.07955696433782578,-0.34705522656440735,-0.8532480597496033,0.38103950023651123
-1.5236188173294067,-1.4371165037155151,2.2176880836486816,0.07821813970804214,0.39109060168266296,0.3910907506942749,0.2554379999637604,-0.5733894109725952,-0.7712485194206238,-0.10560175776481628
-1.5673283338546753,-1.4575546979904175,2.104814052581787,0.07858297228813171,0.3929148316383362,0.39291489124298096,0.2983284890651703,0.48973631858825684,0.8162997364997864,-0.06937715411186218
-1.5984551906585693,-1.4722611904144287,1.9743578433990479,0.08034731447696686,0.4017365574836731,0.4017365872859955,0.19425980746746063,-0.467027872800827,-0.8521848917007446,0.1338992714881897
-1.6101651191711426,-1.4780168533325195,1.8516956567764282,0.0728500708937645,0.3642503619194031,0.36425039172172546,0.0735740140080452,0.5733007788658142,0.7670350074768066,0.2785145342350006
-1.6076394319534302,-1.477196455001831,1.7393393516540527,0.06286412477493286,0.3143206536769867,0.3143206536769867,0.08440857380628586,-0.7929159998893738,0.5775534510612488,0.17490415275096893
-1.5993084907531738,-1.4737110137939453,1.6256825923919678,0.07114578783512115,0.3557289242744446,0.35572895407676697,0.056698691099882126,0.8101786971092224,-0.5603839755058289,0.16237467527389526
-1.5936037302017212,-1.471472144126892,1.4991198778152466,0.07822267711162567,0.39111343026161194,0.3911134600639343,0.19725657999515533,0.7709754705429077,-0.5538367033004761,-0.24485018849372864
-1.5935001373291016,-1.4714946746826172,1.475982904434204,0.08172637224197388,0.4086318016052246,0.408631831407547,0.02862582728266716,0.20541179180145264,0.9585679769515991,-0.1952793002128601
-1.834320068359375,-0.7278448343276978,2.902662754058838,0.06457038223743439,0.3228519558906555,0.3228519856929779,0.34378954768180847,-0.8032110929489136,-0.48647773265838623,-0.0003315703943371773
-1.9432604312896729,-0.7100824117660522,2.860388994216919,0.07206519693136215,0.36032599210739136,0.36032599210739136,0.27723294496536255,-0.5195232629776001,-0.7029463052749634,0.3988784849643707
-2.05281400680542,-0.6910666823387146,2.8218986988067627,0.07970365881919861,0.39851829409599304,0.39851826429367065,0.5018459558486938,-0.6913742423057556,-0.39878028631210327,0.3333565592765808
-2.1608917713165283,-0.6750669479370117,2.774303913116455,0.0853535458445549,0.4267676770687103,0.4267677068710327,0.12276207655668259,-0.7718631029129028,-0.6094168424606323,0.13329631090164185
-2.2654049396514893,-0.6663525104522705,2.704716920852661,0.07268958538770676,0.363447904586792,0.3634479343891144,0.2949191927909851,-0.4282299876213074,-0.7152537703514099,0.46696221828460693
-2.3581812381744385,-0.6686275601387024,2.608039140701294,0.08443466573953629,0.42217332124710083,0.4221733510494232,0.24465270340442657,-0.7724024653434753,-0.5849639773368835,0.03683227300643921
-2.4192798137664795,-0.6805726289749146,2.507946014404297,0.07419205456972122,0.37096020579338074,0.3709603250026703,0.20821554958820343,0.5897230505943298,0.7780495285987854,-0.0592615120112896
-2.4608869552612305,-0.6987848281860352,2.404646158218384,0.06761080026626587,0.33805400133132935,0.33805400133132935,0.1721082180738449,-0.43426021933555603,-0.8424987196922302,0.2683145999908447
-2.498439311981201,-0.7199126482009888,2.295057773590088,0.07930032908916473,0.39650166034698486,0.3965016305446625,0.08093933761119843,-0.467239111661911,-0.8353214263916016,-0.27816277742385864
-2.547375202178955,-0.7406047582626343,2.176100492477417,0.07060858607292175,0.3530429005622864,0.35304293036460876,0.020989706739783287,-0.4345864951610565,-0.8694638609886169,0.23393727838993073
-2.551483154296875,-0.7419061064720154,2.167633295059204,0.07904315739870071,0.395215779542923,0.3952157497406006,0.3644382059574127,-0.5447510480880737,-0.7501974701881409,-0.08737809211015701
-1.6333050727844238,-1.042044997215271,3.209002733230591,0.08091951906681061,0.40459755063056946,0.40459758043289185,0.008114011958241463,-0.062188971787691116,-0.8276239037513733,0.5577682256698608
-1.679428219795227,-1.1500403881072998,3.225770950317383,0.0670488104224205,0.3352440595626831,0.3352440595626831,0.22111186385154724,-0.10262607038021088,-0.5522670149803162,0.7972317934036255
-1.721712350845337,-1.257321834564209,3.2485578060150146,0.07604137063026428,0.380206823348999,0.380206823348999,0.2071346938610077,-0.22759661078453064,-0.8289360404014587,0.46707603335380554
-1.7664121389389038,-1.3650524616241455,3.2675578594207764,0.0694873109459877,0.3474365472793579,0.3474365174770355,0.09456054121255875,-0.003839038545265794,0.6654675006866455,-0.7404029965400696
-1.81978178024292,-1.4743950366973877,3.272965908050537,0.07274565100669861,0.36372822523117065,0.36372822523117065,0.21162697672843933,-0.36923471093177795,-0.6004683375358582,0.6769915223121643
-1.8880618810653687,-1.5864923000335693,3.254983901977539,0.0757761225104332,0.3788805305957794,0.3788806200027466,0.15775397419929504,-0.1782066971063614,-0.9124555587768555,0.33283770084381104
-1.9616310596466064,-1.6830289363861084,3.2138874530792236,0.07683492451906204,0.384174644947052,0.384174644947052,0.15504130721092224,-0.20899607241153717,-0.7620102763175964,0.5929781794548035
-2.031108856201172,-1.7557079792022705,3.1585121154785156,0.07820680737495422,0.3910340368747711,0.3910340368747711,0.2762354016304016,-0.597231924533844,-0.7281767129898071,0.19174648821353912
-2.1004018783569336,-1.8169677257537842,3.0932252407073975,0.07384008169174194,0.36920037865638733,0.3692004382610321,0.07640770822763443,0.26016324758529663,0.9263202548027039,-0.261548787355423
-2.173417806625366,-1.8792462348937988,3.022395133972168,0.06764061748981476,0.338203102350235,0.3382031321525574,0.24496561288833618,-0.43467047810554504,-0.6474966406822205,0.5760221481323242
-2.254063606262207,-1.9549808502197266,2.9503886699676514,0.06911537796258926,0.34557685256004333,0.34557685256004333,0.1905786395072937,-0.5418165326118469,-0.8134365677833557,0.09184549748897552
-2.1526856422424316,-1.2012120485305786,2.9472086429595947,0.06342970579862595,0.3171485364437103,0.3171485364437103,0.04304373636841774,-0.4354718327522278,-0.8154148459434509,0.3789592683315277
-2.2377519607543945,-1.2162717580795288,2.8711655139923096,0.07219325751066208,0.3609663248062134,0.36096635460853577,0.3898221552371979,-0.6185076832771301,-0.6480792760848999,0.21326062083244324
-2.3221864700317383,-1.2312195301055908,2.795686960220337,0.07410549372434616,0.370527446269989,0.370527446269989,0.04503154382109642,0.7036793828010559,0.7023841142654419,-0.09728285670280457
-2.4103493690490723,-1.2468273639678955,2.7168760299682617,0.07650305330753326,0.3825152516365051,0.3825152516365051,0.26691359281539917,-0.42743346095085144,-0.7640196681022644,0.4029041528701782
-2.5065994262695312,-1.263866901397705,2.63083553314209,0.07809541374444962,0.39047712087631226,0.39047712087631226,0.31625524163246155,-0.7332274317741394,-0.6018143892288208,0.013401225209236145
-2.527113914489746,-1.2674987316131592,2.612497329711914,0.07341276109218597,0.3670637905597687,0.36706382036209106,0.0015036867698654532,-0.47126737236976624,-0.8402824401855469,0.2680116295814514
0.561699390411377,0.0875185877084732,2.606717586517334,0.08371397852897644,0.4185698926448822,0.4185698330402374,0.2758629322052002,0.06247244402766228,0.21112747490406036,-0.9356399178504944
0.5941898822784424,0.051449310034513474,2.6696603298187256,0.07658878713846207,0.3829439580440521,0.3829439580440521,0.17110095918178558,-0.23211751878261566,0.5419643521308899,-0.7893798351287842
0.6263785362243652,0.01474728062748909,2.7318637371063232,0.08445654064416885,0.42228272557258606,0.42228269577026367,0.4211488962173462,-0.23002657294273376,0.10538413375616074,-0.8709854483604431
0.659141480922699,-0.0207513514906168,2.7954726219177246,0.06811066716909409,0.340553343296051,0.3405533730983734,0.3431885242462158,0.08112144470214844,0.47168809175491333,-0.8081777691841125
0.6933552622795105,-0.05321042984724045,2.8626327514648438,0.0737052708864212,0.3685263395309448,0.3685263395309448,0.37164321541786194,-0.42804715037345886,0.422932505607605,-0.7069547772407532
0.7298963069915771,-0.08079379796981812,2.935488700866699,0.06789738684892654,0.3394869267940521,0.33948689699172974,0.3868228495121002,-0.02614031918346882,0.10290230065584183,-0.9160217642784119
0.7696409821510315,-0.10166532546281815,3.0161852836608887,0.0766264796257019,0.38313236832618713,0.3831323981285095,0.33824798464775085,-0.2514858543872833,0.5148411393165588,-0.7465130686759949
0.808531641960144,-0.11364862322807312,3.097970724105835,0.07325189560651779,0.3662594258785248,0.3662594258785248,0.5817153453826904,-0.27147188782691956,-0.07175971567630768,-0.7633876800537109
0.8426060676574707,-0.11699096113443375,3.1731088161468506,0.06734160333871841,0.33670803904533386,0.3367080092430115,0.5646913051605225,-0.025807194411754608,0.4204777479171753,-0.709687352180481
0.8739644885063171,-0.11369119584560394,3.2441556453704834,0.06874444335699081,0.34372225403785706,0.34372225403785706,0.728264570236206,-0.473518431186676,0.13655135035514832,-0.4761982262134552
0.9047135710716248,-0.10574933141469955,3.313678741455078,0.06799943000078201,0.33999720215797424,0.33999717235565186,0.7715438008308411,-0.0632331371307373,0.0763564333319664,-0.628403902053833
0.9369597434997559,-0.09516539424657822,3.3842458724975586,0.07922974228858948,0.3961487114429474,0.3961487114429474,0.6559299826622009,-0.3514804542064667,0.458953320980072,-0.48536503314971924
0.9728094935417175,-0.08393937349319458,3.4584245681762695,0.07621056586503983,0.38105279207229614,0.38105279207229614,0.7195073962211609,-0.3577253818511963,-0.07571865618228912,-0.5904306769371033
1.0143694877624512,-0.07407130300998688,3.538782835006714,0.06764179468154907,0.33820897340774536,0.338208943605423,0.7448256015777588,0.010101201944053173,0.3499074876308441,-0.5680647492408752
1.0572550296783447,-0.06278134882450104,3.6199119091033936,0.07902933657169342,0.3951466381549835,0.39514660835266113,0.7640714645385742,-0.43672940135002136,0.28626248240470886,-0.3788350820541382
1.0955348014831543,-0.046586304903030396,3.693791627883911,0.0761859193444252,0.380929559469223,0.380929559469223,0.7872565388679504,-0.20343685150146484,-0.05660076066851616,-0.5793418288230896
1.131877064704895,-0.028599178418517113,3.7625350952148438,0.0766616016626358,0.3833080530166626,0.3833080530166626,0.7202539443969727,-0.2587050795555115,0.3978212773799896,-0.5060080885887146
1.16898512840271,-0.0119590163230896,3.828298568725586,0.06469956785440445,0.32349783182144165,0.32349786162376404,0.6649070978164673,-0.5358566045761108,-0.022132840007543564,-0.5198715329170227
1.209561824798584,0.00019516574684530497,3.8932371139526367,0.07864296436309814,0.39321479201316833,0.39321476221084595,0.7379199862480164,-0.10900212079286575,0.2488126903772354,-0.6178064942359924
1.2563101053237915,0.004724333994090557,3.959505558013916,0.06828386336565018,0.3414193391799927,0.3414193093776703,0.5417435765266418,-0.40738096833229065,0.4009154736995697,-0.6162965893745422
1.3119332790374756,-0.001510544097982347,4.02925968170166,0.07172254472970963,0.3586127460002899,0.35861271619796753,0.604166567325592,-0.2880692481994629,0.17003300786018372,-0.7232479453086853
1.3697280883789062,-0.021445229649543762,4.0993242263793945,0.07911094278097153,0.39555469155311584,0.39555469155311584,0.3745466470718384,-0.07640993595123291,0.5119486451148987,-0.7692756056785583
1.4198013544082642,-0.05330466479063034,4.1626811027526855,0.08565253764390945,0.4282626807689667,0.4282626807689667,0.4205809235572815,-0.4917980134487152,0.42401987314224243,-0.633603572845459
1.4666939973831177,-0.09255397319793701,4.219148635864258,0.07322593033313751,0.366129606962204,0.366129606962204,0.3622588813304901,-0.09575353562831879,0.3261539041996002,-0.8678843975067139
1.515071153640747,-0.1346476674079895,4.26861047744751,0.08494073152542114,0.4247036278247833,0.4247036278247833,0.156871035695076,-0.24503006041049957,0.747926652431488,-0.5966216921806335
1.569596767425537,-0.17504027485847473,4.310948371887207,0.07348515838384628,0.36742573976516724,0.36742573976516724,0.5828211903572083,-0.40451592206954956,0.3200734555721283,-0.6278848052024841
1.6349354982376099,-0.20918628573417664,4.34604549407959,0.07664896547794342,0.3832447826862335,0.3832447826862335,0.37284573912620544,-0.20200812816619873,0.552758514881134,-0.7173818945884705
1.7157520055770874,-0.23254023492336273,4.373784065246582,0.08309970796108246,0.4154985249042511,0.4154985249042511,0.3456334173679352,-0.6499705910682678,0.5746040344238281,-0.35763946175575256
1.804703712463379,-0.24203583598136902,4.389703273773193,0.07677412778139114,0.3838706612586975,0.3838706612586975,0.6272448301315308,-0.41151681542396545,0.35294198989868164,-0.5591509342193604
1.885770559310913,-0.23988105356693268,4.389012813568115,0.07027795910835266,0.3513897955417633,0.3513897657394409,0.1993080973625183,-0.5599034428596497,0.667374312877655,-0.4487716257572174
1.9618268013000488,-0.22898539900779724,4.375791072845459,0.07501798868179321,0.3750899136066437,0.3750899136066437,0.515701949596405,-0.7249056696891785,0.4338822662830353,-0.14251109957695007
2.0360355377197266,-0.21224480867385864,4.3542327880859375,0.07629675418138504,0.3814837634563446,0.381483793258667,0.37704551219940186,-0.5638389587402344,0.4738686978816986,-0.5615788102149963
2.111560106277466,-0.1925552934408188,4.3285346031188965,0.07394472509622574,0.3697236478328705,0.3697236478328705,0.17617028951644897,-0.7488232851028442,0.6368676424026489,-0.05125846341252327
2.1915640830993652,-0.1728127896785736,4.302891731262207,0.08105383068323135,0.40526914596557617,0.40526914596557617,0.5514493584632874,-0.6702781319618225,0.35023191571235657,-0.352091521024704
2.279210329055786,-0.15591329336166382,4.281500816345215,0.07185050845146179,0.35925254225730896,0.35925254225730896,0.22695712745189667,-0.6008621454238892,0.5939928293228149,-0.48438388109207153
2.295012950897217,-0.15354357659816742,4.278603553771973,0.0804734081029892,0.40236708521842957,0.40236708521842957,0.4859912395477295,-0.6957058310508728,0.5000894665718079,-0.17238448560237885
0.8052621483802795,-0.15934635698795319,3.0607142448425293,0.06760876625776291,0.33804377913475037,0.33804377913475037,0.2243630439043045,0.007409296464174986,0.32423722743988037,-0.9189540147781372
0.8373200297355652,-0.21700136363506317,3.105144739151001,0.0762035995721817,0.3810179829597473,0.3810179829597473,0.018253693357110023,-0.1309332549571991,0.774894654750824,-0.6181113123893738
0.8683157563209534,-0.27419400215148926,3.149998664855957,0.08871066570281982,0.44355329871177673,0.44355326890945435,0.20645920932292938,-0.34581491351127625,0.2638866603374481,-0.8764418959617615
0.9006218910217285,-0.3319571018218994,3.1943302154541016,0.07214372605085373,0.36071860790252686,0.36071860790252686,0.09229481220245361,0.1295630782842636,0.6188441514968872,-0.7692379355430603
0.9366110563278198,-0.3913235068321228,3.2371933460235596,0.06682763248682022,0.3341381549835205,0.3341381549835205,0.36647656559944153,-0.3166339695453644,0.6477740406990051,-0.5880702137947083
0.9786555767059326,-0.4533260464668274,3.277642250061035,0.07567037642002106,0.3783518373966217,0.3783518373966217,0.39113330841064453,-0.12012409418821335,0.4413358271121979,-0.7986286282539368
1.0291281938552856,-0.5189975500106812,3.3147313594818115,0.08412551134824753,0.420627623796463,0.420627623796463,0.012270242907106876,0.0934937447309494,-0.7615202069282532,0.6412451267242432
1.0866999626159668,-0.5853596329689026,3.3469974994659424,0.07757620513439178,0.38788101077079773,0.3878810405731201,0.44751274585723877,-0.4507007598876953,0.5123906135559082,-0.5779767036437988
1.143256425857544,-0.6436545252799988,3.372896671295166,0.07618216425180435,0.38091081380844116,0.3809107840061188,0.36480197310447693,-0.05807024985551834,0.5542817115783691,-0.7458680272102356
1.1993906497955322,-0.6961218118667603,3.3929641246795654,0.0847925990819931,0.42396295070648193,0.4239629805088043,0.19207361340522766,-0.22258642315864563,0.8624314069747925,-0.41203776001930237
1.256213665008545,-0.7456032633781433,3.4078292846679688,0.07912502437829971,0.3956250846385956,0.3956250548362732,0.378420889377594,-0.4221797287464142,0.5314409732818604,-0.6293904781341553
1.314836859703064,-0.7949405908584595,3.418121576309204,0.08190543204545975,0.40952709317207336,0.40952709317207336,0.060874585062265396,-0.14707009494304657,0.6718245148658752,-0.723406195640564
1.3763716220855713,-0.8469754457473755,3.4244701862335205,0.08235521614551544,0.411776065826416,0.411776065826416,0.25736695528030396,-0.5298991203308105,0.6892575025558472,-0.4217739999294281
1.4419291019439697,-0.904549777507782,3.427504777908325,0.07240159064531326,0.3620079457759857,0.36200791597366333,0.4065172076225281,-0.14809483289718628,0.5099283456802368,-0.743494987487793
1.5106370449066162,-0.9691186547279358,3.427990674972534,0.07863093912601471,0.39315468072891235,0.39315468072891235,0.10377226024866104,-0.16437378525733948,0.8596685528755188,-0.4724219739437103
1.5717463493347168,-1.0333755016326904,3.4267418384552,0.07742661237716675,0.38713303208351135,0.38713306188583374,0.40770968794822693,-0.4153404235839844,0.6772907972335815,-0.4500470757484436
1.6264005899429321,-1.0953410863876343,3.422750473022461,0.07603616267442703,0.3801807761192322,0.3801807761192322,0.11454887688159943,-0.19198864698410034,0.6547080874443054,-0.7220638394355774
1.6781227588653564,-1.154472827911377,3.414768934249878,0.06680431216955185,0.33402153849601746,0.33402153849601746,0.06622499972581863,-0.4295734167098999,0.8316285014152527,-0.3456515073776245
1.7304353713989258,-1.210228443145752,3.401550531387329,0.07231703400611877,0.3615851402282715,0.3615851402282715,0.41670089960098267,-0.3265206217765808,0.5566074848175049,-0.6402599215507507
1.7868609428405762,-1.262065052986145,3.381848096847534,0.06629708409309387,0.33148545026779175,0.33148545026779175,0.002850147895514965,0.17310091853141785,-0.8667752146720886,0.46768438816070557
1.8509223461151123,-1.3094402551651,3.3544139862060547,0.0808546394109726,0.4042731821537018,0.40427324175834656,0.33425238728523254,-0.5480442643165588,0.7411841750144958,-0.1963896006345749
1.9254480600357056,-1.3514615297317505,3.318209171295166,0.07153602689504623,0.35768014192581177,0.35768014192581177,0.21747928857803345,-0.45046836137771606,0.6442527174949646,-0.5785494446754456
1.9974982738494873,-1.380497694015503,3.2771995067596436,0.08281809091567993,0.4140903651714325,0.41409048438072205,0.051836565136909485,-0.559780478477478,0.8087799549102783,-0.1727246791124344
2.0630080699920654,-1.3964580297470093,3.2334303855895996,0.08271659165620804,0.413582980632782,0.41358304023742676,0.3595064580440521,-0.6646188497543335,0.5837870836257935,-0.29703447222709656
2.12467622756958,-1.4031164646148682,3.1870346069335938,0.08245060592889786,0.41225293278694153,0.4122530519962311,0.05777151882648468,-0.4295671880245209,0.7932566404342651,-0.4276427924633026
2.1851999759674072,-1.4042470455169678,3.1381442546844482,0.06890705972909927,0.34453535079956055,0.34453538060188293,0.21657615900039673,-0.6573070883750916,0.7218238711357117,0.003536555450409651
2.2472777366638184,-1.4036234617233276,3.0868916511535645,0.07570729404687881,0.3785364627838135,0.3785364627838135,0.38388776779174805,-0.6498770713806152,0.5637111067771912,-0.33543965220451355
2.313607692718506,-1.4050198793411255,3.0334086418151855,0.07149955630302429,0.3574977219104767,0.35749784111976624,0.054142072796821594,0.5965144038200378,-0.7514356374740601,0.2767375111579895
2.386888027191162,-1.41221022605896,2.97782826423645,0.06625080853700638,0.3312540054321289,0.3312540054321289,0.38919496536254883,-0.7764361500740051,0.4774317443370819,-0.1331656128168106
1.325046420097351,0.02292919158935547,4.10434103012085,0.07737628370523453,0.38688141107559204,0.38688141107559204,0.9680473804473877,-0.14294593036174774,0.19499541819095612,-0.06653919816017151
1.330995798110962,0.051587916910648346,4.177502632141113,0.08372431248426437,0.4186215102672577,0.4186215102672577,0.860745906829834,-0.4903242588043213,-0.003688529133796692,-0.13669312000274658
1.336510419845581,0.0802336111664772,4.250096321105957,0.0840926244854927,0.4204631745815277,0.4204631447792053,0.9864368438720703,-0.051103655248880386,-0.12082761526107788,-0.09864822030067444
1.3429867029190063,0.10890813171863556,4.32394552230835,0.06467733532190323,0.32338669896125793,0.32338669896125793,0.8890153765678406,-0.32376331090927124,0.3145271837711334,-0.07682237029075623
1.3518221378326416,0.1376534253358841,4.400874137878418,0.0711563304066658,0.3557817041873932,0.3557816743850708,0.9140678644180298,-0.38630521297454834,-0.07941846549510956,-0.09455664455890656
1.3644133806228638,0.16651135683059692,4.482704162597656,0.07376458495855331,0.36882293224334717,0.36882293224334717,0.9374706149101257,0.06660017371177673,0.09056276828050613,-0.3294111490249634
1.3819830417633057,0.19529955089092255,4.570530414581299,0.07039639353752136,0.3519819378852844,0.3519819378852844,0.7949191331863403,-0.49525904655456543,0.2935560941696167,-0.19143374264240265
1.4021825790405273,0.22016651928424835,4.652603626251221,0.07658609002828598,0.3829304575920105,0.3829304575920105,0.873170793056488,-0.2491770088672638,-0.21521785855293274,-0.3593951165676117
1.4237935543060303,0.24094736576080322,4.727039813995361,0.06863438338041306,0.3431719243526459,0.3431718945503235,0.8820888996124268,-0.08360538631677628,0.30116212368011475,-0.35246381163597107
1.4467538595199585,0.25927674770355225,4.797515869140625,0.07045556604862213,0.35227787494659424,0.35227784514427185,0.7607201337814331,-0.4701964557170868,0.12502393126487732,-0.4296383857727051
1.4710023403167725,0.2767893970012665,4.867708683013916,0.07491123676300049,0.37455612421035767,0.37455612421035767,0.8747351765632629,-0.030092090368270874,-0.05602293461561203,-0.48041045665740967
1.4964772462844849,0.2951199412345886,4.941295623779297,0.06398680061101913,0.31993401050567627,0.31993401050567627,0.8040052652359009,-0.2800663411617279,0.3950604498386383,-0.3450588583946228
1.5231168270111084,0.315902978181839,5.0219550132751465,0.06585164368152618,0.3292582035064697,0.3292582035064697,0.8506991267204285,-0.3773347735404968,-0.016213959082961082,-0.365604430437088
1.5330002307891846,0.32431745529174805,5.05349588394165,0.06857448816299438,0.34287241101264954,0.34287241101264954,0.8328028321266174,-0.03817012161016464,0.17255891859531403,-0.5246007442474365
1.7807097434997559,-0.2705415189266205,4.406211853027344,0.07617747783660889,0.38088738918304443,0.3808874189853668,0.21830801665782928,-0.43338507413864136,0.6337091326713562,-0.6024381518363953
1.839774250984192,-0.3108895719051361,4.439064025878906,0.0820629745721817,0.4103148877620697,0.4103148281574249,0.4060814678668976,-0.28023943305015564,0.23174354434013367,-0.8383666276931763
1.898285984992981,-0.3508598804473877,4.471609115600586,0.06448578834533691,0.32242897152900696,0.32242897152900696,0.1877659410238266,-0.21468016505241394,0.6987054944038391,-0.656099796295166
1.957622766494751,-0.3913937211036682,4.504612445831299,0.06485781818628311,0.3242890536785126,0.3242890238761902,0.4791644811630249,-0.49447721242904663,0.42795702815055847,-0.5854454636573792
2.01916241645813,-0.4334324598312378,4.538841724395752,0.08255559951066971,0.41277801990509033,0.4127780497074127,0.2574375867843628,-0.17031145095825195,0.49402016401290894,-0.8128123879432678
2.0842831134796143,-0.47791746258735657,4.575062274932861,0.07701947540044785,0.3850973844528198,0.38509735465049744,0.2813052237033844,-0.41566747426986694,0.6371416449546814,-0.5849260091781616
2.149515151977539,-0.5224785208702087,4.611345291137695,0.06568370014429092,0.3284185230731964,0.328418493270874,0.43657413125038147,-0.27807652950286865,0.2675780951976776,-0.812698245048523
1.9138299226760864,-1.350584626197815,3.3112244606018066,0.06656502932310104,0.3328251242637634,0.3328251242637634,0.14729025959968567,0.3379136025905609,-0.9200002551078796,0.13311463594436646
1.9423801898956299,-1.3850011825561523,3.2447292804718018,0.08336716145277023,0.4168356657028198,0.41683581471443176,0.26782041788101196,-0.30074918270111084,0.9134001135826111,-0.05934928357601166
1.970258355140686,-1.418607234954834,3.1797995567321777,0.06441973894834518,0.32209864258766174,0.32209867238998413,0.0150816785171628,-0.3129384517669678,0.8785685300827026,-0.36049890518188477
1.9980977773666382,-1.4521665573120117,3.1149604320526123,0.06993398070335388,0.349669873714447,0.3496699035167694,0.04957194626331329,0.3519276976585388,-0.9341099262237549,-0.0335882231593132
2.0265321731567383,-1.4864428043365479,3.0487356185913086,0.06917014718055725,0.34585073590278625,0.34585076570510864,0.3290788531303406,-0.3133808970451355,0.8566708564758301,-0.24416105449199677
2.05619478225708,-1.522200107574463,2.9796500205993652,0.06858142465353012,0.3429070711135864,0.3429071009159088,0.22692720592021942,0.3014059364795685,-0.8787388205528259,0.2923637926578522
2.087719440460205,-1.5602021217346191,2.9062271118164062,0.0760706216096878,0.38035300374031067,0.3803531229496002,0.12960684299468994,-0.4393675625324249,0.8877846598625183,-0.04468291252851486
2.110081195831299,-1.5871583223342896,2.8541455268859863,0.07287468761205673,0.36437341570854187,0.36437341570854187,0.06371069699525833,-0.29535576701164246,0.8202598690986633,-0.4856744706630707
-0.36472073197364807,0.5443252921104431,2.602168321609497,0.06854446232318878,0.3427222669124603,0.34272223711013794,0.7072184681892395,-0.6943423748016357,0.1066957488656044,-0.0796666219830513
-0.3606053292751312,0.5981453061103821,2.6546502113342285,0.0761842280626297,0.3809211254119873,0.3809210956096649,0.910904586315155,-0.3120274543762207,-0.2638472020626068,-0.057238925248384476
-0.35540491342544556,0.65187668800354,2.706317901611328,0.08932369202375412,0.4466184675693512,0.4466184675693512,0.8173616528511047,-0.4486744701862335,0.31732723116874695,-0.17295841872692108
-0.35092779994010925,0.7056671380996704,2.758528709411621,0.08389103412628174,0.4194551706314087,0.4194551706314087,0.7221047282218933,-0.654522180557251,-0.20873641967773438,0.08120766282081604
-0.3489823341369629,0.7596645355224609,2.812638998031616,0.08783729374408722,0.4391864538192749,0.4391864538192749,0.9462414979934692,-0.3072642683982849,0.001966893207281828,-0.10105345398187637
-0.35137683153152466,0.814016580581665,2.870007038116455,0.07820184528827667,0.39100924134254456,0.39100924134254456,0.6970710158348083,-0.7090969085693359,0.10107162594795227,-0.032528240233659744
-0.35991954803466797,0.86887127161026,2.9319891929626465,0.08835054934024811,0.4417528212070465,0.4417528212070465,0.8749728798866272,-0.30113351345062256,-0.2992013692855835,0.23285113275051117
-0.3763055205345154,0.9241304993629456,2.9996774196624756,0.07125693559646606,0.35628464818000793,0.35628464818000793,0.9189885258674622,-0.38672935962677,0.07662856578826904,0.005350162275135517
-0.39809322357177734,0.9724725484848022,3.065683126449585,0.07299067825078964,0.3649534285068512,0.3649533987045288,0.7220986485481262,-0.5726127028465271,-0.29579228162765503,0.2513864040374756
-0.42338111996650696,1.0124914646148682,3.127194881439209,0.067644864320755,0.338224321603775,0.338224321603775,0.949218213558197,-0.11926551908254623,-0.0959378331899643,0.27487534284591675
-0.4518546462059021,1.0469969511032104,3.185662269592285,0.0816294401884079,0.40814727544784546,0.40814724564552307,0.7120212316513062,-0.6326470971107483,0.05220731720328331,0.3000962436199188
-0.48319923877716064,1.0787986516952515,3.24253511428833,0.06928760558366776,0.3464380204677582,0.34643805027008057,0.828041672706604,-0.31620973348617554,-0.3635580837726593,0.28667739033699036
-0.51710045337677,1.110706090927124,3.2992630004882812,0.08129396289587021,0.40646979212760925,0.40646979212760925,0.8669215440750122,-0.3513500690460205,-0.012364763766527176,0.35333728790283203
-0.5532435178756714,1.1455285549163818,3.357295513153076,0.06746433675289154,0.3373216986656189,0.3373216688632965,0.6559659838676453,-0.6313991546630859,-0.25838688015937805,0.32292404770851135
-0.5913141369819641,1.186076045036316,3.4180827140808105,0.0710960179567337,0.3554800748825073,0.3554800748825073,0.8631864786148071,-0.12392780929803848,-0.28727537393569946,0.39626234769821167
-0.6312311887741089,1.2339030504226685,3.481746196746826,0.07392781227827072,0.3696390390396118,0.3696390390396118,0.7737981677055359,-0.5337695479393005,0.16556903719902039,0.2981833815574646
-0.6742666959762573,1.2798480987548828,3.5379879474639893,0.07823450118303299,0.39117246866226196,0.39117246866226196,0.675128698348999,-0.5540532469749451,-0.3431414067745209,0.3456590473651886
-0.71897953748703,1.3228486776351929,3.586813449859619,0.06498942524194717,0.3249471187591553,0.3249471187591553,0.9053740501403809,-0.2689463198184967,-0.1609203964471817,0.2864791452884674
-0.7632972002029419,1.364598274230957,3.631314516067505,0.06964214891195297,0.34821072220802307,0.34821072220802307,0.6360094547271729,-0.7440283298492432,-0.17173853516578674,0.11144334077835083
-0.805147647857666,1.4067903757095337,3.674581527709961,0.08691312372684479,0.43456554412841797,0.43456557393074036,0.7177678942680359,-0.31535959243774414,-0.3945557475090027,0.4792529046535492
-0.8424584269523621,1.4511187076568604,3.719705820083618,0.08175482600927353,0.40877413749694824,0.40877413749694824,0.8781622052192688,-0.40393930673599243,0.1562507003545761,0.20310065150260925
-0.8731571435928345,1.4992766380310059,3.7697794437408447,0.07514118403196335,0.3757059574127197,0.3757059574127197,0.7107614874839783,-0.6358746290206909,-0.28414106369018555,0.09871886670589447
-0.8951717615127563,1.5529580116271973,3.8278934955596924,0.08459097892045975,0.42295485734939575,0.42295485734939575,0.9412678480148315,-0.24414946138858795,-0.09112324565649033,0.21471482515335083
-0.9042864441871643,1.6112385988235474,3.8934316635131836,0.07606769353151321,0.38033849000930786,0.38033849000930786,0.8204150199890137,-0.5251159071922302,0.21953606605529785,-0.05455654487013817
-0.8934229016304016,1.6649836301803589,3.953817129135132,0.07656548917293549,0.382827490568161,0.382827490568161,0.826380729675293,-0.537002444267273,-0.11406349390745163,-0.12535086274147034
-0.8682393431663513,1.7145707607269287,4.00952672958374,0.07349137216806412,0.36745685338974,0.36745685338974,0.8831143975257874,-0.26396459341049194,0.1980126053094864,-0.33350062370300293
-0.8355841636657715,1.7615361213684082,4.062656402587891,0.06832688301801682,0.34163448214530945,0.34163445234298706,0.6149916052818298,-0.7039781212806702,0.19635722041130066,-0.29604724049568176
-0.8023058176040649,1.8074169158935547,4.1153035163879395,0.07944474369287491,0.39722371101379395,0.39722371101379395,0.9116438031196594,-0.25448837876319885,-0.11811026185750961,-0.3003184497356415
-0.7752526998519897,1.8537492752075195,4.169565200805664,0.07373815774917603,0.3686908185482025,0.3686908483505249,0.7281175851821899,-0.49556708335876465,0.33108285069465637,-0.33858853578567505
-0.7612734436988831,1.9020702838897705,4.227538108825684,0.07667221128940582,0.3833611011505127,0.3833611011505127,0.8302952647209167,-0.46391209959983826,-0.30863144993782043,0.011918063275516033
-0.7672163248062134,1.9539164304733276,4.291319370269775,0.06999083608388901,0.34995415806770325,0.34995412826538086,0.9352100491523743,-0.27236267924308777,0.12217286229133606,0.19045871496200562
-0.7941702008247375,2.0052287578582764,4.356121063232422,0.06890324503183365,0.3445162773132324,0.34451624751091003,0.6433901786804199,-0.7081560492515564,-0.1277584284543991,0.2612314522266388
-0.8323485851287842,2.0466179847717285,4.410314559936523,0.08137404918670654,0.4068702459335327,0.4068702161312103,0.7831927537918091,-0.20896300673484802,-0.382681280374527,0.4432815909385681
-0.8794916272163391,2.0804009437561035,4.456441402435303,0.07741955667734146,0.3870977461338043,0.38709771633148193,0.7892153263092041,-0.5457614064216614,0.021545618772506714,0.2807481586933136
-0.9336411356925964,2.1092514991760254,4.497478485107422,0.08226916939020157,0.411345899105072,0.41134586930274963,0.4691072106361389,-0.5501566529273987,-0.549531102180481,0.41866642236709595
-0.9928387403488159,2.1358442306518555,4.536403656005859,0.07930252701044083,0.39651256799697876,0.39651259779930115,0.8318976163864136,-0.2226601094007492,-0.20090633630752563,0.46691054105758667
-1.0551260709762573,2.162853240966797,4.5761942863464355,0.07317496091127396,0.3658748269081116,0.3658748269081116,0.6291578412055969,-0.672877311706543,-0.3253183662891388,0.2134583741426468
-1.1185449361801147,2.1929526329040527,4.6198272705078125,0.0691160038113594,0.3455800414085388,0.3455800414085388,0.7258042693138123,-0.21685071289539337,-0.4647224247455597,0.45849427580833435
-1.1811367273330688,2.228816509246826,4.670280933380127,0.07779641449451447,0.38898199796676636,0.38898199796676636,0.8036468029022217,-0.5196742415428162,-0.11658099293708801,0.2655172049999237
-0.36782294511795044,0.9269404411315918,2.991541624069214,0.07627817988395691,0.38139089941978455,0.38139089941978455,0.6786683201789856,-0.7338535785675049,0.02385779656469822,-0.01729545183479786
-0.34440577030181885,0.9930341243743896,3.021897554397583,0.07715929299592972,0.38579651713371277,0.3857964873313904,0.9292784929275513,-0.3457072377204895,0.07595141977071762,-0.1056383028626442
-0.3204088509082794,1.0564793348312378,3.0540311336517334,0.07503049820661545,0.37515249848365784,0.37515249848365784,0.6260166764259338,-0.6702367663383484,0.3674996793270111,-0.15436898171901703
-0.29629918932914734,1.1194096803665161,3.086510181427002,0.0759970098733902,0.3799850642681122,0.3799850642681122,0.7260568737983704,-0.6488888263702393,-0.20908157527446747,-0.08983048051595688
-0.27254393696784973,1.183958888053894,3.1179027557373047,0.08668586611747742,0.43342939019203186,0.43342939019203186,0.8366559743881226,-0.45264825224876404,0.26055043935775757,-0.16501471400260925
-0.24961015582084656,1.252260446548462,3.1467771530151367,0.07311643660068512,0.3655821979045868,0.3655821979045868,0.570304811000824,-0.8069685101509094,0.08820932358503342,-0.1255919486284256
-0.22796493768692017,1.3264484405517578,3.1717019081115723,0.06728540360927582,0.3364269733428955,0.3364270031452179,0.8373912572860718,-0.5406164526939392,-0.005054022651165724,0.0805249884724617
-0.20807532966136932,1.4086560010910034,3.1912448406219482,0.0690745860338211,0.3453729450702667,0.3453729450702667,0.6646866798400879,-0.615714430809021,0.3659003973007202,-0.21261289715766907
-0.1916065216064453,1.493666172027588,3.2048916816711426,0.07521101087331772,0.37605518102645874,0.37605518102645874,0.54722660779953,-0.8352762460708618,-0.05112836882472038,0.015573936514556408
-0.17991620302200317,1.5721306800842285,3.213531732559204,0.08751899749040604,0.437595009803772,0.4375949800014496,0.791397213935852,-0.6089441776275635,0.05338882654905319,-0.005202083382755518
-0.1717798113822937,1.6463327407836914,3.2172257900238037,0.06502127647399902,0.3251063823699951,0.3251064121723175,0.49232620000839233,-0.830610990524292,0.24040493369102478,-0.09952777624130249
-0.1659444123506546,1.7187031507492065,3.216019630432129,0.06620272994041443,0.3310137987136841,0.3310137689113617,0.5473200678825378,-0.8086719512939453,-0.08310303092002869,0.19895802438259125
-0.1611570417881012,1.791672706604004,3.2099592685699463,0.0706077590584755,0.35303884744644165,0.35303881764411926,0.7601518034934998,-0.6333202719688416,0.1320701539516449,-0.06026740372180939
-0.15616478025913239,1.8676722049713135,3.1990902423858643,0.06752587109804153,0.3376293480396271,0.3376293480396271,0.34813907742500305,-0.9290619492530823,0.09694705158472061,-0.07902149856090546
-0.14971467852592468,1.949133038520813,3.1834588050842285,0.07188232988119125,0.35941165685653687,0.3594116270542145,0.6306353211402893,-0.7566153407096863,-0.16636767983436584,0.04641292244195938
-0.1411445438861847,2.035816192626953,3.1641345024108887,0.07310108095407486,0.36550551652908325,0.36550554633140564,0.555208683013916,-0.784352719783783,0.2531886696815491,-0.11148814857006073
-0.13263581693172455,2.1166791915893555,3.1452624797821045,0.0746670514345169,0.3733352720737457,0.3733352720737457,0.31323838233947754,-0.9427269697189331,-0.09749976545572281,0.06034398823976517
-0.12462223321199417,2.1914594173431396,3.125349283218384,0.06834237277507782,0.3417119085788727,0.3417119085788727,0.7054772973060608,-0.7079210877418518,0.03386996313929558,-0.001529153436422348
-0.11719388514757156,2.2616162300109863,3.1021530628204346,0.08167052268981934,0.4083525836467743,0.4083526134490967,0.31771320104599,-0.9228720664978027,0.10776402056217194,-0.1890830397605896
-0.1104409247636795,2.328608751296997,3.0734305381774902,0.08097642660140991,0.40488213300704956,0.40488213300704956,0.4515095353126526,-0.8585831522941589,-0.13191759586334229,0.20389176905155182
-0.10445345938205719,2.3938965797424316,3.0369396209716797,0.0703209936618805,0.35160499811172485,0.35160496830940247,0.5057456493377686,-0.8325591087341309,0.14439894258975983,-0.1738264411687851
-0.0993216410279274,2.458939552307129,2.9904377460479736,0.08300665766000748,0.41503334045410156,0.4150333106517792,0.10838645696640015,-0.9921157360076904,0.049036551266908646,0.039423950016498566
-0.09517058730125427,2.5246617794036865,2.932037353515625,0.08180087804794312,0.40900442004203796,0.40900442004203796,0.44573521614074707,-0.8845927715301514,-0.13627532124519348,0.015644168481230736
-0.09285296499729156,2.5793144702911377,2.869136095046997,0.07637199014425278,0.3818599283695221,0.38185998797416687,0.1370767056941986,-0.9702527523040771,0.13884343206882477,-0.14332477748394012
-0.09233887493610382,2.620636463165283,2.8050618171691895,0.07666832953691483,0.3833417594432831,0.38334178924560547,0.08310475200414658,-0.9750877022743225,-0.14996127784252167,0.1407451033592224
-0.09314148128032684,2.6527392864227295,2.739250421524048,0.07206422090530396,0.3603210747241974,0.3603210747241974,0.3116956949234009,-0.9233338236808777,-0.08061986416578293,-0.2092866450548172
-0.09477396309375763,2.679734230041504,2.6711373329162598,0.070797398686409,0.3539871275424957,0.3539871573448181,0.17727826535701752,0.9806047081947327,0.08158251643180847,-0.01819511130452156
-0.09674948453903198,2.705733299255371,2.600158214569092,0.07881415635347366,0.39407092332839966,0.39407092332839966,0.34238409996032715,-0.9150097966194153,-0.05210069939494133,0.20691940188407898
-0.0985812395811081,2.7348480224609375,2.525749683380127,0.08230765163898468,0.4115382134914398,0.4115382134914398,0.07886269688606262,-0.964073121547699,0.16392013430595398,-0.1935817450284958
-0.09978238493204117,2.7711892127990723,2.4473464488983154,0.07714013010263443,0.38570064306259155,0.38570067286491394,0.08682797104120255,0.9705244898796082,0.1086074486374855,-0.1968437284231186
-0.09984636306762695,2.775190591812134,2.439624309539795,0.07278695702552795,0.36393478512763977,0.36393478512763977,0.3793734014034271,-0.9156094789505005,-0.09965229779481888,-0.08834344148635864
-0.9368764162063599,1.6027209758758545,3.8677313327789307,0.07924654334783554,0.3962326645851135,0.3962326645851135,0.5712845325469971,-0.7246016263961792,-0.3135475218296051,0.22421953082084656
-0.9951567649841309,1.6445341110229492,3.894303321838379,0.0648471862077713,0.3242359161376953,0.3242359459400177,0.6668450236320496,-0.3243582546710968,-0.452567458152771,0.4952698349952698
-1.052541971206665,1.6849640607833862,3.9233617782592773,0.0788206160068512,0.394103080034256,0.394103080034256,0.7507537603378296,-0.6027940511703491,0.027659909799695015,0.2687806785106659
-1.109985589981079,1.7254841327667236,3.9522576332092285,0.06369776278734207,0.31848880648612976,0.31848880648612976,0.5262069702148438,-0.6338176131248474,-0.49611154198646545,0.2743261158466339
-1.1684409379959106,1.7675676345825195,3.978343963623047,0.0767015591263771,0.38350778818130493,0.38350778818130493,0.782237708568573,-0.43043774366378784,-0.25762131810188293,0.3694031834602356
-1.2288618087768555,1.8126881122589111,3.998971939086914,0.07926137000322342,0.3963068425655365,0.3963068425655365,0.5130612254142761,-0.8245015144348145,-0.16027261316776276,0.176856130361557
-1.2922015190124512,1.862318515777588,4.0114946365356445,0.06636136025190353,0.33180683851242065,0.33180683851242065,0.5283811092376709,-0.5024499893188477,-0.5810670852661133,0.36155012249946594
-1.359413504600525,1.9179326295852661,4.01326322555542,0.0734354704618454,0.3671773672103882,0.3671773672103882,0.737828254699707,-0.6551485061645508,-0.1513431966304779,0.05903476104140282
-1.4238204956054688,1.9741746187210083,4.003439426422119,0.07930866628885269,0.39654338359832764,0.39654338359832764,0.21944546699523926,-0.8513342142105103,-0.41640639305114746,0.23168830573558807
-1.4793968200683594,2.0254287719726562,3.984325408935547,0.0748005285859108,0.37400269508361816,0.37400269508361816,0.656904399394989,-0.5670040845870972,-0.38652780652046204,0.3123767077922821
-1.5288697481155396,2.073469638824463,3.9578771591186523,0.07049393653869629,0.3524697422981262,0.3524697422981262,0.33869805932044983,-0.9257636070251465,-0.15143293142318726,-0.072892926633358
-1.5749685764312744,2.120072603225708,3.926051378250122,0.07508330047130585,0.37541651725769043,0.3754165768623352,0.30621078610420227,-0.7697198987007141,-0.5004805326461792,0.25156617164611816
-1.6204230785369873,2.1670138835906982,3.890803813934326,0.07231304794549942,0.3615652322769165,0.3615652620792389,0.55632084608078,-0.7740156650543213,-0.29814228415489197,0.050179749727249146
-1.6679620742797852,2.216069221496582,3.854090452194214,0.0777072086930275,0.3885360658168793,0.3885360658168793,0.07995831221342087,-0.9289590716362,-0.3513581156730652,0.08478927612304688
-1.7203152179718018,2.2690155506134033,3.8178677558898926,0.06610608100891113,0.3305303752422333,0.33053040504455566,0.5280532836914062,-0.6742597222328186,-0.4292623996734619,0.2868229150772095
-1.7571732997894287,2.3053388595581055,3.796083688735962,0.07092367857694626,0.3546184301376343,0.35461845993995667,0.44413965940475464,-0.8940597176551819,-0.058114152401685715,-0.004468817729502916
-0.7745908498764038,2.024507999420166,4.319267272949219,0.06732280552387238,0.33661410212516785,0.33661410212516785,0.5456923246383667,-0.8057242035865784,-0.1647637039422989,0.16087672114372253
-0.778471827507019,2.0970358848571777,4.336662769317627,0.07561969012022018,0.3780984580516815,0.3780984580516815,0.8696773052215576,-0.49324387311935425,-0.017448872327804565,0.008211782202124596
-0.7823023200035095,2.168621063232422,4.353832244873047,0.07067566365003586,0.3533782660961151,0.3533782660961151,0.5204852223396301,-0.8366246223449707,0.06154486909508705,-0.1592690646648407
-0.786159098148346,2.240696430206299,4.371119022369385,0.08143846690654755,0.4071924090385437,0.4071923792362213,0.7248772382736206,-0.6515012979507446,-0.11085499078035355,0.19444851577281952
-0.7901188135147095,2.314695358276367,4.388867378234863,0.07449601590633392,0.3724801242351532,0.3724801242351532,0.7895737290382385,-0.5872300267219543,0.13815778493881226,-0.11245745420455933
-0.7942581176757812,2.3920505046844482,4.407420635223389,0.06734223663806915,0.33671122789382935,0.33671122789382935,0.49261474609375,-0.8642879724502563,-0.06782105565071106,0.07574506103992462
-0.7986537218093872,2.4741952419281006,4.427122592926025,0.08213681727647781,0.41068407893180847,0.4106840491294861,0.8535820245742798,-0.4680561125278473,-0.12102312594652176,0.19409947097301483
-0.8013201355934143,2.5240259170532227,4.4390740394592285,0.07614020258188248,0.3807010352611542,0.3807010352611542,0.6749551296234131,-0.6787134408950806,0.28121501207351685,-0.06856918334960938
-0.09288822114467621,-0.33459001779556274,2.998776912689209,0.09004053473472595,0.45020267367362976,0.45020267367362976,0.006480569485574961,0.16310502588748932,-0.5812735557556152,0.7971673607826233
-0.09381172806024551,-0.365448921918869,3.0342235565185547,0.09051007777452469,0.45255032181739807,0.4525502622127533,0.07957974821329117,-0.02884870208799839,-0.21056917309761047,0.9739072918891907
-0.09455989301204681,-0.3956948518753052,3.069302558898926,0.08653691411018372,0.4326845109462738,0.4326845109462738,0.09266889095306396,-0.0867651179432869,-0.6121806502342224,0.7804608941078186
-0.09522729367017746,-0.4256584048271179,3.104212522506714,0.06813479214906693,0.34067389369010925,0.34067386388778687,0.013131657615303993,0.19713924825191498,-0.3399726450443268,0.9194467067718506
-0.09590847045183182,-0.45567023754119873,3.1391513347625732,0.06791581958532333,0.33957910537719727,0.3395790755748749,0.013464890420436859,0.21693357825279236,0.38109517097473145,-0.8986239433288574
-0.09669804573059082,-0.4860609471797943,3.1743173599243164,0.08058559894561768,0.4029279053211212,0.40292784571647644,0.02102537825703621,0.11983282119035721,-0.6227700114250183,0.7728877663612366
-0.09769057482481003,-0.5171611309051514,3.2099087238311768,0.09066743403673172,0.4533371329307556,0.453337162733078,0.09959834069013596,-0.059851277619600296,0.14032211899757385,-0.9832637906074524
-0.09898065030574799,-0.5493013858795166,3.2461233139038086,0.07215354591608047,0.36076775193214417,0.3607677221298218,0.06569322198629379,-0.2737671434879303,-0.5346918702125549,0.796768844127655
-0.10066281259059906,-0.5828124284744263,3.2831599712371826,0.08812824636697769,0.44064122438430786,0.4406411647796631,0.04488877207040787,-0.19771316647529602,0.5220888257026672,-0.8284429907798767
-0.10283167660236359,-0.6180248260498047,3.321216106414795,0.07961080968379974,0.3980540335178375,0.398053914308548,0.09018002450466156,-0.13589537143707275,-0.20812731981277466,0.9644080996513367
-0.10558180510997772,-0.6552690863609314,3.360490322113037,0.08639778941869736,0.431988924741745,0.4319888949394226,0.10973666608333588,-0.048467136919498444,-0.6932530403137207,0.7106398344039917
-0.1091613695025444,-0.6942221522331238,3.4009530544281006,0.07478444278240204,0.373922199010849,0.373922199010849,0.056018661707639694,0.18861646950244904,-0.27262985706329346,0.9417847990989685
-0.11462747305631638,-0.730333149433136,3.440911293029785,0.06797361373901367,0.33986803889274597,0.33986806869506836,0.06846234202384949,-0.34762099385261536,-0.40852808952331543,0.8411761522293091
-0.12168706208467484,-0.7634283900260925,3.4798743724823,0.0779566764831543,0.3897833526134491,0.3897833526134491,0.04825723171234131,0.06885796040296555,-0.5798817276954651,0.8103499412536621
-0.12975823879241943,-0.794443666934967,3.5177078247070312,0.07820355147123337,0.3910177946090698,0.39101770520210266,0.17355027794837952,-0.025511547923088074,-0.15610769391059875,0.9720390439033508
-0.1382591724395752,-0.8243148326873779,3.5542802810668945,0.07178150862455368,0.3589074909687042,0.3589074909687042,0.07678765803575516,-0.3234576880931854,-0.5958656668663025,0.7310423851013184
-0.14660793542861938,-0.8539777994155884,3.5894570350646973,0.07676748186349869,0.38383743166923523,0.38383743166923523,0.05742882937192917,0.15558858215808868,-0.46694985032081604,0.8685919642448425
-0.15422268211841583,-0.8843684196472168,3.6231064796447754,0.08341381698846817,0.4170690178871155,0.41706907749176025,0.059960804879665375,-0.2207333743572235,-0.26108813285827637,0.9378243088722229
-0.1605215221643448,-0.9164226651191711,3.6550941467285156,0.06842459738254547,0.34212297201156616,0.34212297201156616,0.04991835728287697,-0.10292134433984756,-0.7272140979766846,0.6768123507499695
-0.1649225652217865,-0.9510762691497803,3.6852869987487793,0.08236301690340042,0.4118150472640991,0.4118151068687439,0.03896204009652138,-0.13694407045841217,0.40498653054237366,-0.9031689763069153
-0.1668439507484436,-0.9892652034759521,3.713552474975586,0.06764217466115952,0.3382108807563782,0.3382108807563782,0.12479851394891739,-0.23052160441875458,-0.5207055807113647,0.8124966621398926
-0.16570380330085754,-1.0319253206253052,3.7397572994232178,0.07627035677433014,0.3813518285751343,0.3813518285751343,0.07063513249158859,-0.1744416058063507,0.7001877427101135,-0.6887073516845703
-0.16092026233673096,-1.079992413520813,3.763768196105957,0.0764029398560524,0.382014662027359,0.38201460242271423,0.10237579047679901,0.0018735206685960293,0.3820149004459381,-0.918466329574585
-0.15232416987419128,-1.1304974555969238,3.7843096256256104,0.08368325978517532,0.41841626167297363,0.4184163212776184,0.04580369219183922,-0.03491668775677681,-0.7759137153625488,0.6282044053077698
-0.14064043760299683,-1.1780256032943726,3.799814224243164,0.08609987795352936,0.4304993450641632,0.4304993450641632,0.15296019613742828,-0.2803589105606079,0.6115657091140747,-0.7238711714744568
-0.12640342116355896,-1.223179817199707,3.8107750415802,0.08586131781339645,0.4293065369129181,0.4293065071105957,0.034436628222465515,-0.09115497767925262,-0.6227970719337463,0.7762916088104248
-0.11014197766780853,-1.266640543937683,3.8177108764648438,0.07200200110673904,0.36000996828079224,0.36000996828079224,0.1369735300540924,-0.2829349637031555,0.8572447896003723,-0.4078204333782196
-0.09238504618406296,-1.3090888261795044,3.8211379051208496,0.07568997144699097,0.37844985723495483,0.37844982743263245,0.13024179637432098,-0.21171589195728302,0.5161505341529846,-0.8196353316307068
-0.07366150617599487,-1.3512053489685059,3.8215761184692383,0.08625370264053345,0.43126851320266724,0.43126851320266724,0.018755504861474037,-0.002612821524962783,-0.8844051957130432,0.4663355350494385
-0.05450024828314781,-1.3936707973480225,3.8195416927337646,0.073030486702919,0.36515241861343384,0.3651524484157562,0.2141595482826233,-0.3486115634441376,0.725460946559906,-0.5534546375274658
-0.035430170595645905,-1.4371662139892578,3.8155531883239746,0.06907100975513458,0.34535500407218933,0.3453550338745117,0.07477430254220963,-0.01220785453915596,0.7253141403198242,-0.6842362880706787
-0.016980178654193878,-1.4823718070983887,3.8101282119750977,0.07736995071172714,0.3868497312068939,0.3868497908115387,0.08904743194580078,-0.15716736018657684,0.9070226550102234,-0.3803666830062866
0.00032085180282592773,-1.5299688577651978,3.8037843704223633,0.06781429052352905,0.33907145261764526,0.33907145261764526,0.25030478835105896,-0.2307536005973816,0.6490373015403748,-0.6803314685821533
0.015944011509418488,-1.5806376934051514,3.79703950881958,0.07528702914714813,0.37643516063690186,0.37643513083457947,0.04913868382573128,-0.19828300178050995,-0.7893816232681274,0.5789178609848022
0.029353423044085503,-1.6347055435180664,3.790433406829834,0.07569104433059692,0.3784552216529846,0.37845519185066223,0.23021504282951355,-0.1348789930343628,0.9177836179733276,-0.2940780818462372
0.04018642008304596,-1.6876165866851807,3.7844860553741455,0.06658700853586197,0.3329349458217621,0.3329349160194397,0.1089898869395256,-0.15907570719718933,0.5734007954597473,-0.7962585091590881
0.048738859593868256,-1.7380748987197876,3.778820753097534,0.06421889364719391,0.3210943341255188,0.3210943937301636,0.09816142171621323,-0.10804919898509979,-0.8715260624885559,0.4681153893470764
0.05541321635246277,-1.786457896232605,3.7728705406188965,0.08297931402921677,0.41489654779434204,0.41489657759666443,0.2629830837249756,-0.25854071974754333,0.8052301406860352,-0.4643285870552063
0.06061195954680443,-1.8331425189971924,3.766071319580078,0.07374987751245499,0.3687492907047272,0.3687492907047272,0.07361700385808945,-0.08023881912231445,-0.6428167223930359,0.7582406401634216
0.06473757326602936,-1.8785054683685303,3.757857084274292,0.0657447949051857,0.32872387766838074,0.3287240266799927,0.016536463052034378,0.09226436167955399,0.9579048156738281,-0.27135246992111206
0.06819252669811249,-1.9229240417480469,3.747662305831909,0.06518041342496872,0.3259020745754242,0.3259021043777466,0.0511535219848156,-0.2236403375864029,0.7705883979797363,-0.5946106910705566
0.07137929648160934,-1.9667749404907227,3.734921455383301,0.06717051565647125,0.3358525335788727,0.3358525335788727,0.04310905933380127,-0.1708720326423645,-0.8369044661521912,0.5182039141654968
0.07470036298036575,-2.010435104370117,3.719069004058838,0.08335410058498383,0.41677048802375793,0.4167705476284027,0.055090151727199554,-0.21907691657543182,0.9330064654350281,-0.2801238000392914
0.07855818420648575,-2.0542819499969482,3.6995396614074707,0.06945012509822845,0.3472505807876587,0.3472505807876587,0.0926937535405159,0.026412703096866608,0.8061046004295349,-0.5838713049888611
0.08335525542497635,-2.098691940307617,3.675767660140991,0.06995431333780289,0.34977155923843384,0.34977155923843384,0.14414715766906738,-0.03681626170873642,-0.953123927116394,0.263478547334671
0.08949402719736099,-2.1440422534942627,3.6471872329711914,0.07680509984493256,0.384025514125824,0.3840254843235016,0.14271144568920135,-0.22662265598773956,0.8914233446121216,-0.3655681014060974
0.09666969627141953,-2.1883535385131836,3.614501953125,0.07731860876083374,0.3865929841995239,0.3865929841995239,0.03617824241518974,-0.07213879376649857,-0.889399528503418,0.4499507248401642
0.10340924561023712,-2.2266018390655518,3.5805211067199707,0.0826973095536232,0.4134864807128906,0.4134865403175354,0.030445272102952003,-0.027315974235534668,0.9962442517280579,-0.07631682604551315
0.109738290309906,-2.2595527172088623,3.5453784465789795,0.06636026501655579,0.33180126547813416,0.33180126547813416,0.27174311876296997,-0.19196753203868866,0.8436427116394043,-0.42139190435409546
0.11575669795274734,-2.2882351875305176,3.50907301902771,0.08031142503023148,0.4015570878982544,0.4015571177005768,0.2763552963733673,0.04527377709746361,-0.9331796765327454,0.22528594732284546
0.12156438827514648,-2.313678741455078,3.4716055393218994,0.0821227952837944,0.4106138050556183,0.4106139838695526,0.236683189868927,-0.19247841835021973,0.9513692855834961,0.04277373477816582
0.12726126611232758,-2.3369131088256836,3.4329757690429688,0.06243782490491867,0.31218910217285156,0.31218910217285156,0.04191970080137253,-0.05889805033802986,0.92171311378479,-0.38107576966285706
0.13294722139835358,-2.3589673042297363,3.393183469772339,0.07222957909107208,0.36114782094955444,0.3611478805541992,0.16383524239063263,0.053626060485839844,-0.9842209219932556,-0.03989234194159508
0.13872216641902924,-2.380871295928955,3.3522286415100098,0.07734375447034836,0.3867187201976776,0.38671875,0.2529831528663635,-0.14953291416168213,0.9476446509361267,-0.12493620067834854
0.14468598365783691,-2.403654098510742,3.3101115226745605,0.08011721074581146,0.40058594942092896,0.40058600902557373,0.15252813696861267,0.03902550786733627,-0.9190627336502075,0.36129751801490784
0.15093860030174255,-2.4283456802368164,3.266831636428833,0.07442064583301544,0.37210312485694885,0.37210318446159363,0.0045049916952848434,-0.16721194982528687,0.9854201674461365,0.031097223982214928
0.15757989883422852,-2.45597505569458,3.2223894596099854,0.08029284328222275,0.4014641344547272,0.4014642536640167,0.20856551826000214,-0.1603669971227646,0.871806800365448,-0.41320177912712097
0.16331839561462402,-2.4812402725219727,3.18550443649292,0.062094639986753464,0.31047308444976807,0.31047317385673523,0.2507878541946411,-0.014994224533438683,-0.9546872973442078,0.15953944623470306
-0.1773899644613266,-1.1123274564743042,3.79506778717041,0.086331807076931,0.4316590428352356,0.4316590130329132,0.13437266647815704,-0.05419957637786865,-0.575574517250061,0.8048107624053955
-0.19723723828792572,-1.140282154083252,3.827848196029663,0.08242123574018478,0.4121062159538269,0.41210615634918213,0.3835315704345703,-0.1168450266122818,-0.2215825617313385,0.8889049291610718
-0.21711169183254242,-1.1670175790786743,3.8608224391937256,0.06977328658103943,0.34886643290519714,0.34886640310287476,0.3488313853740692,-0.2622748017311096,-0.641319751739502,0.6310607194900513
-0.23700043559074402,-1.1931114196777344,3.8938987255096436,0.06529201567173004,0.326460063457489,0.326460063457489,0.3389820456504822,0.14862944185733795,-0.32193806767463684,0.8714105486869812
-0.2568906247615814,-1.2191414833068848,3.9269845485687256,0.06978083401918411,0.34890416264533997,0.34890416264533997,0.3890380859375,-0.4450928866863251,-0.38443270325660706,0.7090508937835693
-0.27676934003829956,-1.2456854581832886,3.959989309310913,0.07687176764011383,0.38435882329940796,0.38435882329940796,0.16358940303325653,-0.012570352293550968,-0.5914664268493652,0.7894605398178101
-0.29662370681762695,-1.2733209133148193,3.9928202629089355,0.06879809498786926,0.3439904451370239,0.3439904451370239,0.2596909701824188,-0.13423070311546326,-0.16845117509365082,0.9413644075393677
-0.3164408504962921,-1.3026257753372192,4.025386810302734,0.08509588986635208,0.4254794418811798,0.4254794716835022,0.23981598019599915,-0.36059850454330444,-0.6175240874290466,0.6565980315208435
-0.33620789647102356,-1.3341777324676514,4.057596206665039,0.06843556463718414,0.3421778082847595,0.3421778082847595,0.049069132655858994,0.07557503134012222,-0.5117723941802979,0.8543826341629028
-0.35591188073158264,-1.3685543537139893,4.089357376098633,0.0774315819144249,0.3871578872203827,0.3871578574180603,0.2059624046087265,-0.28534576296806335,-0.26596710085868835,0.8974512815475464
-0.37553998827934265,-1.4063334465026855,4.120577335357666,0.08104492723941803,0.40522462129592896,0.40522459149360657,0.0704047754406929,-0.27269497513771057,-0.7237991094589233,0.6299170255661011
-0.3950793147087097,-1.4480926990509033,4.1511664390563965,0.06697282195091248,0.33486407995224,0.3348640501499176,0.21579445898532867,0.07391778379678726,-0.5035049915313721,0.833337664604187
-0.4134635925292969,-1.4916949272155762,4.179816246032715,0.08433962613344193,0.4216981530189514,0.42169812321662903,0.1811964213848114,-0.40588510036468506,-0.4532715082168579,0.7726383805274963
-0.4294918179512024,-1.5338988304138184,4.20509672164917,0.06482157856225967,0.3241078853607178,0.3241078853607178,0.02178693562746048,0.03276858478784561,0.7864628434181213,-0.6163828372955322
-0.44355762004852295,-1.5750969648361206,4.227435111999512,0.0856468603014946,0.4282342493534088,0.4282343089580536,0.002756622154265642,0.015446329489350319,-0.35715681314468384,0.9339126348495483
-0.45606371760368347,-1.6157032251358032,4.247269630432129,0.06652411073446274,0.3326205015182495,0.3326205611228943,0.30104413628578186,-0.29597899317741394,-0.6565153002738953,0.6251052021980286
-0.46741288900375366,-1.6561318635940552,4.265038967132568,0.07723262906074524,0.3861630856990814,0.3861630856990814,0.13422051072120667,-0.1212553009390831,0.7062811255455017,-0.6844334006309509
-0.4780079126358032,-1.6967971324920654,4.2811808586120605,0.06768321245908737,0.33841603994369507,0.33841603994369507,0.10920121520757675,-0.16990594565868378,-0.3726379871368408,0.905730664730072
-0.4882514476776123,-1.7381134033203125,4.296133041381836,0.06544985622167587,0.3272492289543152,0.3272492289543152,0.19309861958026886,-0.12503769993782043,-0.7990115284919739,0.5555709600448608
-0.4985462725162506,-1.780494213104248,4.3103346824646,0.06307445466518402,0.3153722882270813,0.3153722882270813,0.04419298842549324,-0.10363186150789261,0.574867844581604,-0.8104531764984131
-0.5092950463294983,-1.8243544101715088,4.324223518371582,0.06576784700155258,0.3288392722606659,0.3288392424583435,0.244009330868721,-0.26180192828178406,-0.5881139636039734,0.7252869606018066
-0.5209006071090698,-1.8701075315475464,4.338237285614014,0.07146446406841278,0.3573223352432251,0.3573223352432251,0.014945010654628277,-0.07573925703763962,0.8445063233375549,-0.5299521684646606
-0.5337656140327454,-1.918168306350708,4.3528151512146,0.06709156930446625,0.33545783162117004,0.33545783162117004,0.07916004210710526,-0.06218913570046425,-0.46776360273361206,0.87810218334198
-0.548292875289917,-1.9689507484436035,4.36839485168457,0.07050413638353348,0.3525206446647644,0.3525207042694092,0.23742742836475372,-0.27661430835723877,-0.7697660326957703,0.5239970684051514
-0.5634354948997498,-2.01981782913208,4.383589267730713,0.08293213695287704,0.4146606922149658,0.4146607518196106,0.02532576024532318,0.09371034055948257,-0.6752216815948486,0.7311994433403015
-0.5777475833892822,-2.0677244663238525,4.396634101867676,0.07735972106456757,0.38679859042167664,0.38679859042167664,0.25147947669029236,-0.1816025823354721,-0.5978185534477234,0.7391830086708069
-0.5914016366004944,-2.113274097442627,4.40787410736084,0.06665988266468048,0.3332993984222412,0.3332994282245636,0.02024887502193451,-0.052979473024606705,-0.8489612936973572,0.5254026055335999
-0.6045725345611572,-2.157076835632324,4.417654037475586,0.08023834228515625,0.4011916518211365,0.4011915624141693,0.1454445719718933,0.06301970034837723,-0.45276984572410583,0.8774245381355286
-0.6174352169036865,-2.199741840362549,4.4263200759887695,0.07419338077306747,0.3709668517112732,0.3709668815135956,0.25028368830680847,-0.19721144437789917,-0.7740713953971863,0.5470641851425171
-0.6301648616790771,-2.2418787479400635,4.434220314025879,0.08159203827381134,0.4079601466655731,0.4079601466655731,0.08525051921606064,0.10328640788793564,-0.7050591111183167,0.6963877081871033
-0.6429362893104553,-2.28409743309021,4.441699981689453,0.06847726553678513,0.34238630533218384,0.34238627552986145,0.2574510872364044,-0.19636432826519012,-0.638206958770752,0.6984639763832092
-0.6559244990348816,-2.3270068168640137,4.449106216430664,0.062025316059589386,0.31012657284736633,0.3101266026496887,0.00793949794024229,-0.0001845100341597572,0.8814854621887207,-0.47214436531066895
-0.6693044900894165,-2.3712172508239746,4.456784248352051,0.07123814523220062,0.3561907112598419,0.3561907112598419,0.0017211750382557511,-0.07868273556232452,-0.5481840372085571,0.8326465487480164
-0.6832512617111206,-2.417337656021118,4.465082168579102,0.061585839837789536,0.30792921781539917,0.3079291880130768,0.20275957882404327,-0.2351565659046173,-0.734023928642273,0.6039857864379883
-0.6979397535324097,-2.465977668762207,4.4743452072143555,0.06329059600830078,0.3164529502391815,0.3164529502391815,0.045040104538202286,-0.14511676132678986,0.7642800211906433,-0.6267284750938416
-0.7135449647903442,-2.517747163772583,4.484920501708984,0.08029633015394211,0.40148162841796875,0.40148162841796875,0.19749151170253754,-0.16542266309261322,-0.5705848932266235,0.7797854542732239
0.6019478440284729,0.19286499917507172,2.8706164360046387,0.06919541209936142,0.3459770679473877,0.3459770977497101,0.6203103065490723,-0.7551550269126892,0.07306542992591858,-0.19904136657714844
0.611365020275116,0.2230161875486374,2.897355318069458,0.0898589938879013,0.4492949843406677,0.4492949843406677,0.9303657412528992,-0.3606680929660797,-0.05528394132852554,-0.03580207750201225
0.6202892661094666,0.25264406204223633,2.92396879196167,0.08695759624242783,0.4347879886627197,0.4347879886627197,0.799615204334259,-0.5019730925559998,0.21290740370750427,-0.2516128420829773
0.6289992332458496,0.28204432129859924,2.9505271911621094,0.08252750337123871,0.41263753175735474,0.41263750195503235,0.792719841003418,-0.5950614213943481,-0.10487999022006989,-0.0806063860654831
0.6377732753753662,0.31151270866394043,2.9771013259887695,0.08620742708444595,0.4310370683670044,0.4310370981693268,0.9410919547080994,-0.283018559217453,0.1400679647922516,-0.1209438294172287
0.6468899250030518,0.34134483337402344,3.0037641525268555,0.08331408351659775,0.4165704548358917,0.4165704846382141,0.7003806233406067,-0.6702379584312439,0.20664332807064056,-0.13246366381645203
0.6566276550292969,0.37183648347854614,3.030585289001465,0.08704975247383118,0.4352487623691559,0.4352487325668335,0.87727952003479,-0.44162797927856445,-0.16681289672851562,-0.08671143651008606
0.6672646999359131,0.40328335762023926,3.0576367378234863,0.0727272778749466,0.36363640427589417,0.36363640427589417,0.8522995710372925,-0.39326220750808716,0.2999311685562134,-0.1702103465795517
0.6790797710418701,0.4359811544418335,3.0849900245666504,0.07688041776418686,0.3844020962715149,0.3844020664691925,0.6692276000976562,-0.7402058839797974,0.04438677802681923,-0.04753401130437851
0.692351222038269,0.4702255427837372,3.112715721130371,0.0731714740395546,0.3658573627471924,0.3658573627471924,0.9179837107658386,-0.3778124153614044,0.00119768176227808,-0.12067437171936035
0.7073574066162109,0.5063121914863586,3.1408851146698,0.07176201045513153,0.3588100075721741,0.3588100075721741,0.6879540681838989,-0.582463264465332,0.2778562009334564,-0.3320417106151581
0.7237249612808228,0.5432451963424683,3.168996572494507,0.06689876317977905,0.33449381589889526,0.33449381589889526,0.7943897843360901,-0.6014740467071533,-0.07766041904687881,-0.03380473703145981
0.7397489547729492,0.5776153206825256,3.1954517364501953,0.07231928408145905,0.36159637570381165,0.36159637570381165,0.8764601349830627,-0.3901728689670563,0.18807388842105865,-0.2102639228105545
0.7555067539215088,0.6097838878631592,3.220302104949951,0.07699146121740341,0.38495737314224243,0.38495737314224243,0.6187779903411865,-0.7195419669151306,0.30633223056793213,-0.07438927888870239
0.7712053656578064,0.6403765678405762,3.243715286254883,0.08588673174381256,0.429433673620224,0.4294337034225464,0.8434027433395386,-0.509503185749054,-0.06025780737400055,-0.15952196717262268
0.7870514988899231,0.6700189113616943,3.2658591270446777,0.08143705129623413,0.40718528628349304,0.40718525648117065,0.7605626583099365,-0.41357123851776123,0.34883564710617065,-0.35891085863113403
0.803252100944519,0.6993364095687866,3.2869019508361816,0.07799462229013443,0.38997310400009155,0.38997310400009155,0.6899345517158508,-0.7097082734107971,0.06284203380346298,-0.127888023853302
0.8200138807296753,0.7289544939994812,3.3070101737976074,0.08558379858732224,0.42791903018951416,0.4279190003871918,0.9322638511657715,-0.3169245421886444,0.06770339608192444,-0.16080795228481293
0.8375439047813416,0.7594987154006958,3.326352596282959,0.08427100628614426,0.4213550388813019,0.4213550388813019,0.6783985495567322,-0.6199193000793457,0.29323846101760864,-0.26360321044921875
0.8560488820075989,0.7915946245193481,3.3450965881347656,0.07339992374181747,0.36699965596199036,0.36699962615966797,0.7559892535209656,-0.6531345248222351,-0.0027779738884419203,-0.04344956576824188
0.8757357597351074,0.825867772102356,3.363409996032715,0.08594489097595215,0.42972445487976074,0.42972445487976074,0.8154732584953308,-0.37506043910980225,0.23158299922943115,-0.3751031160354614
0.8968112468719482,0.8629434704780579,3.381460666656494,0.0750991553068161,0.3754958212375641,0.3754957914352417,0.5833520889282227,-0.7722883224487305,0.20282988250255585,-0.14876548945903778
0.9191323518753052,0.9030548334121704,3.3993396759033203,0.08807363361120224,0.4403681457042694,0.4403681457042694,0.8517476320266724,-0.45709601044654846,-0.10581402480602264,-0.2332223355770111
0.9395429491996765,0.9427218437194824,3.4163401126861572,0.08505718410015106,0.4252859055995941,0.4252859354019165,0.5883021950721741,-0.6375145316123962,0.383034348487854,-0.31742778420448303
0.9578390121459961,0.9811282157897949,3.4321162700653076,0.07528845220804214,0.3764422535896301,0.3764422535896301,0.7055750489234924,-0.7004300355911255,-0.01606028527021408,-0.10631833970546722
0.9747690558433533,1.0184597969055176,3.446502208709717,0.08284568786621094,0.4142284095287323,0.4142284095287323,0.8276270627975464,-0.4604906737804413,0.2233702838420868,-0.23040726780891418
0.9910818338394165,1.0549023151397705,3.4593312740325928,0.08433860540390015,0.4216931462287903,0.42169317603111267,0.5401273965835571,-0.7950232625007629,0.2631154954433441,-0.08349012583494186
1.0075260400772095,1.0906413793563843,3.47043776512146,0.07569237053394318,0.3784618675708771,0.3784618675708771,0.7993655204772949,-0.59499192237854,-0.057934220880270004,0.06035748869180679
1.0248501300811768,1.125862717628479,3.4796547889709473,0.08365266025066376,0.4182632565498352,0.4182632863521576,0.6669756174087524,-0.5931921005249023,0.2581069767475128,-0.36965861916542053
1.0438028573989868,1.1607520580291748,3.486816883087158,0.08001743257045746,0.4000871479511261,0.4000871777534485,0.5693167448043823,-0.7943623661994934,0.21180206537246704,0.002595338271930814
1.0651328563690186,1.195495367050171,3.491757392883301,0.07702364772558212,0.3851182460784912,0.3851182460784912,0.8161444664001465,-0.531004011631012,0.044054605066776276,-0.22361142933368683
1.0895885229110718,1.2302780151367188,3.494309186935425,0.06646785140037537,0.33233925700187683,0.33233925700187683,0.40858933329582214,-0.7407378554344177,0.4230722188949585,-0.3246106803417206
1.117918848991394,1.2652859687805176,3.494307279586792,0.07477378100156784,0.3738689124584198,0.3738689124584198,0.5953671932220459,-0.791745662689209,0.11833864450454712,-0.06835703551769257
1.1508615016937256,1.3006871938705444,3.491591453552246,0.07890935987234116,0.394546777009964,0.394546777009964,0.582226574420929,-0.5625746846199036,0.3226781189441681,-0.49030670523643494
1.1866140365600586,1.3330270051956177,3.4873616695404053,0.07798231393098831,0.38991162180900574,0.38991162180900574,0.31730371713638306,-0.8911983370780945,0.2681610584259033,-0.18213611841201782
1.223214864730835,1.3602333068847656,3.4823062419891357,0.08593530207872391,0.42967653274536133,0.42967653274536133,0.7236818671226501,-0.5773600339889526,0.2985366880893707,-0.23198236525058746
1.2603205442428589,1.3831977844238281,3.4760050773620605,0.08535107970237732,0.4267553985118866,0.4267553985118866,0.38756299018859863,-0.585670530796051,0.6342348456382751,-0.32331275939941406
1.2975867986679077,1.4028120040893555,3.4680371284484863,0.06439749151468277,0.32198747992515564,0.32198747992515564,0.3847247064113617,-0.8850789666175842,0.2353137880563736,-0.11510658264160156
1.3346707820892334,1.4199674129486084,3.457981586456299,0.07283495366573334,0.3641747534275055,0.3641747534275055,0.6069505214691162,-0.4915534257888794,0.4819144904613495,-0.3971709609031677
1.3712283372879028,1.4355559349060059,3.445418119430542,0.06627265363931656,0.3313632905483246,0.3313632607460022,0.1886952817440033,-0.6922478675842285,0.6677895784378052,-0.19810110330581665
1.4069161415100098,1.4504690170288086,3.4299256801605225,0.07357563823461533,0.36787816882133484,0.3678781986236572,0.5375037789344788,-0.7725030183792114,0.33751046657562256,0.020384149625897408
1.4413907527923584,1.4655985832214355,3.4110841751098633,0.07840508967638016,0.3920254409313202,0.3920254707336426,0.38355571031570435,-0.5889016389846802,0.5069003105163574,-0.4991312026977539
1.4743082523345947,1.4818363189697266,3.388472557067871,0.07933195680379868,0.3966597318649292,0.3966597616672516,0.1382264941930771,-0.8351767659187317,0.5310379266738892,-0.0370400995016098
1.5053253173828125,1.5000734329223633,3.3616697788238525,0.07456421852111816,0.3728211224079132,0.3728211224079132,0.45940297842025757,-0.7860052585601807,0.4022067189216614,-0.09682132303714752
1.5340982675552368,1.5212019681930542,3.3302559852600098,0.06532575190067291,0.32662874460220337,0.32662877440452576,0.15866559743881226,-0.7201155424118042,0.572275698184967,-0.35883060097694397
1.5590254068374634,1.5440152883529663,3.2952651977539062,0.08197405934333801,0.40987032651901245,0.40987035632133484,0.12753799557685852,-0.9378365874290466,0.3120654821395874,0.08253300189971924
1.577520728111267,1.5642908811569214,3.2598278522491455,0.06707621365785599,0.33538103103637695,0.33538106083869934,0.48647260665893555,-0.8004291653633118,0.3235715925693512,-0.13401104509830475
1.5904501676559448,1.5823079347610474,3.2239532470703125,0.06641706824302673,0.33208534121513367,0.33208537101745605,0.012156608514487743,0.9271466732025146,-0.3510947525501251,0.13032156229019165
1.5988128185272217,1.5985438823699951,3.187511682510376,0.0666215643286705,0.3331078290939331,0.3331078290939331,0.14857608079910278,-0.9590467214584351,0.019879896193742752,0.2403315007686615
1.6036080121994019,1.6134755611419678,3.1503748893737793,0.06343875825405121,0.31719380617141724,0.31719380617141724,0.187993586063385,-0.9539369940757751,0.12450329959392548,-0.1978929191827774
1.6058344841003418,1.6275804042816162,3.1124141216278076,0.06802842766046524,0.3401421010494232,0.3401421010494232,0.2190360277891159,0.9712423086166382,-0.05839705094695091,-0.07281115651130676
1.606492042541504,1.6413354873657227,3.0735011100769043,0.08245332539081573,0.41226664185523987,0.41226664185523987,0.35171645879745483,-0.9195352792739868,-0.07091183960437775,0.16038018465042114
1.606579065322876,1.6552178859710693,3.033506393432617,0.08130459487438202,0.4065229594707489,0.4065229594707489,0.07672413438558578,0.9474297761917114,0.024937856942415237,0.3096260130405426
1.6070952415466309,1.6697049140930176,2.992302656173706,0.07459854334592819,0.37299275398254395,0.37299275398254395,0.0036770841106772423,-0.9665328860282898,0.09943254292011261,0.23646113276481628
1.6090397834777832,1.6852734088897705,2.9497599601745605,0.07606979459524155,0.3803490400314331,0.3803490400314331,0.3311067819595337,-0.9271256923675537,0.08790668845176697,-0.15191668272018433
1.6134114265441895,1.7024009227752686,2.9057505130767822,0.06236100569367409,0.31180503964424133,0.3118050694465637,0.1573430895805359,0.950410783290863,-0.26457464694976807,0.04430269077420235
1.6171785593032837,1.712576150894165,2.881068706512451,0.06792247295379639,0.3396124243736267,0.3396124243736267,0.23300394415855408,-0.9562214612960815,0.0794457271695137,0.15823417901992798
1.1496710777282715,1.3009018898010254,3.4921023845672607,0.08028965443372726,0.40144824981689453,0.40144824981689453,0.633640706539154,-0.5927323698997498,0.3664824366569519,-0.3359440267086029
1.168023943901062,1.3390393257141113,3.4965662956237793,0.08203689008951187,0.4101845622062683,0.4101845622062683,0.475965678691864,-0.8751391768455505,-0.0034040461760014296,-0.08704350888729095
1.1857450008392334,1.3768045902252197,3.5031137466430664,0.07015364617109299,0.35076820850372314,0.35076820850372314,0.8440406322479248,-0.4538376033306122,0.07891586422920227,-0.27458909153938293
1.2030376195907593,1.4143173694610596,3.5110743045806885,0.06806933134794235,0.34034666419029236,0.34034666419029236,0.4905635416507721,-0.7977583408355713,0.29959210753440857,-0.18213602900505066
1.2201054096221924,1.4516977071762085,3.5197765827178955,0.08127684146165848,0.4063841998577118,0.40638425946235657,0.7418899536132812,-0.6677628755569458,-0.03791075572371483,0.04748499020934105
1.2371516227722168,1.4890652894973755,3.528549909591675,0.07315310090780258,0.3657654821872711,0.3657655119895935,0.7823957204818726,-0.4666752219200134,0.34466826915740967,-0.22643990814685822
1.2543796300888062,1.5265400409698486,3.536724090576172,0.07790287584066391,0.38951441645622253,0.38951441645622253,0.44196823239326477,-0.8644732236862183,0.23256060481071472,-0.05714593827724457
1.271992564201355,1.5642415285110474,3.5436277389526367,0.07293305546045303,0.36466526985168457,0.36466529965400696,0.8139219880104065,-0.5760436654090881,-0.06769818812608719,-0.03349201753735542
1.2901942729949951,1.6022899150848389,3.548590660095215,0.08307085931301117,0.41535434126853943,0.4153544008731842,0.610596239566803,-0.6638814806938171,0.3419834077358246,-0.26359227299690247
1.309187650680542,1.6408047676086426,3.5509414672851562,0.0796068087220192,0.3980340361595154,0.3980340361595154,0.49090123176574707,-0.8545172214508057,0.1540861427783966,0.0712301954627037
1.329176425933838,1.6799061298370361,3.550009250640869,0.06397347897291183,0.31986740231513977,0.31986740231513977,0.7554298639297485,-0.6203224658966064,0.09353054314851761,-0.1891503632068634
1.3503637313842773,1.7197139263153076,3.545124053955078,0.06342938542366028,0.317146897315979,0.317146897315979,0.4128224551677704,-0.8328284025192261,0.2918723225593567,-0.22535544633865356
1.372953176498413,1.7603477239608765,3.5356147289276123,0.06422189623117447,0.32110947370529175,0.32110950350761414,0.5398167371749878,-0.8390227556228638,0.06581804156303406,-0.017513351514935493
1.3966209888458252,1.801054835319519,3.5212106704711914,0.06307652592658997,0.31538262963294983,0.31538262963294983,0.5978707671165466,-0.6462501287460327,0.4074864983558655,-0.2426232397556305
1.4188661575317383,1.8376438617706299,3.503696918487549,0.0708274096250534,0.3541370630264282,0.3541370928287506,0.17679613828659058,-0.9262385368347168,0.3295063376426697,-0.047443635761737823
1.4395924806594849,1.8701505661010742,3.4836106300354004,0.07761626690626144,0.3880813419818878,0.3880813419818878,0.5297959446907043,-0.8405308127403259,0.0984945222735405,-0.05588379129767418
1.4591009616851807,1.8992847204208374,3.4612250328063965,0.08132718503475189,0.40663596987724304,0.40663594007492065,0.21416500210762024,-0.8282954096794128,0.35521629452705383,-0.37667158246040344
1.4776928424835205,1.9257551431655884,3.4368114471435547,0.06900817155838013,0.345040887594223,0.34504085779190063,0.2658964693546295,-0.9351111650466919,0.22336120903491974,0.07054083794355392
1.4956691265106201,1.9502716064453125,3.410642623901367,0.06524522602558136,0.32622602581977844,0.32622605562210083,0.43051010370254517,-0.8291427493095398,0.30986592173576355,-0.17654016613960266
1.5133311748504639,1.9735432863235474,3.3829898834228516,0.06806176900863647,0.34030881524086,0.3403087556362152,0.05960623547434807,-0.9264088273048401,0.3505733907222748,-0.12374220043420792
1.5309799909591675,1.9962797164916992,3.3541266918182373,0.0789334699511528,0.39466750621795654,0.39466750621795654,0.4433367848396301,-0.8805254101753235,0.12631316483020782,0.11032901704311371
1.5489168167114258,2.019190549850464,3.324324607849121,0.07254853844642639,0.3627428114414215,0.3627427816390991,0.1971426010131836,-0.8331575393676758,0.32228219509124756,-0.4038780629634857
1.5674424171447754,2.0429844856262207,3.2938554286956787,0.07398360967636108,0.3699181377887726,0.3699181377887726,0.14025558531284332,-0.9702985882759094,0.16579751670360565,0.10658407211303711
1.5868582725524902,2.0683717727661133,3.2629919052124023,0.0721137672662735,0.36056891083717346,0.36056894063949585,0.42638686299324036,-0.8429372906684875,0.24296657741069794,-0.22049535810947418
1.6074655055999756,2.0960612297058105,3.2320058345794678,0.06685478985309601,0.3342740535736084,0.3342740833759308,0.01117581594735384,-0.8806486129760742,0.4629437327384949,-0.10008109360933304
1.6295651197433472,2.1267623901367188,3.201169967651367,0.06637054681777954,0.3318527638912201,0.3318527638912201,0.4081147313117981,-0.908351719379425,0.09099340438842773,-0.007725166622549295
1.5566388368606567,1.5341540575027466,3.2950034141540527,0.06760461628437042,0.3380231261253357,0.3380231261253357,0.12591765820980072,-0.7294408082962036,0.6047673225402832,-0.29379817843437195
1.577304482460022,1.5436959266662598,3.2602171897888184,0.06358617544174194,0.3179309070110321,0.3179309070110321,0.020474370568990707,0.9115148782730103,-0.39100563526153564,-0.12584133446216583
1.5976301431655884,1.553080677986145,3.2260031700134277,0.07446981966495514,0.3723491430282593,0.3723491430282593,0.32452279329299927,-0.8111605048179626,0.42108842730522156,-0.24369686841964722
1.6177674531936646,1.5623786449432373,3.192106008529663,0.07266891002655029,0.36334457993507385,0.36334460973739624,0.17316660284996033,0.8299685716629028,-0.5175696015357971,0.11527026444673538
1.637868046760559,1.5716596841812134,3.158270835876465,0.07067891210317612,0.3533945679664612,0.3533945679664612,0.3500361442565918,-0.8010961413383484,0.47639235854148865,0.09364793449640274
1.6580833196640015,1.58099365234375,3.1242425441741943,0.07343548536300659,0.36717742681503296,0.36717739701271057,0.17816834151744843,-0.6843194365501404,0.6057050824165344,-0.36480724811553955
1.6785649061203003,1.5904505252838135,3.089766025543213,0.08074451982975006,0.4037226140499115,0.4037226140499115,0.05124678090214729,0.8424218893051147,-0.52979975938797,-0.08373360335826874
1.699464201927185,1.6001002788543701,3.054586410522461,0.07861726731061935,0.393086314201355,0.393086314201355,0.47247445583343506,-0.7538372278213501,0.4529499113559723,-0.05773830786347389
1.7209327220916748,1.6100127696990967,3.0184483528137207,0.07340484112501144,0.3670242428779602,0.3670242726802826,0.048002082854509354,0.750718355178833,-0.578373372554779,0.31559789180755615
1.7431221008300781,1.6202583312988281,2.9810972213745117,0.07791494578123093,0.38957470655441284,0.38957473635673523,0.13107769191265106,-0.8076298236846924,0.525074303150177,0.23420017957687378
1.7661839723587036,1.6309064626693726,2.942277431488037,0.06582485139369965,0.3291243016719818,0.3291243016719818,0.424043208360672,-0.6958360075950623,0.539360523223877,-0.21234357357025146
1.7902694940567017,1.642027497291565,2.9017341136932373,0.07186105102300644,0.3593052327632904,0.3593052327632904,0.07283486425876617,0.7030695080757141,-0.6881267428398132,0.16392047703266144
1.7966108322143555,1.6449553966522217,2.8910598754882812,0.06845604628324509,0.3422802686691284,0.3422802984714508,0.22028768062591553,-0.9111112952232361,0.32830971479415894,0.11645744740962982
-0.7010581493377686,-0.0754690021276474,2.9631807804107666,0.08911268413066864,0.4455634355545044,0.4455633759498596,0.7850001454353333,-0.404939204454422,-0.019777586683630943,0.46841004490852356
-0.7368957996368408,-0.05086074396967888,2.9955596923828125,0.08247963339090347,0.41239818930625916,0.41239821910858154,0.6247175931930542,-0.6598836779594421,-0.3250338137149811,0.2619819641113281
-0.7719348073005676,-0.026561640202999115,3.027923345565796,0.07785016298294067,0.38925084471702576,0.38925084471702576,0.7469412088394165,-0.23152819275856018,-0.33568406105041504,0.5251568555831909
-0.8069649338722229,-0.002265945076942444,3.0602874755859375,0.06779994070529938,0.3389996886253357,0.3389996886253357,0.8029111623764038,-0.5729455351829529,-0.008087103255093098,0.16432195901870728
-0.842776358127594,0.022332096472382545,3.0926661491394043,0.08837151527404785,0.44185754656791687,0.44185757637023926,0.6033514738082886,-0.47010183334350586,-0.5008003115653992,0.4051794409751892
-0.8801587820053101,0.047538239508867264,3.1250739097595215,0.08273021131753922,0.4136510491371155,0.4136510491371155,0.7796474099159241,-0.3214646875858307,-0.08668343722820282,0.530373752117157
-0.9199024438858032,0.07365822046995163,3.1575255393981934,0.07459957152605057,0.37299787998199463,0.372997909784317,0.6157081723213196,-0.7205955386161804,-0.17273546755313873,0.26797017455101013
-0.9627970457077026,0.10099780559539795,3.1900362968444824,0.07328685373067856,0.366434246301651,0.366434246301651,0.6109077334403992,-0.443891704082489,-0.378018319606781,0.5355876684188843
-1.0096328258514404,0.1298627406358719,3.2226204872131348,0.08526032418012619,0.42630165815353394,0.42630162835121155,0.8685511946678162,-0.4123016595840454,-0.07730983197689056,0.26391157507896423
-1.0562925338745117,0.15964500606060028,3.2549943923950195,0.08967354893684387,0.44836777448654175,0.44836777448654175,0.484637051820755,-0.7072522640228271,-0.4016016721725464,0.32192742824554443
-1.0985652208328247,0.18916013836860657,3.286442518234253,0.06956274062395096,0.3478136956691742,0.3478136956691742,0.7515830397605896,-0.3012572228908539,-0.29886192083358765,0.5050232410430908
-1.1381503343582153,0.21801643073558807,3.3163740634918213,0.08009131252765656,0.40045657753944397,0.40045657753944397,0.6988381147384644,-0.5974969267845154,-0.05860927700996399,0.38882866501808167
-1.1767535209655762,0.24582305550575256,3.3441994190216064,0.08594626188278198,0.4297313094139099,0.4297313094139099,0.5615970492362976,-0.5963553190231323,-0.4027020037174225,0.4084118604660034
-1.2160805463790894,0.272189199924469,3.369328260421753,0.07798932492733002,0.3899466395378113,0.3899466097354889,0.8361355662345886,-0.27173468470573425,-0.2204120010137558,0.42244064807891846
-1.2578368186950684,0.2967240512371063,3.3911702632904053,0.08496157079935074,0.4248078465461731,0.4248078763484955,0.5722446441650391,-0.7373448014259338,-0.2196751832962036,0.283904105424881
-1.3037279844284058,0.3190367817878723,3.409135341644287,0.07442495971918106,0.3721247613430023,0.3721247613430023,0.4462628960609436,-0.47388017177581787,-0.5262966752052307,0.5470820665359497
-1.355459451675415,0.3387366235256195,3.4226326942443848,0.06740860641002655,0.33704304695129395,0.33704304695129395,0.755074143409729,-0.49033963680267334,-0.2946650981903076,0.32031646370887756
-1.414737343788147,0.35543277859687805,3.431072950363159,0.08791738003492355,0.43958690762519836,0.43958693742752075,0.4248853921890259,-0.6351714730262756,-0.5759057998657227,0.2904515862464905
-1.4769548177719116,0.3667231798171997,3.4343619346618652,0.07283350080251694,0.3641675114631653,0.36416754126548767,0.515085756778717,-0.3709825873374939,-0.4645988941192627,0.6174191832542419
-1.535166621208191,0.37088775634765625,3.4329843521118164,0.08546791970729828,0.4273396134376526,0.4273396134376526,0.5132120847702026,-0.7000668048858643,-0.4412359297275543,0.22766359150409698
-1.5902448892593384,0.369559645652771,3.4270503520965576,0.0793866440653801,0.3969331979751587,0.3969331979751587,0.3034648299217224,-0.4467524290084839,-0.7363041043281555,0.40764889121055603
-1.6430935859680176,0.3643839955329895,3.4166665077209473,0.08320876210927963,0.41604384779930115,0.41604384779930115,0.43450281023979187,-0.5843231081962585,-0.43711230158805847,0.5279267430305481
-1.694616675376892,0.357005774974823,3.401942014694214,0.08648712933063507,0.4324356019496918,0.43243563175201416,0.22982291877269745,-0.7008636593818665,-0.6610239148139954,0.13790898025035858
-1.7457184791564941,0.34907013177871704,3.382983922958374,0.07161083817481995,0.35805413126945496,0.35805413126945496,0.12599840760231018,-0.40690135955810547,-0.6984429359436035,0.5750939846038818
-1.797302484512329,0.34222209453582764,3.3598995208740234,0.07440949231386185,0.372047483921051,0.37204745411872864,0.38348889350891113,-0.6856948137283325,-0.49662265181541443,0.3689509630203247
-1.8502733707427979,0.3381066918373108,3.3327972888946533,0.07303374260663986,0.36516866087913513,0.36516866087913513,0.08571485430002213,-0.7360488176345825,-0.6537573933601379,0.15325258672237396
-1.9055348634719849,0.3383689522743225,3.301784038543701,0.08264811336994171,0.413240522146225,0.413240522146225,0.30150720477104187,-0.5080885887145996,-0.6591193675994873,0.46529677510261536
-1.9605344533920288,0.34285616874694824,3.2690093517303467,0.07629723846912384,0.381486177444458,0.3814862370491028,0.433243066072464,-0.7027555704116821,-0.5617501735687256,0.05358896404504776
-2.01081919670105,0.3493160307407379,3.236880302429199,0.08240100741386414,0.4120049774646759,0.4120050072669983,0.003649395890533924,-0.643848180770874,-0.6972733736038208,0.31504929065704346
-2.056722402572632,0.3572531044483185,3.20440936088562,0.07920242846012115,0.39601215720176697,0.39601218700408936,0.40550878643989563,-0.701746940612793,-0.43123456835746765,0.3964221775531769
-2.098618745803833,0.3661906123161316,3.1705801486968994,0.08171561360359192,0.40857818722724915,0.4085782468318939,0.19185186922550201,-0.8649477958679199,-0.460737407207489,-0.052718184888362885
-2.136883020401001,0.37565189599990845,3.134376049041748,0.07668741792440414,0.3834371268749237,0.3834371566772461,0.09370669722557068,-0.6002652645111084,-0.7258908152580261,0.32246407866477966
-2.1718904972076416,0.3851602375507355,3.0947821140289307,0.06713294982910156,0.3356647491455078,0.3356647491455078,0.3663161098957062,-0.7759677171707153,-0.5035113096237183,0.1008116602897644
-2.2040157318115234,0.3942389488220215,3.0507822036743164,0.0684550330042839,0.3422752320766449,0.3422752618789673,0.150066539645195,0.8277305960655212,0.5393140316009521,0.03850260749459267
-2.2336339950561523,0.4024113118648529,3.0013608932495117,0.07595255970954895,0.37976279854774475,0.37976279854774475,0.2351040542125702,-0.5951719880104065,-0.6819526553153992,0.3541708290576935
-2.261120080947876,0.40920060873031616,2.9455013275146484,0.06420063227415085,0.32100313901901245,0.32100310921669006,0.18933790922164917,-0.8392841219902039,-0.4678441286087036,-0.2021760791540146
-2.283698320388794,0.4141751229763031,2.886509656906128,0.0674506276845932,0.33725324273109436,0.33725327253341675,0.26981762051582336,0.7772104144096375,0.5570058822631836,-0.11352026462554932
-2.2973792552948,0.4174099266529083,2.830465078353882,0.06431069225072861,0.321553498506546,0.321553498506546,0.13690821826457977,-0.7914532423019409,-0.5855787992477417,0.10934076458215714
-2.3038458824157715,0.41924983263015747,2.7764644622802734,0.07983843982219696,0.399192214012146,0.399192214012146,0.12028366327285767,0.7723127603530884,0.5345292687416077,0.3214704096317291
-2.3048598766326904,0.42004138231277466,2.723501443862915,0.06385574489831924,0.3192787766456604,0.3192787766456604,0.10615590959787369,-0.7366642355918884,0.6019982695579529,0.28923144936561584
-2.3021836280822754,0.42013081908226013,2.670569658279419,0.06285842508077621,0.3142921030521393,0.31429213285446167,0.005889597348868847,-0.5703511834144592,0.7881481647491455,-0.23127302527427673
-2.2975780963897705,0.4198645353317261,2.6166629791259766,0.0827498510479927,0.41374924778938293,0.4137493371963501,0.29683002829551697,0.6932021975517273,-0.6119374632835388,-0.23852723836898804
-2.2928056716918945,0.4195888638496399,2.5607752799987793,0.07106723636388779,0.3553362190723419,0.3553362488746643,0.22540223598480225,-0.6552801132202148,0.7188440561294556,0.05536308139562607
-2.28962779045105,0.41965019702911377,2.5019001960754395,0.06693904846906662,0.3346952497959137,0.33469530940055847,0.15488997101783752,0.6910907030105591,-0.7007936239242554,0.0853876993060112
-2.289806604385376,0.4203948974609375,2.4390316009521484,0.07429081946611404,0.3714541792869568,0.37145423889160156,0.38743075728416443,0.8178934454917908,0.4230654239654541,0.044309865683317184
-2.290287733078003,0.420610249042511,2.4280714988708496,0.0762021392583847,0.38101068139076233,0.38101068139076233,0.05699652433395386,-0.8184272646903992,-0.5611580014228821,0.10968078672885895
-1.4547420740127563,0.3935280740261078,3.4401302337646484,0.08171059191226959,0.4085530638694763,0.40855303406715393,0.6183003783226013,-0.7571396231651306,-0.20529359579086304,0.04794546216726303
-1.4912712574005127,0.4333023130893707,3.4520373344421387,0.07615771144628525,0.38078856468200684,0.38078853487968445,0.6213626265525818,-0.4687545597553253,-0.5374516844749451,0.3245355188846588
-1.526766061782837,0.4730895757675171,3.465468406677246,0.0661301240324974,0.33065065741539,0.33065065741539,0.7718951106071472,-0.5934802889823914,0.03272721916437149,0.22558361291885376
-1.5620334148406982,0.5128796100616455,3.4792346954345703,0.067754827439785,0.3387741148471832,0.3387741148471832,0.4424738883972168,-0.8030053377151489,-0.3489343225955963,0.19402101635932922
-1.5978808403015137,0.5526624321937561,3.4921464920043945,0.08454390615224838,0.4227195680141449,0.4227195382118225,0.7480664253234863,-0.39725133776664734,-0.3010828495025635,0.43810635805130005
-1.6351150274276733,0.5924278497695923,3.5030148029327393,0.0872795358300209,0.4363977313041687,0.4363977015018463,0.6563583612442017,-0.7367628216743469,-0.13518446683883667,0.0899968296289444
-1.6745436191558838,0.6321659088134766,3.510650157928467,0.07819979637861252,0.3909989595413208,0.3909989595413208,0.48199111223220825,-0.6075053215026855,-0.5635792016983032,0.2846055030822754
-1.7169737815856934,0.6718664169311523,3.5138638019561768,0.06546007096767426,0.3273003399372101,0.3273003101348877,0.7662235498428345,-0.5844455361366272,-0.12585300207138062,0.23555444180965424
-1.7632125616073608,0.7115193009376526,3.5114662647247314,0.06685974448919296,0.3342987895011902,0.3342988193035126,0.344663143157959,-0.8728424906730652,-0.2688668668270111,0.21694211661815643
-1.8137859106063843,0.750823438167572,3.502535820007324,0.06664996594190598,0.33324986696243286,0.33324986696243286,0.40489161014556885,-0.6001731157302856,-0.4477686882019043,0.5247458815574646
-1.864515781402588,0.7851917743682861,3.4905917644500732,0.06809619814157486,0.3404809832572937,0.3404810130596161,0.5963633060455322,-0.725325345993042,-0.2797837257385254,0.19993755221366882
-1.9137449264526367,0.813990592956543,3.4766809940338135,0.08261214941740036,0.41306084394454956,0.41306090354919434,0.17663072049617767,-0.8280109167098999,-0.49505916237831116,0.1952332705259323
-1.9614514112472534,0.8384562730789185,3.4602837562561035,0.08518576622009277,0.4259288012981415,0.4259288012981415,0.5576311349868774,-0.5272989273071289,-0.5154895186424255,0.3811481297016144
-2.007613182067871,0.8598247766494751,3.4408814907073975,0.06792868673801422,0.3396434485912323,0.3396434783935547,0.39157170057296753,-0.839499831199646,-0.37638455629348755,0.01569553278386593
-2.0522077083587646,0.8793326616287231,3.417954206466675,0.07139593362808228,0.3569796681404114,0.3569796681404114,0.24855758249759674,-0.6375859975814819,-0.6593002080917358,0.3114908039569855
-2.0952136516571045,0.8982158899307251,3.3909833431243896,0.06382554769515991,0.31912773847579956,0.31912773847579956,0.4775579273700714,-0.7766588926315308,-0.33183392882347107,0.24212738871574402
-2.136608600616455,0.9177107810974121,3.359449625015259,0.07047179341316223,0.35235899686813354,0.35235899686813354,0.09167970716953278,-0.867919385433197,-0.4879370927810669,0.015104426071047783
-2.176370859146118,0.9390535950660706,3.32283353805542,0.06410215049982071,0.32051077485084534,0.3205108046531677,0.24724097549915314,-0.6962336897850037,-0.474985271692276,0.47803714871406555
-2.214478015899658,0.9634803533554077,3.280616283416748,0.06412270665168762,0.3206135928630829,0.3206136226654053,0.4447903335094452,-0.8103955984115601,-0.35547763109207153,-0.1380443125963211
-2.2492856979370117,0.9904206395149231,3.233686685562134,0.06512893736362457,0.32564470171928406,0.32564467191696167,0.009754742495715618,0.9050099849700928,0.3880482316017151,-0.17401255667209625
-2.275808811187744,1.0145275592803955,3.1865451335906982,0.07587400823831558,0.37937015295028687,0.37937015295028687,0.3156052231788635,-0.864016056060791,-0.34475642442703247,0.1871166229248047
-2.2951290607452393,1.0359710454940796,3.1392695903778076,0.07554437965154648,0.3777219355106354,0.377721905708313,0.07919834554195404,-0.9650105834007263,-0.11414943635463715,-0.22237835824489594
-2.308856964111328,1.05545973777771,3.0915117263793945,0.0797332227230072,0.3986660838127136,0.3986661434173584,0.047395505011081696,0.9101510643959045,0.3579234778881073,-0.2031490057706833
-2.3186023235321045,1.0737028121948242,3.0429232120513916,0.06769866496324539,0.3384934663772583,0.3384934663772583,0.31759312748908997,-0.9430570602416992,-0.09852733463048935,0.008384611457586288
-2.325975179672241,1.0914089679718018,2.9931561946868896,0.08007051050662994,0.4003525674343109,0.4003525376319885,0.11811808496713638,0.9807868599891663,0.09429026395082474,0.12334758043289185
-2.3325858116149902,1.109287142753601,2.9418630599975586,0.07465380430221558,0.3732691705226898,0.3732691705226898,0.06721900403499603,-0.9599836468696594,-0.14881497621536255,0.2275237739086151
-2.3400440216064453,1.1280462741851807,2.888695240020752,0.0640796646475792,0.3203982710838318,0.3203982710838318,0.29892975091934204,-0.9012993574142456,-0.20297524333000183,-0.2389591634273529
-2.3499603271484375,1.148395299911499,2.8333048820495605,0.07438106089830399,0.3719053566455841,0.3719053864479065,0.23013131320476532,0.9533859491348267,0.18576563894748688,-0.05988304689526558
-2.3639442920684814,1.171042799949646,2.775343894958496,0.06677138060331345,0.3338569402694702,0.3338569402694702,0.309851735830307,-0.860795795917511,-0.2794607877731323,0.2914176285266876
-2.274462938308716,0.4063785672187805,2.8903980255126953,0.0675671324133873,0.3378356695175171,0.3378356695175171,0.14351491630077362,-0.5986460447311401,-0.7754465937614441,-0.14038853347301483
-2.2855143547058105,0.4023251533508301,2.8373496532440186,0.07213426381349564,0.36067116260528564,0.3606713116168976,0.21507035195827484,0.4375406503677368,0.8727726936340332,-0.023891402408480644
-2.2963950634002686,0.39833441376686096,2.7851216793060303,0.0671815499663353,0.3359077274799347,0.3359077274799347,0.1557198017835617,-0.5855786800384521,-0.7900673747062683,0.09296498447656631
-2.3072328567504883,0.3943593502044678,2.7330989837646484,0.07082156091928482,0.3541077971458435,0.3541077673435211,0.1001884937286377,0.5498338937759399,0.7712978720664978,0.30453985929489136
-2.3181557655334473,0.3903530538082123,2.680666923522949,0.07589162141084671,0.37945809960365295,0.37945809960365295,0.14616762101650238,0.5782055258750916,0.7601290941238403,-0.25790923833847046
-2.3292922973632812,0.3862684965133667,2.627211093902588,0.07632840424776077,0.3816419839859009,0.3816419839859009,0.295370489358902,-0.5640779733657837,-0.7673486471176147,-0.0758182480931282
-2.3407697677612305,0.3820587694644928,2.572117567062378,0.06326977163553238,0.3163488507270813,0.3163488507270813,0.22505080699920654,0.48028290271759033,0.8417150378227234,0.10097655653953552
-2.3527164459228516,0.37767696380615234,2.5147714614868164,0.0772666409611702,0.38633307814598083,0.3863332271575928,0.16468212008476257,-0.501918375492096,-0.8159464001655579,0.2349238097667694
-2.365260601043701,0.37307608127593994,2.4545583724975586,0.08030413836240768,0.40152063965797424,0.40152063965797424,0.04244893789291382,-0.6148113012313843,-0.724628210067749,-0.30841389298439026
-2.37493896484375,0.36952632665634155,2.4081015586853027,0.06781312078237534,0.3390655815601349,0.3390656113624573,0.17645713686943054,0.4207521080970764,0.8738987445831299,-0.16772450506687164
-2.2490501403808594,0.9790343046188354,3.2358365058898926,0.06864316761493683,0.34321585297584534,0.3432158827781677,0.3768099546432495,-0.7974373698234558,-0.46634218096733093,0.0680655911564827
-2.2815346717834473,0.9879656434059143,3.1928975582122803,0.06272301822900772,0.3136150538921356,0.313615083694458,0.03238856792449951,0.7658846378326416,0.641051709651947,-0.037740498781204224
-2.3134372234344482,0.996737003326416,3.150728225708008,0.075556181371212,0.377780944108963,0.3777809143066406,0.26299113035202026,-0.7013438940048218,-0.5194073915481567,0.41130074858665466
-2.3451497554779053,1.0054560899734497,3.108809471130371,0.08346899598836899,0.41734498739242554,0.41734498739242554,0.25210991501808167,-0.8130558133125305,-0.523516058921814,-0.03621881827712059
-2.3770639896392822,1.0142306089401245,3.066624641418457,0.07872354984283447,0.39361774921417236,0.39361774921417236,0.14476099610328674,0.7314988970756531,0.6206108927726746,-0.2424781620502472
-2.4095711708068848,1.0231682062149048,3.023655891418457,0.07610579580068588,0.3805289566516876,0.38052898645401,0.3279854655265808,-0.7378639578819275,-0.5483416318893433,0.21749432384967804
-2.443063735961914,1.0323766469955444,2.979384660720825,0.07403886318206787,0.37019428610801697,0.37019431591033936,0.09447842091321945,-0.7427074313163757,-0.6528551578521729,-0.11506380140781403
-2.477932929992676,1.0419636964797974,2.9332938194274902,0.06388180702924728,0.31940901279449463,0.319409042596817,0.1899942010641098,-0.6272673606872559,-0.6801543831825256,0.3283715844154358
-2.514570713043213,1.052037000656128,2.8848650455474854,0.07558151334524155,0.37790757417678833,0.37790757417678833,0.3552393615245819,-0.8488872647285461,-0.38939234614372253,-0.039610836654901505
-2.5432512760162354,1.059922456741333,2.846954345703125,0.06994175910949707,0.34970879554748535,0.34970879554748535,0.013651179149746895,0.7144101858139038,0.6914222240447998,-0.10661628097295761
0.5132813453674316,-0.6339831352233887,2.9061193466186523,0.08922553062438965,0.44612762331962585,0.44612765312194824,0.4994577169418335,-0.12890507280826569,0.28296926617622375,-0.8086122870445251
0.5406211018562317,-0.6552338600158691,2.9327352046966553,0.0825330913066864,0.4126654267311096,0.4126654267311096,0.2950590252876282,-0.12050330638885498,0.6355750560760498,-0.7031809687614441
0.5674445033073425,-0.6759046912193298,2.959350109100342,0.07443936169147491,0.3721967935562134,0.3721967935562134,0.4317682385444641,-0.4518001079559326,0.38062888383865356,-0.6815969944000244
0.5940302610397339,-0.6963085532188416,2.985964298248291,0.08363939076662064,0.4181969463825226,0.4181969463825226,0.43424659967422485,-0.03323232755064964,0.3866938352584839,-0.812891960144043
0.6206570863723755,-0.7167583107948303,3.0125784873962402,0.08530615270137787,0.42653074860572815,0.42653074860572815,0.3174612820148468,-0.24805016815662384,0.6938740015029907,-0.5968486070632935
0.6476035714149475,-0.7375673055648804,3.039193630218506,0.08449666202068329,0.42248326539993286,0.4224832355976105,0.3870500922203064,-0.3419862687587738,0.3179939091205597,-0.7950581908226013
0.6751483678817749,-0.759048581123352,3.065810203552246,0.07217899709939957,0.36089497804641724,0.36089497804641724,0.22049057483673096,-0.00476471334695816,0.5595227479934692,-0.7989339828491211
0.7035702466964722,-0.7815150022506714,3.0924291610717773,0.06949630379676819,0.34748148918151855,0.34748148918151855,0.2923716902732849,-0.5622603893280029,0.4780060350894928,-0.6081876754760742
0.7331477403640747,-0.8052799105644226,3.1190507411956787,0.08231645077466965,0.41158226132392883,0.41158220171928406,0.3741689920425415,-0.08904710412025452,0.3518680930137634,-0.8533797264099121
0.7641595602035522,-0.8306561708450317,3.1456761360168457,0.07202932983636856,0.36014655232429504,0.3601466119289398,0.3068738877773285,-0.16746896505355835,0.746565043926239,-0.5660592913627625
0.7968844771385193,-0.8579570651054382,3.1723060607910156,0.0754338875412941,0.3771694302558899,0.3771694600582123,0.45867472887039185,-0.3926428258419037,0.40510094165802,-0.6865437030792236
0.8310175538063049,-0.8871816992759705,3.1988940238952637,0.07467061281204224,0.3733530640602112,0.37335309386253357,0.3075915277004242,0.0750693753361702,0.45644447207450867,-0.8315109610557556
0.8625566959381104,-0.9161713719367981,3.224997043609619,0.08149300515651703,0.40746501088142395,0.40746501088142395,0.21833011507987976,-0.34645700454711914,0.6391904354095459,-0.6509493589401245
0.8913633227348328,-0.9445462226867676,3.2503061294555664,0.07605408132076263,0.380270391702652,0.3802703619003296,0.3423820436000824,-0.23941195011138916,0.35204705595970154,-0.8375675082206726
0.9182608127593994,-0.9724185466766357,3.27457332611084,0.0716479942202568,0.35823991894721985,0.35823991894721985,0.2159508764743805,-0.0373665988445282,0.6696820855140686,-0.7095736861228943
0.9440725445747375,-0.999900221824646,3.297553300857544,0.08694633841514587,0.43473172187805176,0.43473169207572937,0.27016159892082214,-0.48813360929489136,0.4618270695209503,-0.6895317435264587
0.9696220755577087,-1.027103304862976,3.318997859954834,0.08810528367757797,0.44052639603614807,0.4405263662338257,0.20491397380828857,-0.09560234099626541,0.4769689440727234,-0.8493356704711914
0.9957325458526611,-1.0541398525238037,3.338660717010498,0.0736837387084961,0.3684186339378357,0.3684186637401581,0.30762311816215515,-0.2672984004020691,0.7766759395599365,-0.4803062379360199
1.0232276916503906,-1.0811219215393066,3.356294870376587,0.08194718509912491,0.40973591804504395,0.40973591804504395,0.41131260991096497,-0.3781290650367737,0.30705931782722473,-0.7704252004623413
1.0529303550720215,-1.108161211013794,3.3716530799865723,0.08750719577074051,0.43753597140312195,0.43753597140312195,0.12828901410102844,-0.05191829055547714,0.694286048412323,-0.7062671780586243
1.0856645107269287,-1.135370135307312,3.384488344192505,0.06804222613573074,0.3402111232280731,0.3402111530303955,0.40551504492759705,-0.4808488190174103,0.6464967131614685,-0.43172207474708557
1.122253179550171,-1.162860631942749,3.394554376602173,0.08382514119148254,0.4191257059574127,0.4191257059574127,0.39279428124427795,-0.2065080851316452,0.43836236000061035,-0.7816044092178345
1.1635199785232544,-1.190744400024414,3.4016036987304688,0.06962656229734421,0.34813278913497925,0.34813281893730164,0.18648859858512878,-0.27307721972465515,0.8127114176750183,-0.47974053025245667
1.2074015140533447,-1.217193603515625,3.4055142402648926,0.07149989157915115,0.3574994206428528,0.35749945044517517,0.4480130970478058,-0.6002054214477539,0.4464992880821228,-0.4895671308040619
1.2499099969863892,-1.2396714687347412,3.4064366817474365,0.08483823388814926,0.42419111728668213,0.42419111728668213,0.18360905349254608,-0.26622432470321655,0.6480613946914673,-0.6895134449005127
1.2912369966506958,-1.258853793144226,3.4044687747955322,0.08787111192941666,0.4393555521965027,0.4393555819988251,0.25326037406921387,-0.5892130732536316,0.6565161347389221,-0.39708152413368225
1.3316233158111572,-1.2754510641098022,3.3997080326080322,0.08735185861587524,0.4367592930793762,0.4367592930793762,0.40410593152046204,-0.39151862263679504,0.5062246918678284,-0.6535657644271851
1.371309757232666,-1.2901750802993774,3.3922526836395264,0.07096594572067261,0.35482969880104065,0.35482972860336304,0.11455252766609192,-0.3719436824321747,0.8575615882873535,-0.33633875846862793
1.410537600517273,-1.3037363290786743,3.382199764251709,0.06864593923091888,0.3432296812534332,0.3432297110557556,0.3826775848865509,-0.64986252784729,0.5444254875183105,-0.36720219254493713
1.4495476484298706,-1.3168461322784424,3.3696463108062744,0.07334920763969421,0.36674603819847107,0.36674603819847107,0.2605820596218109,-0.26196548342704773,0.7235423922538757,-0.5830587148666382
1.4885809421539307,-1.3302154541015625,3.3546900749206543,0.07967977970838547,0.39839884638786316,0.3983989953994751,0.18786591291427612,-0.5388239026069641,0.7969226241111755,-0.19821593165397644
1.5278780460357666,-1.344555377960205,3.337428569793701,0.06983700394630432,0.3491850197315216,0.349185049533844,0.35064929723739624,-0.5771238803863525,0.5619326233863831,-0.47770774364471436
1.5676803588867188,-1.360576868057251,3.3179593086242676,0.08133669942617416,0.40668347477912903,0.4066835343837738,0.05243886262178421,-0.37120333313941956,0.8379626870155334,-0.3965814411640167
1.6082284450531006,-1.3789911270141602,3.296379566192627,0.0798078402876854,0.3990391194820404,0.3990391790866852,0.35414397716522217,-0.5030829310417175,0.7716636061668396,-0.16132228076457977
1.6495193243026733,-1.400312066078186,3.272942304611206,0.0810232013463974,0.4051159620285034,0.4051159918308258,0.33609282970428467,-0.3340533375740051,0.658282458782196,-0.5849052667617798
1.6884796619415283,-1.4223190546035767,3.249687671661377,0.08237255364656448,0.41186267137527466,0.4118627607822418,0.04176342114806175,-0.3623735308647156,0.8942710161209106,-0.25926944613456726
1.7243659496307373,-1.4441158771514893,3.2268259525299072,0.07675708085298538,0.3837854564189911,0.3837854564189911,0.3656007647514343,-0.4673871099948883,0.7619608044624329,-0.2594246566295624
1.7574975490570068,-1.4655988216400146,3.2038471698760986,0.08357459306716919,0.41787293553352356,0.41787293553352356,0.19731678068637848,-0.2304707169532776,0.7792395353317261,-0.5483931303024292
1.7881948947906494,-1.4866636991500854,3.180241107940674,0.0792122557759285,0.3960612416267395,0.3960612714290619,0.050140079110860825,-0.3474763035774231,0.9297623038291931,-0.11085209995508194
1.8167784214019775,-1.5072067975997925,3.155499219894409,0.06417904049158096,0.3208951950073242,0.3208951950073242,0.3224371373653412,-0.5145884156227112,0.723177969455719,-0.3290085196495056
1.8435680866241455,-1.527124047279358,3.1291112899780273,0.06942936033010483,0.34714680910110474,0.34714680910110474,0.06546075642108917,0.31073883175849915,-0.8455100655555725,0.42926567792892456
1.8688840866088867,-1.546311378479004,3.1005678176879883,0.06507902592420578,0.3253951370716095,0.3253951668739319,0.1701371967792511,-0.5293742418289185,0.8308220505714417,-0.023473598062992096
1.8930468559265137,-1.5646651983261108,3.0693588256835938,0.08414426445960999,0.42072129249572754,0.4207213222980499,0.16962915658950806,-0.4387594163417816,0.7288913726806641,-0.4974268674850464
1.9163763523101807,-1.5820815563201904,3.034975528717041,0.0734366849064827,0.3671833574771881,0.3671833872795105,0.15001419186592102,0.46351486444473267,-0.8726536631584167,0.03354537487030029
1.9391926527023315,-1.5984561443328857,2.9969074726104736,0.06465411186218262,0.3232704997062683,0.3232704997062683,0.27854499220848083,-0.4589284658432007,0.8294169306755066,-0.15448281168937683
1.9618161916732788,-1.6136853694915771,2.9546451568603516,0.06814811378717422,0.34074053168296814,0.34074053168296814,0.0609426274895668,0.2569226920604706,-0.8856679797172546,0.3819279670715332
1.9829663038253784,-1.6269726753234863,2.909618854522705,0.07562918215990067,0.37814584374427795,0.37814590334892273,0.03143604099750519,0.48210567235946655,-0.8492171168327332,-0.2131107598543167
1.9994676113128662,-1.6369270086288452,2.865866184234619,0.07440081238746643,0.37200403213500977,0.37200406193733215,0.2888469398021698,-0.5574674606323242,0.7297428846359253,-0.27068960666656494
2.011892557144165,-1.6439846754074097,2.8231687545776367,0.07680945843458176,0.3840472400188446,0.384047269821167,0.1648721843957901,0.38194721937179565,-0.9081117510795593,0.047607727348804474
2.0209667682647705,-1.6486515998840332,2.7811272144317627,0.0658985897898674,0.3294928967952728,0.3294929563999176,0.11476640403270721,-0.6263774037361145,0.750919759273529,0.17492714524269104
2.0274157524108887,-1.6514339447021484,2.73934268951416,0.07266488671302795,0.36332443356513977,0.36332443356513977,0.022361639887094498,0.5578820705413818,-0.7770456075668335,0.2906332314014435
2.0319650173187256,-1.652837872505188,2.6974165439605713,0.07197769731283188,0.3598884642124176,0.35988849401474,0.23559795320034027,0.514382004737854,-0.7898385524749756,-0.23676955699920654
2.0353400707244873,-1.653369426727295,2.654949903488159,0.07885870337486267,0.39429351687431335,0.39429354667663574,0.25867393612861633,-0.7511789202690125,0.6047971248626709,0.05512171983718872
2.038266181945801,-1.6535344123840332,2.611543655395508,0.06857703626155853,0.34288519620895386,0.34288522601127625,0.318998247385025,0.6784694790840149,-0.6464223265647888,0.14162446558475494
2.041469097137451,-1.653839349746704,2.5667991638183594,0.07618014514446259,0.38090071082115173,0.3809007406234741,0.0603649765253067,-0.5968832969665527,0.7203788161277771,0.34805282950401306
2.0456745624542236,-1.6547905206680298,2.520317554473877,0.07180280983448029,0.35901400446891785,0.35901400446891785,0.05394032597541809,-0.6443647146224976,0.7159696817398071,-0.26319560408592224
2.051607608795166,-1.6568934917449951,2.4716997146606445,0.07827833294868469,0.3913916051387787,0.3913916349411011,0.24597902595996857,0.5277829170227051,-0.7850026488304138,-0.2114482820034027
2.058016538619995,-1.6597130298614502,2.431389331817627,0.06918612122535706,0.3459306061267853,0.3459306061267853,0.3187030851840973,-0.5346091389656067,0.7824963927268982,0.01791142113506794
1.1857913732528687,-1.227182388305664,3.415364980697632,0.06706863641738892,0.3353431522846222,0.3353431224822998,0.032053470611572266,0.10495049506425858,0.6162143349647522,-0.7798960208892822
1.204055666923523,-1.2639961242675781,3.4313344955444336,0.06559500098228455,0.32797497510910034,0.32797497510910034,0.1722504049539566,-0.3572355806827545,0.7284563183784485,-0.5586268305778503
1.2215179204940796,-1.300283432006836,3.4480931758880615,0.07269596308469772,0.3634797930717468,0.3634797930717468,0.13120120763778687,-0.09452938288450241,0.3372243344783783,-0.9274320602416992
1.2385586500167847,-1.3362939357757568,3.465266227722168,0.06724624335765839,0.3362312316894531,0.33623120188713074,0.1763579100370407,-0.019473928958177567,0.7387359142303467,-0.6502214074134827
1.2555599212646484,-1.3722785711288452,3.4824776649475098,0.07548607885837555,0.37743043899536133,0.37743040919303894,0.1932443082332611,-0.33739519119262695,0.5412779450416565,-0.745546281337738
1.2729029655456543,-1.4084875583648682,3.4993536472320557,0.07046284526586533,0.3523142635822296,0.3523142635822296,0.10954827070236206,0.14391577243804932,0.5137847065925598,-0.8386374115943909
1.2909691333770752,-1.4451713562011719,3.5155181884765625,0.07771284878253937,0.38856419920921326,0.38856422901153564,0.1755877584218979,-0.208336740732193,0.8043938875198364,-0.5279347896575928
1.3101398944854736,-1.4825800657272339,3.5305962562561035,0.07539816945791245,0.37699082493782043,0.37699082493782043,0.270737886428833,-0.24289336800575256,0.4513608515262604,-0.8148479461669922
1.330796718597412,-1.5209641456604004,3.5442123413085938,0.07945012301206589,0.39725059270858765,0.39725059270858765,0.10962499678134918,0.05724656954407692,0.7214493155479431,-0.6813340187072754
1.3533210754394531,-1.5605740547180176,3.5559921264648438,0.0683211013674736,0.3416055142879486,0.3416055142879486,0.3050108253955841,-0.3837967813014984,0.742582380771637,-0.4563330113887787
1.3780945539474487,-1.601660132408142,3.5655598640441895,0.0704466849565506,0.3522333800792694,0.3522333800792694,0.28026947379112244,-0.12256733328104019,0.5452653169631958,-0.7804563045501709
1.4054983854293823,-1.6444727182388306,3.572540283203125,0.06841059774160385,0.3420528769493103,0.3420529365539551,0.06910063326358795,0.018572768196463585,0.8700497150421143,-0.4877433776855469
1.4343303442001343,-1.6869038343429565,3.5773744583129883,0.0757930800318718,0.3789653480052948,0.3789653480052948,0.383446604013443,-0.33457690477371216,0.7050395011901855,-0.49390923976898193
1.4626775979995728,-1.7262053489685059,3.58091402053833,0.07467246800661087,0.37336233258247375,0.37336233258247375,0.30203890800476074,-0.06576983630657196,0.5876956582069397,-0.7477035522460938
1.4906445741653442,-1.7628933191299438,3.5829968452453613,0.07899129390716553,0.39495643973350525,0.39495640993118286,0.030777879059314728,0.2436719387769699,-0.8715361952781677,0.4243835210800171
1.5183472633361816,-1.7975014448165894,3.5834574699401855,0.0848187580704689,0.4240937829017639,0.42409375309944153,0.4174653887748718,-0.353656530380249,0.6164786219596863,-0.5662187933921814
1.5459009408950806,-1.8305631875991821,3.5821280479431152,0.06341557949781418,0.3170778453350067,0.3170778453350067,0.05613527074456215,-0.17947132885456085,0.7179722785949707,-0.6701900362968445
1.573421597480774,-1.862612009048462,3.578842878341675,0.06438343226909637,0.3219171464443207,0.32191717624664307,0.16698631644248962,-0.46348968148231506,0.7750369906425476,-0.39574047923088074
1.6010242700576782,-1.8941816091537476,3.5734341144561768,0.06754012405872345,0.33770060539245605,0.33770060539245605,0.18623000383377075,-0.24975891411304474,0.5352381467819214,-0.7851489782333374
1.6288251876831055,-1.9258055686950684,3.5657358169555664,0.07253693044185638,0.36268460750579834,0.36268460750579834,0.09889072924852371,-0.23022431135177612,0.8865767121315002,-0.3888433277606964
1.6569397449493408,-1.958017110824585,3.555581569671631,0.07855834811925888,0.3927917778491974,0.3927917778491974,0.3382181227207184,-0.5102943778038025,0.6166823506355286,-0.4948848485946655
1.6854835748672485,-1.9913501739501953,3.5428035259246826,0.08322824537754059,0.41614118218421936,0.41614121198654175,0.05715788155794144,0.19815175235271454,-0.7867399454116821,0.5818153619766235
1.7145721912384033,-2.0263378620147705,3.527235746383667,0.08130266517400742,0.4065133035182953,0.4065133035182953,0.24052028357982635,-0.4357767701148987,0.846455991268158,-0.18910545110702515
1.7443217039108276,-2.063513994216919,3.508711576461792,0.07202064245939255,0.36010316014289856,0.36010316014289856,0.21498863399028778,-0.2515195310115814,0.703559160232544,-0.628905713558197
1.7729079723358154,-2.1002378463745117,3.4877474308013916,0.07144121825695038,0.3572060763835907,0.3572060763835907,0.022174693644046783,0.27833977341651917,-0.9033627510070801,0.325531929731369
1.7984503507614136,-2.1334068775177,3.4651546478271484,0.08330383151769638,0.4165191054344177,0.4165191352367401,0.28814616799354553,-0.47467488050460815,0.739622950553894,-0.3802807927131653
1.8214671611785889,-2.163639783859253,3.441053628921509,0.07485254108905792,0.3742626905441284,0.37426266074180603,0.16487818956375122,0.1775762140750885,-0.8251001238822937,0.5103838443756104
1.842480182647705,-2.191560983657837,3.4155616760253906,0.07574660331010818,0.37873294949531555,0.37873297929763794,0.15731817483901978,-0.47176623344421387,0.863605260848999,-0.08290707319974899
1.8620110750198364,-2.217794895172119,3.3887994289398193,0.07996322214603424,0.3998160660266876,0.39981609582901,0.12161518633365631,-0.2844887971878052,0.8207391500473022,-0.4802740514278412
1.8805818557739258,-2.2429654598236084,3.360884428024292,0.07100313901901245,0.3550156056880951,0.35501566529273987,0.11229486018419266,0.26971545815467834,-0.9498341083526611,0.11161797493696213
1.8987137079238892,-2.2676968574523926,3.331935405731201,0.07086660712957382,0.35433298349380493,0.3543330132961273,0.3622298836708069,-0.3407222032546997,0.8329820036888123,-0.2425670176744461
1.916929006576538,-2.292613983154297,3.3020710945129395,0.0716838389635086,0.35841912031173706,0.35841915011405945,0.11084144562482834,0.189613938331604,-0.8479570746421814,0.48242050409317017
1.9357492923736572,-2.31834077835083,3.2714104652404785,0.07188621163368225,0.35943105816841125,0.35943105816841125,0.12321997433900833,-0.22753246128559113,0.9652006030082703,-0.03786294534802437
1.9556963443756104,-2.345501184463501,3.2400717735290527,0.07835856080055237,0.3917926549911499,0.39179280400276184,0.3708937466144562,-0.26087960600852966,0.8002158403396606,-0.3924720287322998
1.9772918224334717,-2.3747196197509766,3.208173990249634,0.0750327855348587,0.37516388297080994,0.3751639425754547,0.1107487827539444,0.30978885293006897,-0.8746222853660583,0.3560919165611267
2.0010576248168945,-2.406620740890503,3.1758360862731934,0.07766249775886536,0.38831251859664917,0.3883124887943268,0.20212550461292267,-0.400270938873291,0.8726739883422852,-0.19330963492393494
0.17596891522407532,0.8362107872962952,2.834268093109131,0.06931807845830917,0.34659039974212646,0.34659042954444885,0.9468956589698792,-0.22320078313350677,0.0017453079344704747,0.23144538700580597
0.1563951075077057,0.8583771586418152,2.870607376098633,0.07211682945489883,0.36058419942855835,0.36058416962623596,0.6600833535194397,-0.6579181551933289,-0.12441408634185791,0.34052136540412903
0.13696260750293732,0.87998366355896,2.9065728187561035,0.06965519487857819,0.34827595949172974,0.34827592968940735,0.7968864440917969,-0.20575293898582458,-0.3631526529788971,0.4367583692073822
0.11753758043050766,0.9015606641769409,2.942518711090088,0.07464168220758438,0.3732084035873413,0.3732084035873413,0.9025862812995911,-0.378508985042572,0.1303587555885315,0.15835291147232056
0.09798608720302582,0.9236385822296143,2.9787991046905518,0.08968688547611237,0.4484344720840454,0.448434442281723,0.6920987367630005,-0.5405961275100708,-0.3196259140968323,0.3558011054992676
0.07817422598600388,0.9467475414276123,3.01576828956604,0.07267239689826965,0.3633619546890259,0.3633619546890259,0.8648573756217957,-0.10364454239606857,-0.14035573601722717,0.47072264552116394
0.05796809121966362,0.971418023109436,3.0537803173065186,0.08099895715713501,0.40499481558799744,0.40499475598335266,0.811948835849762,-0.5267254710197449,0.042168665677309036,0.24803467094898224
0.03723379224538803,0.9981802701950073,3.0931899547576904,0.06864818930625916,0.3432409465312958,0.3432409167289734,0.7885761260986328,-0.43335846066474915,-0.3330567479133606,0.2818179130554199
0.015837423503398895,1.027564525604248,3.1343510150909424,0.08505793660879135,0.42528966069221497,0.4252896308898926,0.955985426902771,-0.21434761583805084,0.05238255485892296,0.1933985948562622
-0.0044996771030128,1.0579557418823242,3.176194190979004,0.07883100211620331,0.3941550850868225,0.3941550552845001,0.79018634557724,-0.5760118961334229,-0.17777638137340546,0.11050509661436081
-0.02112383022904396,1.0861185789108276,3.2162885665893555,0.0869239866733551,0.4346199333667755,0.4346199333667755,0.9426558613777161,-0.1720123589038849,-0.21539892256259918,0.18818864226341248
-0.0352085679769516,1.1128227710723877,3.254640817642212,0.06952039152383804,0.3476019501686096,0.3476019501686096,0.8240489959716797,-0.5283090472221375,0.1449306309223175,0.14431898295879364
-0.04800689220428467,1.1389254331588745,3.291311740875244,0.08165741711854935,0.40828707814216614,0.40828707814216614,0.8035534620285034,-0.45939603447914124,-0.2614549696445465,0.27367573976516724
-0.06077181175351143,1.1652835607528687,3.3263635635375977,0.07602892071008682,0.38014456629753113,0.38014456629753113,0.9286308884620667,-0.19407568871974945,0.025608574971556664,0.3151562511920929
-0.07475632429122925,1.1927545070648193,3.3598570823669434,0.08403623104095459,0.42018118500709534,0.42018115520477295,0.765316367149353,-0.6396217346191406,-0.05401653051376343,0.04750858619809151
-0.0912134200334549,1.2221951484680176,3.3918540477752686,0.08390410989522934,0.4195205271244049,0.4195205569267273,0.8434203267097473,-0.2593652904033661,-0.397020161151886,0.25248125195503235
-0.11139611899852753,1.254462718963623,3.4224157333374023,0.07400418072938919,0.37002092599868774,0.37002092599868774,0.8336634039878845,-0.5226204991340637,0.08275734633207321,0.15819089114665985
-0.1365574151277542,1.2904142141342163,3.451603889465332,0.06783976405858994,0.33919885754585266,0.33919885754585266,0.5823962092399597,-0.6506041884422302,-0.439431369304657,0.21078172326087952
-0.16670696437358856,1.3287670612335205,3.478384256362915,0.0874188095331192,0.4370940625667572,0.4370940625667572,0.8496395945549011,-0.42748141288757324,-0.1713322252035141,0.256938636302948
-0.19832275807857513,1.363618016242981,3.499631404876709,0.07450753450393677,0.3725377023220062,0.3725377023220062,0.5544774532318115,-0.807039201259613,-0.13178850710391998,0.15451321005821228
-0.23079395294189453,1.3957114219665527,3.5159316062927246,0.08131013065576553,0.40655064582824707,0.40655067563056946,0.6005187034606934,-0.5362856984138489,-0.38908758759498596,0.4476446807384491
-0.26379165053367615,1.4263341426849365,3.5281600952148438,0.072892926633358,0.3644647002220154,0.3644647002220154,0.7904833555221558,-0.5603018403053284,-0.06096060946583748,0.23975329101085663
-0.2969869375228882,1.4567735195159912,3.5371923446655273,0.07145072519779205,0.35725364089012146,0.35725364089012146,0.4868776798248291,-0.7611101865768433,-0.3918222188949585,0.1735994666814804
-0.33005088567733765,1.488316535949707,3.543903350830078,0.08583174645900726,0.4291587471961975,0.4291587173938751,0.7684140801429749,-0.4318968653678894,-0.35130950808525085,0.31557339429855347
-0.36265456676483154,1.5222504138946533,3.549168586730957,0.07931612432003021,0.39658060669898987,0.39658066630363464,0.5501828789710999,-0.8298044800758362,-0.03288404271006584,0.08741813153028488
-0.39446908235549927,1.5598626136779785,3.553864002227783,0.07062792032957077,0.35313957929611206,0.35313957929611206,0.5188928842544556,-0.637529194355011,-0.5094305872917175,0.2545333206653595
-0.4251655042171478,1.6024402379989624,3.558864116668701,0.0679071843624115,0.3395359218120575,0.3395359218120575,0.7705538868904114,-0.6181831955909729,-0.14195872843265533,0.06280132383108139
-0.45371437072753906,1.6502175331115723,3.5649819374084473,0.08422130346298218,0.4211065173149109,0.4211065471172333,0.4455507695674896,-0.8590702414512634,-0.14285504817962646,0.20754574239253998
-0.4762895107269287,1.6977664232254028,3.572026014328003,0.06458685547113419,0.3229342997074127,0.3229342997074127,0.7335468530654907,-0.5966917276382446,-0.25165119767189026,0.20625139772891998
-0.49367421865463257,1.7443174123764038,3.579051971435547,0.07817928493022919,0.3908964693546295,0.39089643955230713,0.673966646194458,-0.7240985631942749,0.1446765512228012,0.02277919463813305
-0.5074323415756226,1.7901118993759155,3.5851025581359863,0.08237236738204956,0.4118618369102478,0.4118618369102478,0.4056145250797272,-0.8609286546707153,-0.18518313765525818,0.24492023885250092
-0.519127607345581,1.8353917598724365,3.589219093322754,0.0684688538312912,0.3423442542552948,0.3423442244529724,0.7598657011985779,-0.6219887137413025,-0.10484727472066879,0.1572933942079544
-0.5303239822387695,1.8803980350494385,3.590444564819336,0.07828222960233688,0.3914111852645874,0.391411155462265,0.5154430866241455,-0.8358925580978394,0.18194635212421417,-0.04997584596276283
-0.5425851941108704,1.92537260055542,3.5878210067749023,0.06628533452749252,0.3314266502857208,0.33142662048339844,0.495614618062973,-0.8171834945678711,-0.23899725079536438,0.17163223028182983
-0.5574751496315002,1.9705570936203003,3.5803909301757812,0.06588473916053772,0.3294236958026886,0.3294236958026886,0.7662168145179749,-0.6202163696289062,0.030277637764811516,0.16530831158161163
-0.5765576362609863,2.01619291305542,3.5671956539154053,0.07778623700141907,0.3889312148094177,0.3889312446117401,0.3638474643230438,-0.9084063768386841,-0.1985471397638321,-0.05469841510057449
-0.6009210348129272,2.061962842941284,3.5474865436553955,0.07985607534646988,0.3992803990840912,0.3992803990840912,0.44356125593185425,-0.7560186386108398,-0.34215840697288513,0.3385511636734009
-0.6255989074707031,2.1012721061706543,3.523425340652466,0.07272004336118698,0.3636002242565155,0.3636002242565155,0.548334538936615,-0.8278819918632507,-0.08183994144201279,-0.08510474115610123
-0.6491870880126953,2.133474111557007,3.496161699295044,0.08116132020950317,0.40580660104751587,0.4058065712451935,0.0609525628387928,-0.8809969425201416,-0.45863088965415955,0.09892860800027847
-0.672102689743042,2.1602702140808105,3.466111421585083,0.06519520282745361,0.3259759843349457,0.3259759843349457,0.43492016196250916,-0.8130815029144287,-0.3304249942302704,0.20140092074871063
-0.6947628259658813,2.183361053466797,3.4336915016174316,0.06979499012231827,0.34897497296333313,0.34897497296333313,0.17313840985298157,-0.9139607548713684,-0.34498339891433716,-0.12524056434631348
-0.7175847291946411,2.2044479846954346,3.399317741394043,0.06624414771795273,0.33122074604034424,0.33122071623802185,0.0819513350725174,-0.7890497446060181,-0.47367483377456665,0.38251346349716187
-0.7409856915473938,2.225231885910034,3.3634064197540283,0.06179903447628021,0.30899515748023987,0.30899515748023987,0.423675537109375,-0.8388969302177429,-0.3414023518562317,0.013977700844407082
-0.7653827667236328,2.247413396835327,3.326374053955078,0.06614387780427933,0.3307194411754608,0.3307194411754608,0.054608575999736786,-0.860592782497406,-0.5061967968940735,0.012761599384248257
-0.7911931276321411,2.272693634033203,3.2886362075805664,0.07186540961265564,0.3593270778656006,0.3593270480632782,0.43495383858680725,-0.7725359797477722,-0.33905115723609924,0.3147183060646057
-0.8140919208526611,2.29736590385437,3.256937265396118,0.06965594738721848,0.34827977418899536,0.34827977418899536,0.27777576446533203,-0.9329259395599365,-0.17027226090431213,-0.15328764915466309
-0.1438456028699875,1.323527216911316,3.4860520362854004,0.06564701348543167,0.32823511958122253,0.32823511958122253,0.8151004910469055,-0.5492050051689148,-0.15323777496814728,0.10248567909002304
-0.1395343691110611,1.3524670600891113,3.5232174396514893,0.072203628718853,0.3610181510448456,0.3610181510448456,0.9921066761016846,-0.1157793253660202,0.04679737612605095,-0.011382422409951687
-0.13472872972488403,1.3804489374160767,3.560120105743408,0.08229528367519379,0.4114764332771301,0.4114764630794525,0.7508842349052429,-0.591091513633728,0.2693123519420624,-0.11939280480146408
-0.12977926433086395,1.4081521034240723,3.5969462394714355,0.08592371642589569,0.42961856722831726,0.42961856722831726,0.8745991587638855,-0.40561094880104065,-0.26496487855911255,0.01869908720254898
-0.1250365823507309,1.436255931854248,3.6338820457458496,0.07830759137868881,0.39153796434402466,0.39153796434402466,0.9539036750793457,-0.1606319099664688,0.2524651288986206,-0.022944476455450058
-0.12085133045911789,1.465440034866333,3.671114444732666,0.07077499479055405,0.35387498140335083,0.35387495160102844,0.7503653168678284,-0.6478297114372253,0.1240294799208641,0.04341923072934151
-0.11757408827543259,1.4963831901550293,3.7088286876678467,0.0776754766702652,0.3883773684501648,0.3883773684501648,0.9249320030212402,-0.3217439651489258,-0.19566620886325836,-0.05192635953426361
-0.11555548012256622,1.5297651290893555,3.7472119331359863,0.0810689628124237,0.40534478425979614,0.40534481406211853,0.8661192655563354,-0.41911184787750244,0.24181073904037476,-0.1253405511379242
-0.11514611542224884,1.5662651062011719,3.786449670791626,0.07868607342243195,0.3934304714202881,0.3934304416179657,0.789840817451477,-0.5797672867774963,-0.19846110045909882,-0.025190239772200584
-0.11694170534610748,1.6058017015457153,3.8262853622436523,0.06980394572019577,0.34901970624923706,0.34901973605155945,0.9737955331802368,-0.22039061784744263,0.05417229235172272,-0.014684271067380905
-0.12264490872621536,1.6432236433029175,3.8635308742523193,0.06456295400857925,0.3228147625923157,0.3228147625923157,0.7438089847564697,-0.6586096286773682,0.05227729678153992,0.10123531520366669
-0.13145020604133606,1.6782947778701782,3.8978912830352783,0.07154388725757599,0.35771942138671875,0.35771945118904114,0.8459564447402954,-0.382186621427536,-0.28838181495666504,0.23479138314723969
-0.14205577969551086,1.712066888809204,3.929827928543091,0.08072346448898315,0.40361732244491577,0.40361732244491577,0.8981824517250061,-0.40057891607284546,0.17593349516391754,-0.0430377833545208
-0.15315979719161987,1.745592474937439,3.959800958633423,0.07670192420482635,0.38350963592529297,0.38350966572761536,0.7111981511116028,-0.6419187188148499,-0.2801525592803955,0.060432638972997665
-0.16346043348312378,1.7799232006072998,3.988269329071045,0.07301096618175507,0.3650548458099365,0.3650548458099365,0.9420623183250427,-0.2562105059623718,-0.031967148184776306,0.21413283050060272
-0.17165587842464447,1.8161113262176514,4.015693664550781,0.08130538463592529,0.40652695298194885,0.40652698278427124,0.7004369497299194,-0.6921625733375549,0.17308591306209564,-0.018448349088430405
-0.17644429206848145,1.8552087545394897,4.042533874511719,0.06603657454252243,0.33018290996551514,0.33018290996551514,0.7905574440956116,-0.554506242275238,-0.2511692941188812,0.06675116717815399
-0.1765238642692566,1.8982677459716797,4.069250583648682,0.0771971046924591,0.38598552346229553,0.38598549365997314,0.8927587866783142,-0.4006122350692749,0.2008969932794571,-0.04617248475551605
-0.17065852880477905,1.9461195468902588,4.0961527824401855,0.06810098141431808,0.3405049443244934,0.3405049443244934,0.5938839912414551,-0.7913997769355774,0.14441625773906708,0.011494298465549946
-0.1600470244884491,1.9929121732711792,4.119177341461182,0.06663809716701508,0.3331905007362366,0.3331904709339142,0.8511860370635986,-0.47925522923469543,-0.1876603215932846,-0.1028609648346901
-0.14601774513721466,2.036376476287842,4.1371541023254395,0.08386961370706558,0.4193480610847473,0.4193480610847473,0.6704097986221313,-0.6040276288986206,0.3360956609249115,-0.26970550417900085
-0.12911958992481232,2.0775070190429688,4.151205539703369,0.07656450569629669,0.38282257318496704,0.38282257318496704,0.5748730897903442,-0.8067508935928345,-0.12289747595787048,-0.05975037440657616
-0.10990151017904282,2.1172988414764404,4.162453651428223,0.06953798979520798,0.3476899266242981,0.3476899266242981,0.8399420976638794,-0.4410742223262787,0.21379946172237396,-0.23289616405963898
-0.08891243487596512,2.1567463874816895,4.172021865844727,0.0734253078699112,0.36712655425071716,0.36712655425071716,0.46248510479927063,-0.8059509992599487,0.334562212228775,-0.15690305829048157
-0.06670127809047699,2.1968445777893066,4.181031227111816,0.08027169853448868,0.4013584554195404,0.4013584852218628,0.7457931041717529,-0.6654071807861328,0.01595396362245083,-0.027774063870310783
-0.0438169464468956,2.2385878562927246,4.190605163574219,0.06769541651010513,0.33847710490226746,0.33847710490226746,0.6723973155021667,-0.5039128065109253,0.34117284417152405,-0.42137256264686584
-0.0208083838224411,2.2829713821411133,4.201866149902344,0.06488332897424698,0.3244166672229767,0.3244166374206543,0.5785215497016907,-0.7978102564811707,0.042031630873680115,-0.16445358097553253
0.0017754936125129461,2.3309898376464844,4.215936183929443,0.08202587813138962,0.4101293981075287,0.4101293981075287,0.8523382544517517,-0.4577395021915436,0.07540266215801239,-0.241471529006958
0.002304866909980774,2.332188606262207,4.216315746307373,0.08152733743190765,0.40763670206069946,0.40763670206069946,0.4711359441280365,-0.8033907413482666,0.246631920337677,-0.2678934335708618
-0.59458327293396,2.0619354248046875,3.5489017963409424,0.07962286472320557,0.3981143832206726,0.3981143832206726,0.5050899982452393,-0.7736947536468506,-0.16441121697425842,0.3453252911567688
-0.6010475754737854,2.1059114933013916,3.5317776203155518,0.07145477831363678,0.3572739362716675,0.3572738766670227,0.5692580342292786,-0.8171201944351196,0.08342968672513962,-0.036047469824552536
-0.6073748469352722,2.1489555835723877,3.515016555786133,0.06816558539867401,0.34082797169685364,0.34082797169685364,0.25713130831718445,-0.9451642632484436,-0.20098918676376343,-0.012304134666919708
-0.6136355996131897,2.19154691696167,3.49843168258667,0.06460898369550705,0.32304495573043823,0.32304492592811584,0.6178262233734131,-0.7731075286865234,-0.13535670936107635,0.047686923295259476
-0.6199002861976624,2.2341649532318115,3.4818363189697266,0.0734310895204544,0.3671554923057556,0.36715543270111084,0.3353952169418335,-0.9246559143066406,0.11544787138700485,-0.1385398656129837
-0.6262394189834595,2.277289390563965,3.4650440216064453,0.075057752430439,0.37528878450393677,0.37528881430625916,0.42752113938331604,-0.849490225315094,-0.2736804187297821,0.14384397864341736
-0.632723331451416,2.321399211883545,3.4478681087493896,0.06695879250764847,0.33479395508766174,0.33479398488998413,0.5898391604423523,-0.8005785942077637,-0.006516000721603632,-0.10545710474252701
-0.639422595500946,2.366973876953125,3.430121421813965,0.07709461450576782,0.38547322154045105,0.38547322154045105,0.16568025946617126,-0.9811757802963257,0.011921483092010021,0.09849847108125687
-0.6464076638221741,2.414492607116699,3.4116179943084717,0.06895321607589722,0.3447660803794861,0.34476611018180847,0.6048407554626465,-0.756956160068512,-0.21078240871429443,0.12944403290748596
-0.6537489891052246,2.464434862136841,3.3921706676483154,0.06880559772253036,0.3440280258655548,0.3440280258655548,0.43355950713157654,-0.8783949613571167,-0.02665407769382,-0.1993439495563507
-0.6575642228126526,2.490389823913574,3.3820641040802,0.06833914667367935,0.34169575572013855,0.34169575572013855,0.39674854278564453,-0.8829542398452759,-0.19177131354808807,0.16188323497772217
-0.17516575753688812,1.9418284893035889,4.098329067230225,0.06780848652124405,0.33904242515563965,0.33904242515563965,0.9532191157341003,-0.21058104932308197,0.08778854459524155,0.19829806685447693
-0.1884738951921463,1.9697693586349487,4.134799003601074,0.06865095347166061,0.3432547152042389,0.3432547152042389,0.7007456421852112,-0.698514461517334,-0.07011134922504425,0.12695473432540894
-0.20148766040802002,1.9970918893814087,4.170461654663086,0.08241723477840424,0.41208615899086,0.41208615899086,0.8575018048286438,-0.30917900800704956,-0.22401165962219238,0.34484460949897766
-0.21434113383293152,2.024078130722046,4.205686092376709,0.07292350381612778,0.3646175265312195,0.3646174967288971,0.8838481307029724,-0.38382843136787415,0.0969134196639061,0.2491907924413681
-0.22716838121414185,2.051009178161621,4.240838050842285,0.0656457394361496,0.3282287120819092,0.3282287120819092,0.723135232925415,-0.6311163902282715,-0.26131778955459595,0.1023746058344841
-0.24010340869426727,2.0781664848327637,4.276285171508789,0.0693720132112503,0.34686005115509033,0.3468600809574127,0.9284968376159668,-0.1952107697725296,-0.12174530327320099,0.2914867103099823
-0.25328028202056885,2.1058316230773926,4.3123955726623535,0.07226629555225372,0.3613314628601074,0.36133143305778503,0.7974480390548706,-0.5924477577209473,0.11436150223016739,0.0019163861870765686
-0.2668330669403076,2.1342859268188477,4.3495354652404785,0.06665606796741486,0.3332803547382355,0.3332803547382355,0.819585919380188,-0.37599408626556396,-0.36594611406326294,0.23019739985466003
-0.28089579939842224,2.1638107299804688,4.388072967529297,0.06898565590381622,0.3449282944202423,0.3449282646179199,0.910464346408844,-0.2817659378051758,0.10841738432645798,0.282680481672287
-0.2956025302410126,2.194687843322754,4.428375720977783,0.08011634647846222,0.4005816876888275,0.4005816876888275,0.7621293067932129,-0.6232841610908508,-0.09968257695436478,0.14401084184646606
-0.31108731031417847,2.227198600769043,4.470810413360596,0.07784335315227509,0.3892167806625366,0.3892167806625366,0.925372838973999,-0.27539560198783875,-0.2223949134349823,0.13558374345302582
-0.3660432696342468,-0.792611300945282,3.0660879611968994,0.07708189636468887,0.38540950417518616,0.3854094445705414,0.635836660861969,-0.3476841151714325,-0.13758955895900726,0.6752011775970459
-0.3945021331310272,-0.7960363626480103,3.1315877437591553,0.08742932975292206,0.4371466040611267,0.4371465742588043,0.5764433741569519,-0.13726133108139038,-0.43550556898117065,0.6776483058929443
-0.4228087365627289,-0.7990689873695374,3.1970114707946777,0.06804728507995605,0.3402363955974579,0.3402363061904907,0.6216027140617371,-0.043668150901794434,0.05073639750480652,0.78046715259552
-0.45219743251800537,-0.8048909902572632,3.262976884841919,0.06872975081205368,0.3436487913131714,0.343648761510849,0.48509860038757324,-0.3980824947357178,-0.28810787200927734,0.7233281135559082
-0.4839024543762207,-0.8166838884353638,3.3301024436950684,0.07498770207166672,0.3749384880065918,0.374938428401947,0.35483336448669434,0.051387637853622437,-0.42966246604919434,0.8287597894668579
-0.519158124923706,-0.8376296758651733,3.399005651473999,0.06945713609457016,0.3472856879234314,0.3472856283187866,0.5174698829650879,-0.23894625902175903,-0.0874878391623497,0.8169916868209839
-0.5571447610855103,-0.8686686158180237,3.4671618938446045,0.08881182223558426,0.4440590739250183,0.4440590739250183,0.2307295799255371,-0.2714826762676239,-0.5382805466651917,0.7637506723403931
-0.5917096138000488,-0.9034059047698975,3.5248632431030273,0.06823491305112839,0.34117454290390015,0.34117451310157776,0.3914627134799957,0.10990369319915771,-0.3204821050167084,0.855552077293396
-0.623820960521698,-0.9413886070251465,3.5744829177856445,0.08754891157150269,0.4377445578575134,0.43774452805519104,0.27136170864105225,-0.34845486283302307,-0.41117069125175476,0.7974212765693665
-0.65516597032547,-0.9828696846961975,3.6195430755615234,0.08264166861772537,0.41320833563804626,0.41320833563804626,0.22447627782821655,-0.025417501106858253,-0.640568733215332,0.7339182496070862
-0.6874315738677979,-1.0281023979187012,3.6635680198669434,0.08505042642354965,0.42525216937065125,0.42525213956832886,0.3128140866756439,-0.13874658942222595,-0.2320888340473175,0.9105116724967957
-0.7223050594329834,-1.077339768409729,3.710080146789551,0.07988781481981277,0.3994390368461609,0.3994390070438385,0.1963450014591217,-0.3294369876384735,-0.5906339287757874,0.7099798917770386
-0.76106858253479,-1.1305255889892578,3.761981248855591,0.070892333984375,0.354461669921875,0.3544616401195526,0.2688787877559662,0.05093269422650337,-0.5171592831611633,0.8109601140022278
-0.7972513437271118,-1.181963562965393,3.8098607063293457,0.06523242592811584,0.32616207003593445,0.32616207003593445,0.33957743644714355,-0.296269029378891,-0.3939899504184723,0.801051676273346
-0.8297199010848999,-1.2307242155075073,3.8514599800109863,0.0857207402586937,0.4286037087440491,0.4286037087440491,0.23432844877243042,-0.06349267810583115,-0.7148009538650513,0.6558341979980469
-0.8606656789779663,-1.278515338897705,3.889472007751465,0.08272689580917358,0.41363444924354553,0.41363444924354553,0.132638081908226,-0.09765869379043579,-0.34501349925994873,0.9240322709083557
-0.8922801613807678,-1.3270453214645386,3.9265918731689453,0.07863238453865051,0.39316195249557495,0.39316195249557495,0.2799164652824402,-0.35752758383750916,-0.5566036701202393,0.6957105398178101
-0.9267547726631165,-1.3780221939086914,3.965512752532959,0.08304635435342789,0.41523173451423645,0.41523176431655884,0.12619909644126892,0.05960114300251007,-0.6612000465393066,0.7371132969856262
-0.9662810564041138,-1.4331538677215576,4.008929252624512,0.07769468426704407,0.38847339153289795,0.38847339153289795,0.2608751058578491,-0.23639804124832153,-0.33562028408050537,0.8737386465072632
-1.010372281074524,-1.4869287014007568,4.054096221923828,0.06761827319860458,0.33809134364128113,0.3380914032459259,0.31775641441345215,-0.3072085380554199,-0.6866164803504944,0.577244758605957
-1.055037021636963,-1.5319753885269165,4.094820022583008,0.07442623376846313,0.3721311390399933,0.3721311092376709,0.1691051721572876,-0.022124862298369408,-0.47142866253852844,0.8652566075325012
-1.0988380908966064,-1.572942852973938,4.132575511932373,0.08018002659082413,0.40090009570121765,0.40090006589889526,0.4526427388191223,-0.4200536906719208,-0.3337661921977997,0.7122285962104797
-1.1403725147247314,-1.614596962928772,4.168920040130615,0.07792878895998001,0.38964393734931946,0.38964390754699707,0.11182817816734314,-0.23547711968421936,-0.668820858001709,0.6962209939956665
-1.1782370805740356,-1.661703109741211,4.205408096313477,0.07660188525915146,0.3830094039440155,0.38300931453704834,0.16381727159023285,0.030174102634191513,-0.33576786518096924,0.9270994663238525
-1.2110286951065063,-1.719026803970337,4.243596076965332,0.08136292546987534,0.4068145751953125,0.4068145751953125,0.2935490310192108,-0.2897323668003082,-0.5811057686805725,0.7015698552131653
-1.2364528179168701,-1.7881603240966797,4.283231735229492,0.08105737715959549,0.40528684854507446,0.40528690814971924,0.11577832698822021,0.13161373138427734,-0.6576992273330688,0.732601523399353
-1.2500450611114502,-1.8552929162979126,4.3162431716918945,0.07335059344768524,0.3667529821395874,0.3667529821395874,0.1393716186285019,-0.15585897862911224,-0.4598827362060547,0.863012969493866
-1.2543389797210693,-1.920041799545288,4.343661785125732,0.06348662078380585,0.31743305921554565,0.31743305921554565,0.06937041133642197,0.07235600054264069,0.7782304286956787,-0.6199272274971008
-1.2528153657913208,-1.984630823135376,4.368100166320801,0.0737776905298233,0.3688884377479553,0.36888837814331055,0.1664607971906662,-0.21875415742397308,0.49754539132118225,-0.8227308392524719
-1.248955488204956,-2.051283359527588,4.392172336578369,0.06528110057115555,0.32640549540519714,0.32640546560287476,0.09409235417842865,-0.2741931676864624,-0.573344349861145,0.7663165330886841
-1.2462401390075684,-2.1222236156463623,4.418491840362549,0.08162140101194382,0.4081069529056549,0.4081069529056549,0.043013978749513626,-0.19679425656795502,0.8154358267784119,-0.5426658391952515
-1.2474321126937866,-2.1875557899475098,4.444581985473633,0.06797591596841812,0.3398796021938324,0.33987957239151,0.012615000829100609,-0.007687554694712162,0.3556116223335266,-0.9345170855522156
-0.5448322892189026,-0.8346909880638123,3.468053102493286,0.07325074821710587,0.36625373363494873,0.36625373363494873,0.8073018193244934,-0.48469987511634827,0.09529630839824677,0.3228752613067627
-0.5581663250923157,-0.8098858594894409,3.535954713821411,0.0702032744884491,0.3510163724422455,0.3510163724422455,0.8984411358833313,-0.2470988780260086,-0.34874412417411804,0.10061425715684891
-0.5690854787826538,-0.783527672290802,3.6036999225616455,0.06836574524641037,0.34182873368263245,0.34182870388031006,0.9334385991096497,-0.10206159204244614,0.19835339486598969,0.2809479832649231
-0.581681489944458,-0.7582478523254395,3.671553611755371,0.0763186514377594,0.3815932869911194,0.381593257188797,0.8120985627174377,-0.5466145873069763,-0.15215086936950684,0.13622993230819702
-0.6000463962554932,-0.7366776466369629,3.7397828102111816,0.077922023832798,0.38961008191108704,0.38961005210876465,0.8693975806236267,0.025627758353948593,-0.20560471713542938,0.4485730230808258
-0.6282721161842346,-0.7214484214782715,3.808652877807617,0.06862599402666092,0.343129962682724,0.343129962682724,0.7417564392089844,-0.4359387755393982,0.003693477250635624,0.5096480846405029
-0.6704506874084473,-0.7151914238929749,3.8784308433532715,0.07370421290397644,0.3685210645198822,0.3685210645198822,0.569573163986206,-0.25190603733062744,-0.4828362762928009,0.6156288385391235
-0.7223976850509644,-0.7184387445449829,3.940711259841919,0.08275934308767319,0.41379669308662415,0.41379669308662415,0.6775915622711182,-0.19724148511886597,-0.17652492225170135,0.686151921749115
-0.7763733863830566,-0.7290207743644714,3.988684892654419,0.06650181114673615,0.3325090706348419,0.33250904083251953,0.47199949622154236,-0.5408868193626404,-0.5263578295707703,0.45563721656799316
-0.8325895667076111,-0.7458009719848633,4.026782989501953,0.0738813579082489,0.3694067895412445,0.3694067597389221,0.48317742347717285,-0.054664209485054016,-0.5123214721679688,0.7078686952590942
-0.8912656307220459,-0.7676441669464111,4.059446334838867,0.08591484278440475,0.42957428097724915,0.42957425117492676,0.5542132258415222,-0.5558561682701111,-0.29007819294929504,0.5474727153778076
-0.9526208639144897,-0.7934153079986572,4.091114044189453,0.08035848289728165,0.40179237723350525,0.40179240703582764,0.19505314528942108,-0.3258489966392517,-0.7156052589416504,0.5862472653388977
-1.0168750286102295,-0.821979284286499,4.126226425170898,0.0746588483452797,0.37329426407814026,0.37329423427581787,0.48886069655418396,-0.21417838335037231,-0.40050873160362244,0.7448057532310486
-1.0836323499679565,-0.8519819974899292,4.168580532073975,0.07193468511104584,0.359673410654068,0.359673410654068,0.4973832368850708,-0.4861551523208618,-0.5100905299186707,0.5060343742370605
-1.1446943283081055,-0.8799403309822083,4.211605072021484,0.06884577125310898,0.3442288339138031,0.3442288339138031,0.4033868610858917,-0.12765248119831085,-0.5508590340614319,0.7194012999534607
-1.1997102499008179,-0.9066126346588135,4.2520527839660645,0.06667055189609528,0.3333527445793152,0.3333527147769928,0.5618370771408081,-0.3950490653514862,-0.2538004219532013,0.6810731291770935
-1.251624584197998,-0.9341126680374146,4.289506912231445,0.07518618553876877,0.37593093514442444,0.37593093514442444,0.31246283650398254,-0.3168264627456665,-0.6808726787567139,0.5817219018936157
-1.3033814430236816,-0.9645538330078125,4.323553085327148,0.07060760259628296,0.3530380129814148,0.3530380129814148,0.381143182516098,-0.09973807632923126,-0.3792699873447418,0.8372194766998291
-1.3579251766204834,-1.0000499486923218,4.353776454925537,0.08461400121450424,0.4230700135231018,0.4230700135231018,0.4188663959503174,-0.4583365023136139,-0.5317206382751465,0.5759789943695068
-1.4182006120681763,-1.0427143573760986,4.379761695861816,0.08172398805618286,0.4086199700832367,0.4086199700832367,0.14180253446102142,-0.16189086437225342,-0.7345986366271973,0.6434658169746399
-1.4828888177871704,-1.0919843912124634,4.399630546569824,0.06649892032146454,0.3324945867061615,0.3324945867061615,0.33425018191337585,-0.3247753381729126,-0.41282957792282104,0.7825404405593872
-1.5401984453201294,-1.140264630317688,4.409365177154541,0.06487468630075455,0.32437342405319214,0.3243734538555145,0.2261456549167633,-0.5345617532730103,-0.7246358394622803,0.37148982286453247
-1.5918874740600586,-1.1879355907440186,4.411291122436523,0.06984361261129379,0.34921807050704956,0.34921807050704956,0.1439005434513092,-0.11358922719955444,-0.7551256418228149,0.6294246315956116
-1.6409705877304077,-1.2361453771591187,4.408231258392334,0.06599032878875732,0.32995161414146423,0.32995161414146423,0.44007357954978943,-0.3783869445323944,-0.6048153638839722,0.5453044176101685
-1.6904618740081787,-1.2860426902770996,4.40300989151001,0.0666741356253624,0.3333706259727478,0.3333706259727478,0.09885323792695999,-0.2405243068933487,-0.8890269994735718,0.3768382966518402
-1.7433762550354004,-1.3387755155563354,4.398448944091797,0.0655105710029602,0.327552855014801,0.327552855014801,0.24825946986675262,-0.2147742658853531,-0.5906592011451721,0.7371302247047424
-1.8027276992797852,-1.395492434501648,4.397372722625732,0.06717782467603683,0.33588916063308716,0.33588913083076477,0.2553822100162506,-0.5436977744102478,-0.6431922912597656,0.4748433530330658
-1.8035084009170532,-1.3962178230285645,4.397392749786377,0.07181813567876816,0.3590906262397766,0.3590906262397766,0.11390149593353271,-0.18734869360923767,-0.8016334176063538,0.5561571717262268
-0.6717397570610046,-0.6888310313224792,3.9463553428649902,0.07097796350717545,0.354889839887619,0.354889839887619,0.9892904758453369,-0.12231939285993576,0.07670088857412338,-0.021431447938084602
-0.6688113808631897,-0.6599708199501038,4.01190185546875,0.08668690919876099,0.43343448638916016,0.43343448638916016,0.8487423658370972,-0.5003178715705872,0.16382434964179993,0.04980023205280304
-0.6651628613471985,-0.6306520104408264,4.076823711395264,0.07249573618173599,0.36247867345809937,0.36247870326042175,0.9361567497253418,-0.2510886788368225,-0.22784188389778137,-0.09302206337451935
-0.6627918481826782,-0.6021466255187988,4.142853260040283,0.07701809704303741,0.3850904703140259,0.3850904703140259,0.9444236755371094,-0.18986976146697998,0.253435343503952,-0.088226817548275
-0.6636960506439209,-0.5757265090942383,4.211721420288086,0.06603553891181946,0.3301776349544525,0.3301776349544525,0.8981227874755859,-0.4181753695011139,-0.1319839060306549,0.032940223813056946
-0.6698731184005737,-0.5526633858680725,4.285160064697266,0.0787334069609642,0.3936670124530792,0.39366698265075684,0.9567721486091614,0.06593726575374603,-0.05237874761223793,0.27838072180747986
-0.6833205819129944,-0.5342292785644531,4.364899635314941,0.07613629847764969,0.38068151473999023,0.38068151473999023,0.8671572804450989,-0.3597879707813263,-0.001972000813111663,0.34436461329460144
-0.7054750323295593,-0.5214818716049194,4.442789554595947,0.06927838176488876,0.3463919162750244,0.3463919162750244,0.6839072704315186,-0.12265671789646149,-0.40173661708831787,0.5965180993080139
-0.7344924211502075,-0.5141779780387878,4.511232852935791,0.06389512866735458,0.31947562098503113,0.3194756507873535,0.6838744878768921,-0.1650158166885376,-0.010766513645648956,0.7106120586395264
-0.7674200534820557,-0.5116243958473206,4.574070930480957,0.06664352864027023,0.3332176208496094,0.333217591047287,0.5630651116371155,-0.48470959067344666,-0.29983842372894287,0.5984238982200623
-0.8013051748275757,-0.5131282806396484,4.635149002075195,0.08018510043621063,0.40092554688453674,0.40092554688453674,0.6713942289352417,0.04758690670132637,-0.35077208280563354,0.6510946750640869
-0.8331952095031738,-0.5179966688156128,4.698314666748047,0.07151734083890915,0.35758674144744873,0.35758671164512634,0.6916883587837219,-0.38344520330429077,-0.03776296228170395,0.610828161239624
-0.8601372241973877,-0.5255366563796997,4.767413139343262,0.08177516609430313,0.40887579321861267,0.4088757634162903,0.528485894203186,-0.0656304731965065,-0.46747735142707825,0.705592155456543
-0.879178524017334,-0.5350552797317505,4.846290111541748,0.07514455914497375,0.3757227957248688,0.37572285532951355,0.4459577202796936,-0.029812943190336227,0.030540689826011658,0.8940358757972717
-0.8883675932884216,-0.546704113483429,4.9265899658203125,0.08211786299943924,0.4105893075466156,0.4105892777442932,0.07390875369310379,-0.17229880392551422,-0.3145674765110016,0.9305363893508911
-0.8892027139663696,-0.5608299970626831,4.998974323272705,0.07112307101488113,0.3556153476238251,0.3556153178215027,0.05120491608977318,-0.32435673475265503,0.13763009011745453,-0.934467077255249
-0.8838953375816345,-0.5769827961921692,5.066562175750732,0.08050164580345154,0.4025082290172577,0.4025081992149353,0.2289944440126419,0.1428215354681015,0.149462029337883,-0.9512227177619934
-0.8746570944786072,-0.5947123169898987,5.132472991943359,0.07146715372800827,0.35733574628829956,0.3573357164859772,0.21236403286457062,-0.18015827238559723,0.47694164514541626,-0.8336493372917175
-0.8636996746063232,-0.6135685443878174,5.199827671051025,0.06992991268634796,0.349649578332901,0.3496495485305786,0.36330994963645935,-0.14683368802070618,0.038178592920303345,-0.9192323088645935
-0.8532346487045288,-0.6331013441085815,5.271746635437012,0.07799457758665085,0.38997283577919006,0.38997283577919006,0.31869491934776306,0.17447131872177124,0.2686176896095276,-0.8920974731445312
-0.8454737067222595,-0.6528604626655579,5.351348400115967,0.08204135298728943,0.41020679473876953,0.41020676493644714,0.18931594491004944,-0.2500745356082916,0.456240177154541,-0.832746684551239
-1.251220703125,-1.7787517309188843,4.262454032897949,0.08081325888633728,0.4040662944316864,0.4040662944316864,0.3387080729007721,-0.13448891043663025,-0.5540374517440796,0.7484865188598633
-1.301020860671997,-1.8295122385025024,4.261456489562988,0.08411171287298203,0.42055845260620117,0.42055854201316833,0.32631030678749084,-0.35073453187942505,-0.772784948348999,0.41630545258522034
-1.350094199180603,-1.8795320987701416,4.260473251342773,0.07012344151735306,0.3506172001361847,0.3506172001361847,0.08304842561483383,-0.07059793174266815,-0.7435580492019653,0.6597273945808411
-1.3998959064483643,-1.930294156074524,4.259476184844971,0.08159902691841125,0.4079951047897339,0.4079951047897339,0.2908581495285034,-0.44059425592422485,-0.5535459518432617,0.6441002488136292
-1.451880693435669,-1.9832816123962402,4.258434295654297,0.06498034298419952,0.32490167021751404,0.3249017000198364,0.1496199071407318,-0.26896265149116516,-0.9066701531410217,0.28848257660865784
-1.5075039863586426,-2.039977550506592,4.257320404052734,0.08084823191165924,0.4042411148548126,0.4042411148548126,0.29186758399009705,-0.15331770479679108,-0.6531561017036438,0.681684672832489
-1.5394682884216309,-2.0725584030151367,4.256680011749268,0.07394718378782272,0.3697359263896942,0.3697359561920166,0.32571941614151,-0.5490922927856445,-0.6679884791374207,0.3823557496070862
-0.9285377860069275,-0.5365051627159119,4.899511337280273,0.07969650626182556,0.3984825313091278,0.3984825015068054,0.44858306646347046,-0.1910203993320465,-0.5790461897850037,0.6534446477890015
-0.9768208265304565,-0.5378246903419495,4.950873374938965,0.07523856312036514,0.3761928081512451,0.3761928081512451,0.7020295858383179,-0.23796488344669342,-0.12917430698871613,0.6586661338806152
-1.024854302406311,-0.5391374230384827,5.001969337463379,0.07833150029182434,0.3916575014591217,0.3916574716567993,0.5130903124809265,-0.5458194613456726,-0.4209247827529907,0.5115094184875488
-1.0738400220870972,-0.5404762029647827,5.054079055786133,0.06434685736894608,0.32173430919647217,0.32173433899879456,0.6253653168678284,-0.062349364161491394,-0.4008300006389618,0.6666079163551331
-1.1249797344207764,-0.5418738722801208,5.1084794998168945,0.06407170742750168,0.3203585147857666,0.3203585147857666,0.5838378071784973,-0.47060102224349976,-0.04251043125987053,0.6601976752281189
-1.1794753074645996,-0.5433632135391235,5.166450023651123,0.08068195730447769,0.40340980887413025,0.40340977907180786,0.4610830545425415,-0.4109834134578705,-0.4506275951862335,0.6445384621620178
-1.2144317626953125,-0.5443186163902283,5.203635215759277,0.07273820042610168,0.36369094252586365,0.36369094252586365,0.6189135313034058,-0.06426765769720078,-0.27347251772880554,0.7335042953491211
0.030505865812301636,0.007114079315215349,3.6015231609344482,0.08328574895858765,0.41642868518829346,0.41642871499061584,0.6620238423347473,0.1279243379831314,0.275410920381546,-0.685206949710846
0.0326494425535202,0.00638526352122426,3.6338679790496826,0.0685955360531807,0.3429776430130005,0.3429776430130005,0.44171684980392456,-0.35525649785995483,0.1302519589662552,-0.813457727432251
0.03488508611917496,0.005665236618369818,3.665733814239502,0.07197379320859909,0.35986894369125366,0.35986894369125366,0.5359889268875122,0.17724913358688354,-0.07311265170574188,-0.8221637010574341
0.037173543125391006,0.004950252361595631,3.6973249912261963,0.0905921459197998,0.452960729598999,0.45296069979667664,0.44956132769584656,-0.1734858751296997,0.35845106840133667,-0.7995687127113342
0.03947557508945465,0.004236563108861446,3.7288455963134766,0.08600930124521255,0.43004652857780457,0.43004652857780457,0.5784149765968323,-0.13558022677898407,-0.10360069572925568,-0.7976973652839661
0.0417519211769104,0.003520422615110874,3.760500192642212,0.07151369750499725,0.3575684428215027,0.3575684428215027,0.5444384813308716,0.15056179463863373,0.2748987376689911,-0.7780414819717407
0.04396333545446396,0.0027980837039649487,3.792492151260376,0.07754124701023102,0.3877062201499939,0.3877062201499939,0.6216790676116943,-0.3433217406272888,0.15729880332946777,-0.6862233281135559
0.04607057571411133,0.002065798733383417,3.825025796890259,0.07304230332374573,0.36521151661872864,0.365211546421051,0.5843203067779541,0.07181641459465027,-0.19939176738262177,-0.7833614349365234
0.04803438484668732,0.0013198214583098888,3.8583054542541504,0.0719609260559082,0.35980460047721863,0.35980457067489624,0.4600873291492462,-0.026097696274518967,0.2819599509239197,-0.8415088653564453
0.04981552064418793,0.0005564044695347548,3.89253568649292,0.07426495105028152,0.3713247776031494,0.37132471799850464,0.4356103241443634,-0.26698100566864014,-0.0793161392211914,-0.8559636473655701
0.05137472599744797,-0.00022819906007498503,3.927919864654541,0.08140026777982712,0.4070013463497162,0.40700122714042664,0.6112455129623413,0.13737225532531738,0.08493301272392273,-0.7747865915298462
0.05267275869846344,-0.0010377359576523304,3.964662790298462,0.0804261863231659,0.40213096141815186,0.40213093161582947,0.4499782621860504,-0.19151365756988525,0.33123722672462463,-0.8069225549697876
0.05367037281394005,-0.0018759535159915686,4.0029683113098145,0.07987680286169052,0.3993840515613556,0.3993840217590332,0.3705611824989319,-0.15173912048339844,-0.18432629108428955,-0.8975987434387207
0.05418259650468826,-0.0026878060307353735,4.041026592254639,0.07392273843288422,0.3696136772632599,0.3696136176586151,0.20048312842845917,0.21303357183933258,0.14035800099372864,-0.9458979368209839
0.05410047993063927,-0.003417996922507882,4.076841831207275,0.08661257475614548,0.4330628514289856,0.4330628216266632,0.2543274462223053,0.09309662878513336,-0.2970905900001526,0.9156351685523987
0.05353817716240883,-0.004084033891558647,4.110816478729248,0.08456890285015106,0.4228445291519165,0.4228445291519165,0.5011763572692871,0.010304136201739311,0.16232939064502716,0.8499207496643066
0.05261010676622391,-0.004703514277935028,4.143352508544922,0.06711618602275848,0.3355809152126312,0.3355809152126312,0.38779303431510925,-0.21598587930202484,-0.19442741572856903,0.8747369050979614
0.05143066868185997,-0.005294037517160177,4.1748552322387695,0.08709206432104111,0.43546029925346375,0.43546029925346375,0.6007480621337891,0.17537668347358704,-0.18040885031223297,0.758813202381134
0.05011427775025368,-0.005873200483620167,4.205729007720947,0.07905498147010803,0.39527493715286255,0.39527490735054016,0.573486864566803,-0.2285265177488327,0.10365631431341171,0.7798357605934143
0.04877534881234169,-0.006458602380007505,4.23637580871582,0.0825793519616127,0.4128967225551605,0.41289666295051575,0.4575001299381256,-0.08095718920230865,-0.3641134202480316,0.8071932792663574
0.047528281807899475,-0.007067840546369553,4.2672014236450195,0.08357974886894226,0.4178987741470337,0.4178987741470337,0.5668224096298218,0.0590631440281868,0.023798543959856033,0.8213753700256348
0.046487487852573395,-0.00771851371973753,4.29860782623291,0.08370844274759293,0.4185422658920288,0.41854220628738403,0.32615262269973755,-0.2630462944507599,-0.12866893410682678,0.8988189101219177
0.04576738178730011,-0.008428218774497509,4.331000804901123,0.08464756608009338,0.4232378602027893,0.4232378304004669,0.2619020938873291,0.138469398021698,-0.2369193285703659,0.9252581596374512
0.045482367277145386,-0.009214555844664574,4.36478328704834,0.08199452608823776,0.4099726378917694,0.4099726378917694,0.12653203308582306,-0.13253667950630188,0.0801686942577362,0.9797942042350769
0.04574686288833618,-0.010095121338963509,4.4003586769104,0.08559280633926392,0.4279640018939972,0.4279639720916748,0.28335413336753845,-0.08883503824472427,0.38176146149635315,-0.8752582669258118
0.046675264835357666,-0.011087514460086823,4.438131809234619,0.07989753782749176,0.3994876742362976,0.3994876742362976,0.5042398571968079,-0.193539559841156,-0.122173972427845,-0.8326812982559204
0.04809066653251648,-0.011461210437119007,4.476370334625244,0.07521286606788635,0.37606433033943176,0.37606433033943176,0.7216619253158569,0.04666683077812195,0.2063966691493988,-0.6591105461120605
0.04966331273317337,-0.010477596893906593,4.512597560882568,0.08226980268955231,0.41134899854660034,0.41134899854660034,0.879320502281189,-0.38607630133628845,-0.015517855063080788,-0.27838778495788574
0.05141274258494377,-0.008531718514859676,4.5471320152282715,0.07903097569942474,0.3951548635959625,0.3951548635959625,0.9513440728187561,0.08359523117542267,-0.11537925153970718,-0.2732103168964386
0.053360238671302795,-0.006023779045790434,4.580301761627197,0.07852518558502197,0.39262592792510986,0.3926258981227875,0.9127521514892578,-0.16884085536003113,0.23555809259414673,-0.28790387511253357
0.055527105927467346,-0.0033539761789143085,4.612437725067139,0.08149266988039017,0.407463401556015,0.4074633717536926,0.8398891687393188,-0.2542761564254761,-0.13691915571689606,-0.45954644680023193
0.05793464556336403,-0.0009225138928741217,4.643868923187256,0.07178830355405807,0.35894152522087097,0.3589414656162262,0.8752410411834717,0.15953350067138672,0.18599188327789307,-0.417024165391922
0.060604143887758255,0.0008704087231308222,4.6749267578125,0.06932482123374939,0.34662410616874695,0.34662410616874695,0.7792285084724426,-0.3520429730415344,0.19283801317214966,-0.4813337028026581
0.06355690956115723,0.0016245883889496326,4.705939292907715,0.06720574200153351,0.3360287547111511,0.33602869510650635,0.7572877407073975,-0.09836629778146744,-0.21988126635551453,-0.6070351004600525
0.06681424379348755,0.0009398274123668671,4.73723840713501,0.07530727982521057,0.37653639912605286,0.37653636932373047,0.5589460730552673,0.1390058398246765,0.25266405940055847,-0.777442991733551
0.07039743661880493,-0.001584080047905445,4.769152641296387,0.08535096794366837,0.42675483226776123,0.42675483226776123,0.3501362204551697,-0.22928152978420258,0.2381816804409027,-0.876415491104126
0.07432778924703598,-0.006347331218421459,4.802012920379639,0.07375340908765793,0.36876699328422546,0.3687669634819031,0.37112343311309814,-0.010207313112914562,-0.02322457917034626,-0.9282369613647461
0.0786266028881073,-0.01375013031065464,4.836148738861084,0.07844532281160355,0.39222660660743713,0.39222657680511475,0.2629512548446655,0.18104945123195648,0.46585583686828613,-0.8252612352371216
0.0833151713013649,-0.024192675948143005,4.871889591217041,0.07124659419059753,0.35623297095298767,0.35623297095298767,0.22718864679336548,-0.27813273668289185,0.27486491203308105,-0.8918949961662292
0.08791495859622955,-0.037235043942928314,4.907433986663818,0.06596949696540833,0.329847514629364,0.32984745502471924,0.17878276109695435,0.09705100208520889,0.10896153748035431,-0.9730083346366882
0.09180720150470734,-0.051702164113521576,4.939946174621582,0.07989731431007385,0.39948657155036926,0.39948657155036926,0.1236644834280014,0.006754720117896795,0.49254998564720154,-0.8614267110824585
0.09520336240530014,-0.06747546046972275,4.9698357582092285,0.07628394663333893,0.38141974806785583,0.38141968846321106,0.18796904385089874,-0.3033291697502136,0.19347162544727325,-0.9139080047607422
0.09832316637039185,-0.08444850891828537,4.997546672821045,0.07912041246891022,0.3956020772457123,0.3956019878387451,0.076211117208004,0.20459908246994019,0.29781150817871094,-0.9293220043182373
0.10138630121946335,-0.10251486301422119,5.023523330688477,0.08302278816699982,0.4151138365268707,0.41511377692222595,0.15602126717567444,-0.0892404317855835,0.5855004191398621,-0.7904952764511108
0.10461252182722092,-0.12156811356544495,5.048209190368652,0.07321762293577194,0.36608806252479553,0.36608806252479553,0.1338137984275818,-0.13789968192577362,0.23240548372268677,-0.9534491300582886
0.10822150111198425,-0.141501784324646,5.072048664093018,0.08220658451318741,0.41103291511535645,0.41103288531303406,0.02726011537015438,-0.2200331687927246,-0.5218726992607117,0.8237057328224182
0.11243298649787903,-0.16220946609973907,5.095486164093018,0.08059652149677277,0.40298259258270264,0.40298259258270264,0.2665857970714569,-0.2660333812236786,0.5498265624046326,-0.7455528378486633
0.11746664345264435,-0.18358473479747772,5.118964672088623,0.08419325202703476,0.420966237783432,0.42096611857414246,0.1465296596288681,0.008480938151478767,0.20958541333675385,-0.9667114615440369
0.12354222685098648,-0.2055211216211319,5.142928123474121,0.07654251158237457,0.38271254301071167,0.38271254301071167,0.1492428034543991,0.16685307025909424,0.6733834743499756,-0.7045859694480896
0.13087943196296692,-0.22791221737861633,5.167821407318115,0.07427700608968735,0.37138503789901733,0.3713850677013397,0.3025587797164917,-0.3478788733482361,0.43736517429351807,-0.7721076011657715
0.13969798386096954,-0.25065159797668457,5.194087505340576,0.06982706487178802,0.34913524985313416,0.3491351902484894,0.18044933676719666,0.09059534966945648,0.2512423098087311,-0.9466297626495361
0.15021756291389465,-0.27363279461860657,5.222171306610107,0.06457696110010147,0.32288476824760437,0.322884738445282,0.23190544545650482,-0.03201502189040184,0.6904763579368591,-0.6844248175621033
0.16210347414016724,-0.2961743175983429,5.250710964202881,0.06782394647598267,0.33911973237991333,0.33911970257759094,0.36090800166130066,-0.3009300231933594,0.31117987632751465,-0.8260470032691956
0.17448511719703674,-0.3173742890357971,5.276991844177246,0.06458637118339539,0.32293182611465454,0.32293185591697693,0.19785349071025848,0.09797057509422302,0.3852759897708893,-0.8960012197494507
0.18733420968055725,-0.3374534249305725,5.30133056640625,0.07820199429988861,0.39100998640060425,0.39100998640060425,0.21212975680828094,-0.29272493720054626,0.6532527804374695,-0.6652622818946838
0.20063836872577667,-0.3566509783267975,5.324100494384766,0.07207994908094406,0.3603997230529785,0.36039966344833374,0.22485460340976715,-0.18022729456424713,0.21133890748023987,-0.9339670538902283
0.2143852412700653,-0.37520653009414673,5.345671653747559,0.07119271159172058,0.3559635877609253,0.3559635579586029,0.1786586493253708,-0.02742861397564411,0.6259036064147949,-0.7586655020713806
0.22856247425079346,-0.3933594822883606,5.366416931152344,0.07406310737133026,0.3703155517578125,0.3703155219554901,0.42684265971183777,-0.3253096044063568,0.44322073459625244,-0.7180072665214539
0.24315768480300903,-0.41134926676750183,5.386706352233887,0.07014671713113785,0.35073357820510864,0.35073357820510864,0.392352819442749,-0.013063129037618637,0.3565099835395813,-0.8478144407272339
0.2581585645675659,-0.4294153153896332,5.406914234161377,0.07325544208288193,0.36627721786499023,0.36627721786499023,0.09249860048294067,-0.19626754522323608,0.7031688094139099,-0.6771090030670166
0.2735527455806732,-0.4477970004081726,5.4274091720581055,0.07376615703105927,0.36883077025413513,0.36883074045181274,0.2556390166282654,-0.3035465478897095,0.28393465280532837,-0.872862696647644
0.28932785987854004,-0.46673384308815,5.448565483093262,0.06365605443716049,0.3182801902294159,0.3182801604270935,0.2417602390050888,0.12358999252319336,0.5712834000587463,-0.774540364742279
0.3054715394973755,-0.4864652156829834,5.470752716064453,0.06375528872013092,0.3187764286994934,0.318776398897171,0.269469290971756,-0.4553050398826599,0.5428552627563477,-0.6522206664085388
0.32197144627571106,-0.5072305202484131,5.494344711303711,0.06997793167829514,0.3498896658420563,0.3498896062374115,0.193227618932724,-0.038808029145002365,0.23445889353752136,-0.9519380331039429
0.33881524205207825,-0.529269278049469,5.519711017608643,0.06918390840291977,0.34591951966285706,0.34591951966285706,0.16052363812923431,-0.16021566092967987,0.6746172904968262,-0.7024632692337036
0.3419759273529053,-0.5335158109664917,5.5246405601501465,0.06321147084236145,0.31605738401412964,0.31605735421180725,0.46213212609291077,-0.3361761271953583,0.24859878420829773,-0.7820602655410767
0.07841627299785614,-0.012666524387896061,4.9019246101379395,0.06464585661888123,0.32322922348976135,0.32322925329208374,0.9239347577095032,-0.26188910007476807,0.20104995369911194,0.19322934746742249
0.07249303162097931,0.0012435867683961987,4.9307732582092285,0.0677257850766182,0.33862897753715515,0.33862900733947754,0.8179066777229309,-0.5172029733657837,-0.24016150832176208,0.07649964094161987
0.06673014163970947,0.014684407971799374,4.959352493286133,0.07172749191522598,0.3586374521255493,0.3586374521255493,0.9723080396652222,-0.06449427455663681,-0.06382108479738235,0.21537043154239655
0.06106950342655182,0.027826009318232536,4.987759590148926,0.07882246375083923,0.39411234855651855,0.39411234855651855,0.8713414669036865,-0.4690825343132019,0.06897112727165222,0.12636688351631165
0.055452995002269745,0.04083845764398575,5.016091823577881,0.06524084508419037,0.32620421051979065,0.32620421051979065,0.8743783831596375,-0.300217866897583,-0.25915050506591797,0.2795937657356262
0.049822501838207245,0.053891826421022415,5.044447898864746,0.06742095947265625,0.33710479736328125,0.33710479736328125,0.9724234938621521,-0.12140236794948578,0.1838076263666153,0.07660794258117676
0.04411991313099861,0.06715618818998337,5.072925567626953,0.08079222589731216,0.4039611518383026,0.403961181640625,0.7984562516212463,-0.5663465857505798,-0.19787795841693878,0.05063025280833244
0.03828711807727814,0.0808015912771225,5.101622104644775,0.07692503929138184,0.3846251964569092,0.3846251964569092,0.9524744153022766,-0.10408727079629898,-0.11994656920433044,0.25994452834129333
0.032266005873680115,0.09499815106391907,5.130635738372803,0.0644334927201271,0.3221674859523773,0.3221674859523773,0.859236478805542,-0.4091566503047943,0.1425645500421524,0.2719905376434326
0.02599845826625824,0.10991588979959488,5.160064220428467,0.07957430183887482,0.3978715240955353,0.3978714644908905,0.8605409264564514,-0.4073837697505951,-0.28857266902923584,0.10116136819124222
0.019426364451646805,0.1257249116897583,5.190005302429199,0.06723643839359283,0.33618220686912537,0.33618220686912537,0.9819111227989197,-0.14148956537246704,0.07110597938299179,0.10380351543426514
0.012491615489125252,0.14259526133537292,5.220556259155273,0.06370221078395844,0.318511039018631,0.318511039018631,0.8085330724716187,-0.5369503498077393,-0.02768600359559059,0.23914864659309387
0.005136093124747276,0.16069702804088593,5.2518157958984375,0.0632123127579689,0.3160615563392639,0.31606152653694153,0.8896571397781372,-0.2871224582195282,-0.20551797747612,0.28953972458839417
-0.002698312746360898,0.18020027875900269,5.283881187438965,0.07451169192790985,0.37255844473838806,0.37255844473838806,0.9369725584983826,-0.33943605422973633,0.0788140520453453,0.02557162195444107
-0.01067533902823925,0.20027218759059906,5.315352439880371,0.07659425586462021,0.38297125697135925,0.38297125697135925,0.733725905418396,-0.5809696316719055,-0.20320795476436615,0.28779709339141846
-0.01836371421813965,0.21981015801429749,5.3446245193481445,0.07697318494319916,0.3848658800125122,0.3848659098148346,0.9677297472953796,-0.1602984517812729,-0.13221415877342224,0.1425582766532898
-0.025819066911935806,0.23893316090106964,5.372032642364502,0.07605057954788208,0.3802529573440552,0.3802529573440552,0.8197872042655945,-0.5616616010665894,0.10022467374801636,0.04939867556095123
-0.03309838846325874,0.25776371359825134,5.3979172706604,0.06816674023866653,0.34083372354507446,0.34083372354507446,0.8522961139678955,-0.36807507276535034,-0.33300355076789856,0.16498689353466034
-0.04025867208838463,0.27642419934272766,5.4226179122924805,0.077558733522892,0.3877936601638794,0.3877936601638794,0.9096404910087585,-0.31008827686309814,0.1002231016755104,0.2575942575931549
-0.04735691100358963,0.2950371503829956,5.446475028991699,0.06634705513715744,0.3317352831363678,0.3317352533340454,0.7526381015777588,-0.6446813344955444,-0.12746502459049225,0.04092075675725937
-0.054450102150440216,0.3137250244617462,5.469829082489014,0.07903631776571274,0.3951815962791443,0.3951816260814667,0.907845139503479,-0.16171324253082275,-0.2438308298587799,0.30035412311553955
-0.061595238745212555,0.33261024951934814,5.493021011352539,0.0797438770532608,0.3987193703651428,0.39871934056282043,0.8774839043617249,-0.47187700867652893,0.0848027691245079,0.012751629576086998
-0.06884931772947311,0.3518153429031372,5.516390323638916,0.07498133182525635,0.37490665912628174,0.37490665912628174,0.7598990797996521,-0.5231921672821045,-0.3148043751716614,0.2229834496974945
-0.07626932859420776,0.37146270275115967,5.540277481079102,0.06545048952102661,0.32725241780281067,0.32725241780281067,0.9679219126701355,-0.20040176808834076,0.01756737194955349,0.1505245715379715
-0.08391226828098297,0.39167481660842896,5.565023422241211,0.08127408474683762,0.4063704311847687,0.4063704311847687,0.7694004774093628,-0.6369948387145996,-0.04583418369293213,0.012638880871236324
-0.09183511883020401,0.4125742018222809,5.590968132019043,0.07846115529537201,0.39230576157569885,0.39230576157569885,0.8955926299095154,-0.21764370799064636,-0.31418606638908386,0.22766675055027008
-0.10009489208459854,0.4342832565307617,5.618451118469238,0.06887178868055344,0.34435898065567017,0.3443589508533478,0.8944463133811951,-0.43150606751441956,0.11442162096500397,0.025999542325735092
-0.10874857008457184,0.4569244980812073,5.6478142738342285,0.0715957060456276,0.3579785227775574,0.3579785227775574,0.805830717086792,-0.5101170539855957,-0.2592829167842865,0.15228229761123657
-0.7493811249732971,0.5838412046432495,3.2337112426757812,0.08301565796136856,0.4150782525539398,0.4150782823562622,0.911047101020813,-0.24464614689350128,-0.07468423247337341,0.3233632743358612
-0.7826967835426331,0.6130035519599915,3.2783010005950928,0.07972501963376999,0.39862513542175293,0.39862510561943054,0.7121006846427917,-0.5903501510620117,-0.16500279307365417,0.3423059284687042
-0.8160945177078247,0.6407918930053711,3.3233025074005127,0.07294905185699463,0.36474519968032837,0.36474522948265076,0.7509783506393433,-0.31799668073654175,-0.32632532715797424,0.47793444991111755
-0.8494374752044678,0.6694961786270142,3.3680293560028076,0.0733259916305542,0.366629958152771,0.366629958152771,0.8272559642791748,-0.40199294686317444,-0.010366206988692284,0.39235416054725647
-0.8825886249542236,0.7014065980911255,3.411794662475586,0.0677110031247139,0.3385549485683441,0.3385549783706665,0.6233091354370117,-0.6727623343467712,-0.28870099782943726,0.2748241424560547
-0.9154109954833984,0.7388131022453308,3.4539108276367188,0.08024129271507263,0.40120643377304077,0.40120643377304077,0.8131667375564575,-0.28612926602363586,-0.24821992218494415,0.441901296377182
-0.9477674961090088,0.7840057611465454,3.493691921234131,0.08792264759540558,0.4396132826805115,0.4396132826805115,0.8012821674346924,-0.5821087956428528,0.045907747000455856,0.13034093379974365
-0.9793473482131958,0.8389977812767029,3.530383825302124,0.07955868542194366,0.39779341220855713,0.39779341220855713,0.6382498741149902,-0.6612883806228638,-0.3206421434879303,0.2291797548532486
-1.0048800706863403,0.896591067314148,3.5614407062530518,0.08337292820215225,0.41686466336250305,0.41686463356018066,0.9433938264846802,-0.3212774097919464,-0.049850188195705414,0.06560385972261429
-1.0236955881118774,0.9533436298370361,3.5863332748413086,0.07970724999904633,0.3985362648963928,0.3985362648963928,0.6177804470062256,-0.7755798101425171,0.03823325037956238,0.12394113093614578
-1.0381748676300049,1.0100895166397095,3.605739116668701,0.07934160530567169,0.39670804142951965,0.39670801162719727,0.704969584941864,-0.5763036012649536,-0.34092214703559875,0.2338036149740219
-1.0506985187530518,1.0676621198654175,3.6203346252441406,0.08417905122041702,0.4208952784538269,0.4208952784538269,0.7763081789016724,-0.62458735704422,0.06765961647033691,-0.051559679210186005
-1.0636475086212158,1.1268951892852783,3.6307969093322754,0.07175400108098984,0.35877007246017456,0.35877007246017456,0.47920092940330505,-0.8581452965736389,-0.08978989720344543,0.16090647876262665
-1.079402208328247,1.1886224746704102,3.6378023624420166,0.08495991677045822,0.4247995913028717,0.4247995913028717,0.756611704826355,-0.6100899577140808,-0.1861734390258789,0.1437651664018631
-1.1003434658050537,1.2536777257919312,3.642028570175171,0.08124532550573349,0.40622663497924805,0.40622660517692566,0.575681209564209,-0.8096678256988525,0.09210700541734695,-0.06742022186517715
-1.1282382011413574,1.321786642074585,3.6440718173980713,0.06996094435453415,0.34980472922325134,0.34980472922325134,0.47816139459609985,-0.7847315669059753,-0.2771117389202118,0.2806548774242401
-1.1588259935379028,1.3839912414550781,3.6435115337371826,0.08292777836322784,0.4146389365196228,0.4146389365196228,0.8374874591827393,-0.5298376083374023,-0.10858763754367828,0.07807394862174988
-1.1903390884399414,1.439941167831421,3.6398215293884277,0.06995446234941483,0.3497723340988159,0.3497723340988159,0.40099552273750305,-0.8793728351593018,-0.256663978099823,-0.005444815382361412
-1.222213864326477,1.491862416267395,3.632589817047119,0.08410719782114029,0.42053601145744324,0.42053601145744324,0.6392504572868347,-0.6390242576599121,-0.37261760234832764,0.21014992892742157
-1.2538868188858032,1.5419800281524658,3.6214041709899902,0.08067360520362854,0.40336811542510986,0.40336814522743225,0.5194634795188904,-0.8439937233924866,-0.10657940059900284,-0.08045569062232971
-1.284794807434082,1.592519760131836,3.6058530807495117,0.06926348060369492,0.3463173806667328,0.3463173806667328,0.33698275685310364,-0.8199998736381531,-0.37986278533935547,0.26409676671028137
-1.314374327659607,1.645707607269287,3.585524797439575,0.076737180352211,0.3836859166622162,0.3836858868598938,0.6814026832580566,-0.7154980897903442,-0.08989515900611877,0.1251864731311798
-1.342061996459961,1.7037692070007324,3.5600075721740723,0.08170998841524124,0.4085499942302704,0.4085499942302704,0.30961528420448303,-0.9427645802497864,-0.12363740801811218,0.006858814042061567
-1.366512417793274,1.7666187286376953,3.530275344848633,0.07036182284355164,0.3518091142177582,0.35180914402008057,0.4975021183490753,-0.7497903108596802,-0.35422080755233765,0.2546248733997345
-1.3848371505737305,1.8261913061141968,3.5011072158813477,0.06372374296188354,0.3186187148094177,0.31861868500709534,0.49768275022506714,-0.8539650440216064,0.00036480111884884536,-0.15184007585048676
-1.3981554508209229,1.8818825483322144,3.4715542793273926,0.06625431776046753,0.33127155900001526,0.33127155900001526,0.19708125293254852,-0.9318819046020508,-0.27860742807388306,0.12301621586084366
-1.4079896211624146,1.9340662956237793,3.440018892288208,0.07660386711359024,0.383019357919693,0.383019357919693,0.6298739910125732,-0.7683237195014954,-0.10768932849168777,-0.036613188683986664
-1.4158618450164795,1.9831163883209229,3.4049034118652344,0.07549206167459488,0.3774602711200714,0.3774602711200714,0.14796335995197296,-0.9796093702316284,-0.09012946486473083,-0.1017298698425293
-1.4232945442199707,2.0294065475463867,3.3646111488342285,0.07606633752584457,0.3803318440914154,0.38033178448677063,0.37879878282546997,-0.8451334238052368,-0.15015503764152527,0.34599775075912476
-1.431809663772583,2.073310375213623,3.317544460296631,0.06587191671133041,0.32935959100723267,0.32935962080955505,0.3171217143535614,-0.9297552704811096,-0.10762976855039597,-0.1529863029718399
-1.4429296255111694,2.115201950073242,3.262105941772461,0.06927544623613358,0.34637734293937683,0.34637734293937683,0.045213982462882996,-0.9520826935768127,-0.29264065623283386,0.07652218639850616
-1.4559524059295654,2.15173077583313,3.200948715209961,0.06740523129701614,0.3370262086391449,0.3370262086391449,0.35414186120033264,-0.918697714805603,-0.1639154851436615,0.060907430946826935
-1.4672696590423584,2.176894187927246,3.141524314880371,0.06727088987827301,0.33635443449020386,0.33635440468788147,0.09131082892417908,0.9693785309791565,0.06195037066936493,0.21938490867614746
-1.4772698879241943,2.193232536315918,3.0830233097076416,0.08034079521894455,0.40170398354530334,0.40170398354530334,0.05862244591116905,0.9296544194221497,0.3146303594112396,-0.18252088129520416
-1.4864728450775146,2.2035346031188965,3.02437424659729,0.07245614379644394,0.3622807264328003,0.3622807264328003,0.16955967247486115,-0.8935010433197021,-0.4122007489204407,-0.05473523214459419
-1.4953986406326294,2.2105894088745117,2.9645063877105713,0.0826738104224205,0.4133690595626831,0.4133690595626831,0.28007692098617554,0.8272028565406799,0.46546900272369385,0.14363472163677216
-1.5045673847198486,2.217186212539673,2.902348041534424,0.0628771260380745,0.31438565254211426,0.31438565254211426,0.061595022678375244,-0.8829427361488342,-0.4348182678222656,0.16598568856716156
-1.5144990682601929,2.2261135578155518,2.8368282318115234,0.06586240231990814,0.3293120861053467,0.3293120861053467,0.07259031385183334,-0.9594368934631348,-0.22139236330986023,-0.1587352156639099
-1.5257139205932617,2.2401609420776367,2.7668755054473877,0.07933143526315689,0.39665716886520386,0.39665716886520386,0.12024664878845215,0.9216257333755493,0.361446350812912,-0.07418413460254669
-0.9823403358459473,0.8292832970619202,3.5322108268737793,0.08384930342435837,0.41924652457237244,0.41924652457237244,0.7285494208335876,-0.2586582899093628,-0.19511297345161438,0.6035251021385193
-1.02610445022583,0.8385967016220093,3.5763492584228516,0.06727012246847153,0.33635061979293823,0.3363506495952606,0.6668782234191895,-0.5193949937820435,-0.297868549823761,0.4435950815677643
-1.0680065155029297,0.8473149538040161,3.6204376220703125,0.08388328552246094,0.41941648721694946,0.4194164574146271,0.5562226176261902,-0.15216124057769775,-0.4696210026741028,0.6685203313827515
-1.1096231937408447,0.8559420108795166,3.664518117904663,0.07862457633018494,0.39312291145324707,0.3931228816509247,0.8147395849227905,-0.3565617501735687,0.013336329720914364,0.4570396840572357
-1.1525318622589111,0.864982008934021,3.7086338996887207,0.08886845409870148,0.4443422853946686,0.4443422853946686,0.651199460029602,-0.4196353256702423,-0.4741058349609375,0.4184126853942871
-1.1983095407485962,0.8749387264251709,3.7528269290924072,0.07075400650501251,0.35377001762390137,0.35377001762390137,0.7705686688423157,-0.1474754363298416,-0.19610948860645294,0.5882312655448914
-1.2485332489013672,0.8863163590431213,3.79714035987854,0.08383046835660934,0.4191523492336273,0.41915231943130493,0.6287505030632019,-0.6086720824241638,-0.263735830783844,0.4057517945766449
-1.3047587871551514,0.8996104598045349,3.841604232788086,0.07051102817058563,0.35255512595176697,0.35255512595176697,0.6066004633903503,-0.21763694286346436,-0.5467321872711182,0.5345596075057983
-1.3614892959594727,0.9126582741737366,3.8821489810943604,0.06932015717029572,0.3466007709503174,0.3466007709503174,0.7910084128379822,-0.4426911175251007,-0.13750547170639038,0.39927753806114197
-1.4146934747695923,0.9242391586303711,3.916703701019287,0.0873280018568039,0.43664002418518066,0.43664005398750305,0.48540037870407104,-0.5343945622444153,-0.4735095202922821,0.5045767426490784
-1.4660338163375854,0.9354437589645386,3.946988821029663,0.08411190658807755,0.4205595552921295,0.42055952548980713,0.7737599611282349,-0.14392051100730896,-0.3070671558380127,0.5350627899169922
-1.5171730518341064,0.9473625421524048,3.9747250080108643,0.07695241272449493,0.3847620487213135,0.38476207852363586,0.5922755002975464,-0.6868519186973572,-0.29820501804351807,0.2975196838378906
-1.56977379322052,0.9610860347747803,4.001634120941162,0.06487195193767548,0.3243597447872162,0.3243597447872162,0.48376378417015076,-0.426602303981781,-0.4706769585609436,0.6020351052284241
-1.6254984140396118,0.9777047038078308,4.029436111450195,0.07542494684457779,0.37712475657463074,0.37712475657463074,0.7412756681442261,-0.38433581590652466,-0.0711783617734909,0.5456464886665344
-1.6860096454620361,0.9983092546463013,4.059852123260498,0.0755101814866066,0.37755087018013,0.37755087018013,0.5967265367507935,-0.6107814311981201,-0.415899395942688,0.31287556886672974
-1.7472752332687378,1.0203495025634766,4.091316223144531,0.06682189553976059,0.33410951495170593,0.33410948514938354,0.5650662779808044,-0.30386412143707275,-0.4124400019645691,0.6467301845550537
-1.80318284034729,1.0403426885604858,4.120100498199463,0.06761249899864197,0.3380625545978546,0.3380625247955322,0.7791730165481567,-0.564884603023529,-0.09584681689739227,0.25418129563331604
-1.8554799556732178,1.0600825548171997,4.146403789520264,0.06578993797302246,0.3289496898651123,0.3289496898651123,0.5766757130622864,-0.49517786502838135,-0.5413023829460144,0.3594937026500702
-1.9059630632400513,1.0813946723937988,4.170453071594238,0.07062693685293198,0.3531346917152405,0.3531346917152405,0.7788686752319336,-0.39402443170547485,-0.22778336703777313,0.4315356910228729
-1.9564282894134521,1.1061044931411743,4.192473411560059,0.07320047169923782,0.3660023808479309,0.3660024106502533,0.5425070524215698,-0.7268120646476746,-0.3331623673439026,0.25774645805358887
-2.0086722373962402,1.136037826538086,4.2126922607421875,0.06907686591148376,0.3453843295574188,0.34538429975509644,0.6184085011482239,-0.3682490289211273,-0.49161094427108765,0.49018600583076477
-2.064491033554077,1.1730202436447144,4.231335163116455,0.06694914400577545,0.3347456753253937,0.33474570512771606,0.7271038889884949,-0.6349918842315674,-0.0639597550034523,0.253010630607605
-2.120915412902832,1.2158561944961548,4.246953010559082,0.08351872861385345,0.41759368777275085,0.41759371757507324,0.4396691918373108,-0.6938334703445435,-0.5352441668510437,0.19697679579257965
-2.169393539428711,1.2588773965835571,4.256687641143799,0.08154004067182541,0.40770018100738525,0.40770018100738525,0.7650861740112305,-0.45723533630371094,-0.1976180225610733,0.4080761671066284
-2.2121407985687256,1.3024051189422607,4.26195764541626,0.08083102107048035,0.4041551649570465,0.4041551649570465,0.4888915717601776,-0.8689538240432739,-0.0492410883307457,0.05898871272802353
-2.2517919540405273,1.3470115661621094,4.264339447021484,0.062465302646160126,0.3123265504837036,0.3123265206813812,0.41193655133247375,-0.6639609336853027,-0.48090308904647827,0.39773908257484436
-2.2909820079803467,1.3932688236236572,4.265408039093018,0.06315826624631882,0.3157913088798523,0.3157913088798523,0.7442708015441895,-0.6136519312858582,-0.11963267624378204,0.23490484058856964
-2.332345962524414,1.4417492151260376,4.2667388916015625,0.06567531079053879,0.3283767104148865,0.3283767104148865,0.3952564001083374,-0.8779890537261963,-0.2601011097431183,0.07249128818511963
-2.378518581390381,1.4930248260498047,4.269906997680664,0.06722016632556915,0.33610084652900696,0.33610084652900696,0.6406615972518921,-0.5346069931983948,-0.409427672624588,0.36894044280052185
-2.3973355293273926,1.5128060579299927,4.271859645843506,0.07846242934465408,0.3923121988773346,0.3923121988773346,0.6472306251525879,-0.7270365953445435,-0.0523950569331646,0.2230808287858963
-1.3718727827072144,1.74580717086792,3.5197501182556152,0.07571889460086823,0.3785944879055023,0.3785944879055023,0.09778175503015518,-0.8269997835159302,-0.5485281944274902,0.07501273602247238
-1.4056808948516846,1.7753288745880127,3.475341796875,0.07145426422357559,0.357271283864975,0.35727131366729736,0.5724626183509827,-0.6919665336608887,-0.40138980746269226,0.17987516522407532
-1.4404683113098145,1.8056867122650146,3.4329721927642822,0.0730912834405899,0.36545640230178833,0.36545640230178833,0.16673748195171356,-0.9063730239868164,-0.38653382658958435,-0.03575054556131363
-1.475217580795288,1.8360121250152588,3.3905231952667236,0.08523838222026825,0.42619192600250244,0.42619192600250244,0.23929491639137268,-0.7644134759902954,-0.47465550899505615,0.364845335483551
-1.508910894393921,1.8654357194900513,3.3458752632141113,0.08317235112190247,0.4158617854118347,0.4158618152141571,0.382503867149353,-0.8895435333251953,-0.24847960472106934,0.025710729882121086
-1.5405309200286865,1.893088936805725,3.296910524368286,0.07493264973163605,0.37466326355934143,0.3746632933616638,0.029000647366046906,-0.8501192331314087,-0.5246077179908752,0.03525529056787491
-1.5690597295761108,1.9181028604507446,3.2415099143981934,0.07205135375261307,0.3602568209171295,0.3602568209171295,0.35776346921920776,-0.7891058325767517,-0.47293657064437866,0.1601506471633911
-1.593479871749878,1.9396084547042847,3.177554130554199,0.06664629280567169,0.33323144912719727,0.33323144912719727,0.04813896492123604,0.8830609321594238,0.37514135241508484,0.27776774764060974
-1.6113144159317017,1.9554336071014404,3.109896659851074,0.0840478390455246,0.4202391803264618,0.4202392101287842,0.004316463600844145,-0.8352824449539185,-0.5214189887046814,0.17437568306922913
-1.6212975978851318,1.9644381999969482,3.046383857727051,0.0800963044166565,0.40048152208328247,0.4004814922809601,0.207769975066185,-0.8654879927635193,-0.3758604824542999,-0.25785866379737854
-1.6253163814544678,1.9682648181915283,2.985399007797241,0.062344860285520554,0.31172430515289307,0.31172433495521545,0.29363247752189636,0.9005622863769531,0.3205687403678894,0.0018053192179650068
-1.6252752542495728,1.9685717821121216,2.925261974334717,0.06352339684963226,0.31761693954467773,0.3176169991493225,0.1962614357471466,-0.3764309287071228,0.9015369415283203,-0.08374027162790298
-1.6230781078338623,1.9670166969299316,2.8642935752868652,0.07468944042921066,0.3734472095966339,0.3734472095966339,0.34581005573272705,0.4664180874824524,-0.8136600255966187,-0.02875698171555996
-1.6206293106079102,1.9652583599090576,2.800814151763916,0.07334018498659134,0.3667009174823761,0.3667009770870209,0.17134903371334076,-0.5668341517448425,0.7686104774475098,0.24202583730220795
-1.619832992553711,1.9649543762207031,2.7331438064575195,0.08162298053503036,0.4081149101257324,0.4081149101257324,0.20499353110790253,-0.9346137642860413,-0.24127137660980225,-0.16205830872058868
-1.62156081199646,1.9667712450027466,2.6768031120300293,0.0703943520784378,0.35197174549102783,0.35197174549102783,0.35357019305229187,0.8106500506401062,0.44579726457595825,0.1382008194923401
-2.1235458850860596,1.1924335956573486,4.220625400543213,0.07575281709432602,0.3787641227245331,0.3787641227245331,0.3677998483181,-0.6106764674186707,-0.4734864830970764,0.5173085331916809
-2.180985450744629,1.2047995328903198,4.202076435089111,0.06724965572357178,0.3362482786178589,0.3362482786178589,0.5190078020095825,-0.7887553572654724,-0.3028753995895386,0.12946967780590057
-2.2377660274505615,1.217023491859436,4.183741569519043,0.07814052700996399,0.39070266485214233,0.39070266485214233,0.21608403325080872,-0.6453258991241455,-0.6683912873268127,0.30019208788871765
-2.29522442817688,1.229393482208252,4.165186882019043,0.07303078472614288,0.3651539385318756,0.3651539385318756,0.5651043653488159,-0.5485228300094604,-0.45399191975593567,0.4167386591434479
-2.354698657989502,1.2421973943710327,4.145981788635254,0.07499707490205765,0.37498536705970764,0.37498536705970764,0.2951071560382843,-0.8294058442115784,-0.4546927511692047,0.13510094583034515
-2.417526960372925,1.255723476409912,4.1256937980651855,0.06834467500448227,0.34172335267066956,0.34172335267066956,0.3205322325229645,-0.4670334756374359,-0.7062831521034241,0.42462095618247986
-2.485046863555908,1.2702594995498657,4.103890419006348,0.07239658385515213,0.36198291182518005,0.36198291182518005,0.5869035124778748,-0.7025221586227417,-0.32485431432724,0.23764795064926147
-2.4867701530456543,1.2706304788589478,4.103333950042725,0.061298832297325134,0.30649417638778687,0.3064941465854645,0.16686813533306122,-0.7667011022567749,-0.5595768690109253,0.26682981848716736
0.3341391086578369,-0.7668531537055969,3.3370776176452637,0.08324284106492996,0.4162141978740692,0.4162141680717468,0.24186979234218597,-0.025901446118950844,-0.4027961194515228,0.8823737502098083
0.3058890998363495,-0.7944241762161255,3.363892078399658,0.08487594872713089,0.42437976598739624,0.42437973618507385,0.4774581491947174,-0.32575300335884094,-0.48001667857170105,0.6599262952804565
0.27798253297805786,-0.8212233185768127,3.3908097743988037,0.08323410153388977,0.41617047786712646,0.4161704480648041,0.21593023836612701,-0.1011597141623497,-0.6232892870903015,0.7447491884231567
0.25011640787124634,-0.8479316234588623,3.4177393913269043,0.08693487197160721,0.43467438220977783,0.4346742331981659,0.4452017843723297,-0.19857747852802277,-0.24976776540279388,0.8366471529006958
0.22198763489723206,-0.8752302527427673,3.4445905685424805,0.08129100501537323,0.40645501017570496,0.40645501017570496,0.2526131868362427,-0.3883216977119446,-0.6609048843383789,0.5904215574264526
0.19329307973384857,-0.9038002490997314,3.4712727069854736,0.07758819311857224,0.3879409730434418,0.3879409730434418,0.11127382516860962,0.06539616733789444,-0.5030959844589233,0.8545383810997009
0.1637296974658966,-0.934322714805603,3.497695207595825,0.07366716116666794,0.3683358430862427,0.3683358132839203,0.3688269853591919,-0.34461453557014465,-0.3723388910293579,0.7788268327713013
0.1329943984746933,-0.9674786925315857,3.5237674713134766,0.08724422007799149,0.43622103333473206,0.43622103333473206,0.2933361530303955,-0.1715417206287384,-0.711817741394043,0.6146892309188843
0.10078410059213638,-1.0039494037628174,3.549398899078369,0.07227577269077301,0.36137887835502625,0.36137887835502625,0.1863841712474823,-0.13088832795619965,-0.42977917194366455,0.8737385272979736
0.0673481822013855,-1.042869210243225,3.5745058059692383,0.0741591677069664,0.370795875787735,0.370795875787735,0.40234827995300293,-0.3318796455860138,-0.5762943029403687,0.6291713714599609
0.034805867820978165,-1.078809380531311,3.5988614559173584,0.08439885824918747,0.42199423909187317,0.42199423909187317,0.11496346443891525,-0.10439489781856537,-0.6545359492301941,0.7399106621742249
0.0034442918840795755,-1.1123310327529907,3.6220085620880127,0.08521665632724762,0.4260832369327545,0.42608314752578735,0.4457840025424957,-0.2120354026556015,-0.4065634310245514,0.7687806487083435
-0.026685507968068123,-1.1446971893310547,3.6434781551361084,0.06902304291725159,0.34511521458625793,0.34511521458625793,0.1658884584903717,-0.35506728291511536,-0.6722877621650696,0.6280425190925598
-0.05553249269723892,-1.1771714687347412,3.66279935836792,0.08452662825584412,0.4226331114768982,0.4226331412792206,0.2824547290802002,-0.029387060552835464,-0.5764456391334534,0.766202449798584
-0.08304561674594879,-1.2110178470611572,3.6795032024383545,0.07326585054397583,0.3663291931152344,0.3663291931152344,0.3429369628429413,-0.43719610571861267,-0.4957708716392517,0.6674317121505737
-0.10917384922504425,-1.2474989891052246,3.6931183338165283,0.08213940262794495,0.4106968641281128,0.41069695353507996,0.16439969837665558,-0.0276147723197937,-0.8203837871551514,0.5469740033149719
-0.13386613130569458,-1.287879228591919,3.7031757831573486,0.08442920446395874,0.4221459925174713,0.4221459925174713,0.1860150694847107,-0.1847955286502838,-0.5167187452316284,0.8150157928466797
-0.15707147121429443,-1.3334219455718994,3.709205389022827,0.07701131701469421,0.38505658507347107,0.38505658507347107,0.27817273139953613,-0.25176677107810974,-0.8512489795684814,0.36689049005508423
-0.17862582206726074,-1.3851760625839233,3.7107722759246826,0.07423066347837448,0.3711532950401306,0.3711532652378082,0.11030460149049759,-0.08413561433553696,0.6943911910057068,-0.7060984373092651
-0.1950628161430359,-1.4371622800827026,3.7086637020111084,0.07303415983915329,0.36517080664634705,0.36517083644866943,0.237366184592247,-0.1725292056798935,-0.7294748425483704,0.6178652048110962
-0.20568564534187317,-1.486557960510254,3.703315258026123,0.07353823632001877,0.36769112944602966,0.36769118905067444,0.006771461572498083,0.038799405097961426,-0.9021143913269043,0.42969566583633423
-0.21174342930316925,-1.533888578414917,3.6946380138397217,0.08031412214040756,0.40157055854797363,0.40157055854797363,0.035904038697481155,-0.00460838433355093,-0.7331265807151794,0.6791281700134277
-0.21448518335819244,-1.5796782970428467,3.6825430393218994,0.0865626409649849,0.4328131675720215,0.43281322717666626,0.1683315634727478,-0.21643832325935364,-0.9201964735984802,0.27938756346702576
-0.215160071849823,-1.6244527101516724,3.6669421195983887,0.07008107751607895,0.35040533542633057,0.35040539503097534,0.12045197188854218,-0.16711990535259247,0.8623631596565247,-0.4624847173690796
-0.2150171399116516,-1.668736457824707,3.6477458477020264,0.07968924939632416,0.3984461724758148,0.3984461724758148,0.24053911864757538,-0.08084259182214737,-0.7791680097579956,0.5731514692306519
-0.21530550718307495,-1.7130544185638428,3.6248655319213867,0.0699666365981102,0.3498331308364868,0.3498331904411316,0.057556867599487305,-0.05423778295516968,0.98291015625,-0.1662319451570511
-0.2172742486000061,-1.7579318284988403,3.598212718963623,0.07713010907173157,0.38565051555633545,0.38565051555633545,0.0010545030236244202,-0.06810478866100311,0.815523624420166,-0.5747015476226807
-0.22217246890068054,-1.8038932085037231,3.5676980018615723,0.084854356944561,0.4242717921733856,0.4242717921733856,0.11101116985082626,-0.21798038482666016,-0.9292373061180115,0.2769099473953247
-0.22975309193134308,-1.8492481708526611,3.5347578525543213,0.07596231997013092,0.3798115849494934,0.3798115849494934,0.23011374473571777,0.026064954698085785,0.9380491971969604,-0.2577440142631531
-0.23747481405735016,-1.889954924583435,3.502139091491699,0.06773537397384644,0.3386768698692322,0.3386768698692322,0.1932010054588318,-0.08829542249441147,-0.7898637056350708,0.5753195881843567
-0.245197132229805,-1.9264044761657715,3.469276189804077,0.06742214411497116,0.3371107578277588,0.3371107280254364,0.09281627088785172,-0.06000138446688652,-0.9935176968574524,0.026599736884236336
-0.2528643012046814,-1.9591268301010132,3.435506820678711,0.0668858215212822,0.3344291150569916,0.3344291150569916,0.04765140637755394,-0.010137814097106457,0.9140043258666992,-0.4027687907218933
-0.260420560836792,-1.9886517524719238,3.4001660346984863,0.07295183837413788,0.3647592067718506,0.364759236574173,0.175470232963562,-0.32928186655044556,-0.9042243361473083,0.20775462687015533
-0.26781025528907776,-2.0155093669891357,3.36259126663208,0.07559424638748169,0.37797123193740845,0.37797123193740845,0.1845931112766266,-0.03401004895567894,0.9817890524864197,0.029307683929800987
-0.27497759461402893,-2.040229320526123,3.3221182823181152,0.08397077769041061,0.41985392570495605,0.41985392570495605,0.13843072950839996,-0.06623272597789764,-0.9080199003219604,0.38980770111083984
-0.2818669080734253,-2.0633416175842285,3.2780838012695312,0.07297312468290329,0.36486563086509705,0.36486560106277466,0.09150823205709457,-0.06539646536111832,-0.9893496632575989,-0.09239477664232254
-0.28842243552207947,-2.085376262664795,3.2298240661621094,0.06292543560266495,0.31462714076042175,0.31462717056274414,0.10258956253528595,0.01060926727950573,0.9605163931846619,-0.258401095867157
-0.2945024371147156,-2.1063075065612793,3.1773881912231445,0.08196130394935608,0.4098065197467804,0.4098065197467804,0.26959383487701416,-0.31008902192115784,-0.9100509881973267,0.05450837314128876
-0.29935917258262634,-2.1217427253723145,3.1266369819641113,0.06431099772453308,0.3215549886226654,0.3215549886226654,0.13223309814929962,0.16356420516967773,0.9716628193855286,0.10785415023565292
-0.3030416965484619,-2.131580114364624,3.078317642211914,0.078562892973423,0.3928144574165344,0.3928144872188568,0.03371741250157356,0.27254000306129456,0.9260122776031494,-0.2590104043483734
-0.30581188201904297,-2.137005090713501,3.0315613746643066,0.06890805065631866,0.34454020857810974,0.34454023838043213,0.1967885047197342,-0.25472578406333923,-0.9039154648780823,-0.2816484272480011
-0.30793148279190063,-2.1392040252685547,2.985499382019043,0.06672821193933487,0.33364102244377136,0.33364105224609375,0.2482382357120514,0.5621105432510376,0.7889293432235718,0.00028258078964427114
-0.3096622824668884,-2.1393632888793945,2.939263343811035,0.06260516494512558,0.3130258023738861,0.3130258619785309,0.21595139801502228,-0.733604371547699,-0.6430729627609253,-0.04058203473687172
-0.3112660348415375,-2.13866925239563,2.891983985900879,0.0713346004486084,0.356673002243042,0.3566730320453644,0.24266691505908966,0.8505648374557495,0.42711499333381653,0.18768338859081268
-0.3130045235157013,-2.138307571411133,2.8427929878234863,0.08288582414388657,0.41442909836769104,0.41442909836769104,0.11454891413450241,0.6713203191757202,0.7240481376647949,-0.1093701645731926
-0.3151395618915558,-2.139464855194092,2.7908215522766113,0.06714118272066116,0.3357059061527252,0.3357059359550476,0.18267662823200226,-0.4870149493217468,-0.8508298993110657,-0.07439200580120087
-0.3179329037666321,-2.143327236175537,2.735200881958008,0.07604598253965378,0.3802298903465271,0.3802298605442047,0.13269007205963135,0.14675401151180267,0.9606416821479797,0.1949978768825531
-0.18045297265052795,-1.3820747137069702,3.712887763977051,0.08793193846940994,0.4396596848964691,0.4396596848964691,0.22037751972675323,-0.1278560906648636,-0.45063015818595886,0.8555811047554016
-0.21018506586551666,-1.419005274772644,3.7249209880828857,0.0677453950047493,0.3387269973754883,0.3387269973754883,0.3853471279144287,-0.36244237422943115,-0.6926042437553406,0.49034932255744934
-0.24006101489067078,-1.4543545246124268,3.7389230728149414,0.08602092415094376,0.4301045835018158,0.4301046133041382,0.1498829424381256,0.052732985466718674,-0.6723628044128418,0.7229678630828857
-0.2700014114379883,-1.48899507522583,3.753807783126831,0.08461112529039383,0.42305558919906616,0.42305558919906616,0.3931248188018799,-0.39943239092826843,-0.38502219319343567,0.7332561016082764
-0.29992684721946716,-1.5237998962402344,3.7684879302978516,0.08604970574378967,0.43024852871894836,0.43024852871894836,0.18324165046215057,-0.20073236525058746,-0.8406006097793579,0.46852922439575195
-0.32975801825523376,-1.5596415996551514,3.781877040863037,0.06565698981285095,0.32828494906425476,0.32828497886657715,0.2951900362968445,-0.0438433401286602,-0.47017917037010193,0.8305854201316833
-0.3594154417514801,-1.597393274307251,3.792888641357422,0.0707547590136528,0.35377374291419983,0.3537738025188446,0.3256838023662567,-0.4180228114128113,-0.695509672164917,0.485235333442688
-0.38881978392601013,-1.637927532196045,3.8004345893859863,0.07336422801017761,0.3668211102485657,0.3668211102485657,0.0786217451095581,0.1123681291937828,-0.7654289603233337,0.628737211227417
-0.4178916811943054,-1.6821177005767822,3.8034303188323975,0.07054678350687027,0.35273391008377075,0.35273391008377075,0.21775536239147186,-0.3838098347187042,-0.5512974262237549,0.7080563306808472
-0.4464629888534546,-1.7307225465774536,3.8008344173431396,0.07642001658678055,0.38210007548332214,0.38210007548332214,0.032888807356357574,-0.3472558557987213,-0.8702986836433411,0.3477237820625305
-0.4706219732761383,-1.7791601419448853,3.794049024581909,0.07479547709226608,0.3739773631095886,0.3739773631095886,0.03314531594514847,-0.005408570636063814,-0.7589334845542908,0.6503015160560608
-0.4893878400325775,-1.8250467777252197,3.784237861633301,0.06476573646068573,0.32382866740226746,0.32382866740226746,0.3713677227497101,-0.3115924596786499,-0.7361060380935669,0.47238126397132874
-0.5042592287063599,-1.8689039945602417,3.7714810371398926,0.08174857497215271,0.4087427854537964,0.4087428152561188,0.12633828818798065,0.0155613012611866,0.9391963481903076,-0.31891492009162903
-0.5167348384857178,-1.9112532138824463,3.755859851837158,0.07983061671257019,0.39915305376052856,0.39915305376052856,0.006559920497238636,0.16184364259243011,0.6554887294769287,-0.7376300692558289
-0.5283135175704956,-1.9526162147521973,3.7374539375305176,0.06790760159492493,0.33953800797462463,0.33953797817230225,0.21583306789398193,-0.17525345087051392,-0.9141401648521423,0.295042484998703
-0.5404938459396362,-1.9935145378112793,3.7163448333740234,0.07063508033752441,0.3531753718852997,0.3531753718852997,0.16815215349197388,-0.02188608981668949,0.8855465650558472,-0.43249642848968506
-0.5547745227813721,-2.0344696044921875,3.6926114559173584,0.07882222533226013,0.39411109685897827,0.39411115646362305,0.29351845383644104,-0.16694799065589905,-0.8109889626502991,0.4777783155441284
-0.5726542472839355,-2.076002836227417,3.666335344314575,0.07594659924507141,0.3797329068183899,0.3797329366207123,0.07016871869564056,0.29435160756111145,0.9411107897758484,-0.150811105966568
-0.5955711007118225,-2.1185619831085205,3.6376187801361084,0.06601237505674362,0.3300618827342987,0.3300618529319763,0.015276290476322174,0.11642079800367355,0.7925488352775574,-0.5983971953392029
-0.6202640533447266,-2.1573362350463867,3.6081230640411377,0.07126782089471817,0.35633912682533264,0.35633912682533264,0.31289786100387573,-0.47894564270973206,-0.7709282040596008,0.2799566388130188
-0.6443967223167419,-2.1902103424072266,3.5786616802215576,0.07939711958169937,0.39698556065559387,0.39698556065559387,0.006320361979305744,0.1403590887784958,0.9662469625473022,-0.2159309983253479
-0.6682795286178589,-2.218611240386963,3.548983335494995,0.07642926275730133,0.38214629888534546,0.38214626908302307,0.2741004228591919,-0.27973026037216187,-0.7977677583694458,0.4584610164165497
-0.6922227144241333,-2.2439658641815186,3.5188353061676025,0.07985501736402512,0.3992750942707062,0.39927512407302856,0.09970707446336746,-0.425502210855484,-0.8983513116836548,-0.0443994365632534
-0.7165366411209106,-2.2677016258239746,3.487966775894165,0.06897251307964325,0.34486261010169983,0.34486261010169983,0.12470009922981262,0.25530701875686646,0.8199850916862488,-0.49688294529914856
-0.7415316104888916,-2.2912449836730957,3.456125259399414,0.06870048493146896,0.3435024321079254,0.3435024321079254,0.3360805809497833,-0.5346992015838623,-0.7034298777580261,0.32608744502067566
-0.7675180435180664,-2.3160228729248047,3.42305850982666,0.06561031937599182,0.3280515670776367,0.3280515968799591,0.04224879667162895,0.3872458338737488,0.9200758337974548,-0.04142717644572258
-0.7948061227798462,-2.3434629440307617,3.3885152339935303,0.06963302195072174,0.3481650948524475,0.3481651544570923,0.113225057721138,-0.18101556599140167,-0.8114249110221863,0.5440616607666016
-0.8209508657455444,-2.371858596801758,3.355684995651245,0.07396969944238663,0.36984843015670776,0.36984845995903015,0.23337322473526,-0.45298030972480774,-0.8400452136993408,0.18619845807552338
-0.2911006510257721,-2.0993354320526123,3.178924083709717,0.067966528236866,0.3398326337337494,0.3398326337337494,0.1402312070131302,-0.5012484788894653,0.8268100023269653,0.21323809027671814
-0.28847891092300415,-2.101867914199829,3.1308789253234863,0.06638825684785843,0.33194124698638916,0.33194127678871155,0.12511774897575378,0.4013233184814453,-0.8656883835792542,0.2717881500720978
-0.2859119474887848,-2.1043472290039062,3.0838372707366943,0.07338616997003555,0.3669307827949524,0.3669307827949524,0.14295029640197754,0.3180786967277527,-0.8804617524147034,-0.3212137818336487
-0.28336548805236816,-2.106807231903076,3.0371713638305664,0.07826004177331924,0.3913002014160156,0.39130017161369324,0.20359082520008087,-0.5108658075332642,0.8323558568954468,-0.06892460584640503
-0.28080520033836365,-2.1092803478240967,2.99025297164917,0.06379548460245132,0.31897732615470886,0.318977415561676,0.3270583152770996,0.3156193494796753,-0.8907212018966675,-0.005752841476351023
-0.2781968414783478,-2.111799955368042,2.942453145980835,0.07910232245922089,0.39551156759262085,0.39551159739494324,0.13724644482135773,-0.3701814115047455,0.8711750507354736,0.29186156392097473
-0.2755061388015747,-2.1143991947174072,2.893143892288208,0.07659466564655304,0.38297325372695923,0.382973313331604,0.06466038525104523,-0.27116459608078003,0.9435248374938965,-0.1790241003036499
-0.2726987600326538,-2.1171109676361084,2.8416972160339355,0.08012746274471283,0.40063726902008057,0.40063726902008057,0.3209666311740875,0.36386796832084656,-0.8516307473182678,-0.19825635850429535
-0.269740492105484,-2.1199686527252197,2.7874841690063477,0.0631805807352066,0.31590285897254944,0.3159028887748718,0.14206477999687195,-0.4226866364479065,0.8893522620201111,0.1010257825255394
-0.267900675535202,-2.1217458248138428,2.7537684440612793,0.08188436925411224,0.4094218313694,0.4094218313694,0.24796704947948456,0.4334154725074768,-0.8460769653320312,0.18659347295761108
-0.5929268002510071,-2.1167168617248535,3.6362433433532715,0.0642666295170784,0.32133302092552185,0.3213331401348114,0.11703267693519592,-0.07093164324760437,0.9899575114250183,0.035443421453237534
-0.5973936319351196,-2.1445069313049316,3.5966637134552,0.0754535123705864,0.3772675096988678,0.3772675096988678,0.049095798283815384,0.14320264756679535,0.8497388958930969,-0.505001425743103
-0.6017522811889648,-2.171623468399048,3.5580430030822754,0.0754672959446907,0.37733638286590576,0.37733641266822815,0.23137569427490234,-0.044579748064279556,-0.9716424345970154,0.019721373915672302
-0.606060266494751,-2.198425531387329,3.5198702812194824,0.07733488082885742,0.3866744041442871,0.3866744041442871,0.1961626559495926,0.08680466562509537,0.9540395140647888,-0.20926935970783234
-0.6103755235671997,-2.2252724170684814,3.481633424758911,0.07862494885921478,0.39312466979026794,0.39312469959259033,0.0958482027053833,-0.21454565227031708,-0.9025221467018127,0.3608836829662323
-0.6147557497024536,-2.252523422241211,3.442821502685547,0.0695686936378479,0.3478434383869171,0.3478434979915619,0.06391996890306473,-0.01602238602936268,-0.9978227615356445,-0.0026856386102735996
-0.6192585825920105,-2.2805373668670654,3.4029228687286377,0.07733217626810074,0.3866608440876007,0.3866608738899231,0.18102994561195374,0.04590902104973793,0.9081334471702576,-0.37471869587898254
-0.6239418387413025,-2.309673547744751,3.3614258766174316,0.07813914120197296,0.3906955420970917,0.3906956613063812,0.16881880164146423,-0.21300862729549408,-0.936668336391449,0.2208617627620697
-0.6288631558418274,-2.3402910232543945,3.317819118499756,0.06979363411664963,0.3489682078361511,0.3489682078361511,0.1544046700000763,0.06845813244581223,0.9850383400917053,0.034236762672662735
-0.6334503293037415,-2.3688297271728516,3.277172803878784,0.07405681908130646,0.3702840209007263,0.3702840805053711,0.04025624692440033,0.09143568575382233,0.9218060970306396,-0.37455636262893677
0.4636705815792084,0.8889368772506714,3.2125260829925537,0.08927600085735321,0.44637995958328247,0.44638001918792725,0.6661767363548279,-0.20744997262954712,0.5324454307556152,-0.47924426198005676
0.4807806611061096,0.8933642506599426,3.2367286682128906,0.07145573943853378,0.3572787344455719,0.3572787344455719,0.7029609680175781,-0.5636242032051086,0.12599383294582367,-0.41508948802948
0.4976208806037903,0.8975968956947327,3.2606451511383057,0.07967875897884369,0.39839377999305725,0.39839375019073486,0.8224325776100159,-0.14744016528129578,0.17968741059303284,-0.5192095637321472
0.5142773389816284,0.9016970992088318,3.284367322921753,0.07321502268314362,0.3660751283168793,0.3660750985145569,0.5205711722373962,-0.38947054743766785,0.5195976495742798,-0.5543795228004456
0.5308362245559692,0.9057269096374512,3.307986259460449,0.07413322478532791,0.3706660866737366,0.3706660866737366,0.7267019748687744,-0.41012024879455566,-0.05858653411269188,-0.5479719638824463
0.5473836064338684,0.909748375415802,3.3315930366516113,0.07364236563444138,0.3682118356227875,0.3682118058204651,0.7546149492263794,0.0010770841035991907,0.3941662311553955,-0.5245836973190308
0.5640056729316711,0.9138237237930298,3.355278730392456,0.07060634344816208,0.353031724691391,0.353031724691391,0.6773571372032166,-0.46494776010513306,0.3325265049934387,-0.4630734622478485
0.5807884931564331,0.9180150628089905,3.3791346549987793,0.08253796398639679,0.41268983483314514,0.41268980503082275,0.7530734539031982,-0.25210124254226685,0.03540748357772827,-0.6066890954971313
0.59781813621521,0.9223843812942505,3.403251886367798,0.07569233328104019,0.378461629152298,0.378461629152298,0.6185646653175354,-0.2242794781923294,0.48563575744628906,-0.5755296945571899
0.6151808500289917,0.9269939064979553,3.4277217388153076,0.07763519883155823,0.38817596435546875,0.38817593455314636,0.6759034395217896,-0.5743380188941956,0.06096823513507843,-0.45779165625572205
0.632962703704834,0.9319058060646057,3.4526357650756836,0.06969064474105835,0.34845325350761414,0.34845322370529175,0.695775032043457,-0.07421450316905975,0.21347132325172424,-0.6817766427993774
0.6512497663497925,0.9371820688247681,3.4780843257904053,0.07321101427078247,0.36605507135391235,0.36605504155158997,0.6071579456329346,-0.5136204957962036,0.4163167476654053,-0.4407193064689636
0.6701281070709229,0.9428848028182983,3.504159450531006,0.07648000866174698,0.3824000060558319,0.3824000060558319,0.8096894025802612,-0.3036006689071655,-0.0645996481180191,-0.49805283546447754
0.6896840333938599,0.9490762948989868,3.530951738357544,0.08844602853059769,0.44223013520240784,0.44223010540008545,0.7400280833244324,-0.13974027335643768,0.4313008189201355,-0.4968005120754242
0.7100036144256592,0.9558185338973999,3.5585527420043945,0.0736846774816513,0.3684234023094177,0.3684234023094177,0.663145124912262,-0.6017115116119385,0.270602822303772,-0.3534910976886749
0.7308050394058228,0.9629385471343994,3.5866212844848633,0.08800892531871796,0.4400446116924286,0.4400446116924286,0.8357181549072266,-0.1946975141763687,0.040861692279577255,-0.5118577480316162
0.7506933808326721,0.9695656299591064,3.613504409790039,0.07339917868375778,0.3669959008693695,0.3669959008693695,0.6143074631690979,-0.2718498706817627,0.5008706450462341,-0.545758843421936
0.7696608304977417,0.975734293460846,3.6391761302948,0.06687551736831665,0.33437755703926086,0.33437755703926086,0.6910256743431091,-0.5222308039665222,0.06161966174840927,-0.4959450960159302
0.7878648638725281,0.9815855622291565,3.663803815841675,0.08322452008724213,0.4161226153373718,0.4161226451396942,0.6638107299804688,-0.020503174513578415,0.27120906114578247,-0.6966925859451294
0.8054633140563965,0.987260639667511,3.687556028366089,0.07809403538703918,0.39047014713287354,0.3904701769351959,0.6587231755256653,-0.5372792482376099,0.3966060280799866,-0.3465811312198639
0.8226135969161987,0.9929006695747375,3.7106001377105713,0.08905219286680222,0.4452609717845917,0.4452609419822693,0.7636106014251709,-0.3140028119087219,0.06048288941383362,-0.5609304308891296
0.8394734263420105,0.9986465573310852,3.733104944229126,0.07127443701028824,0.3563721776008606,0.3563721776008606,0.5984363555908203,-0.25776344537734985,0.43558448553085327,-0.6210459470748901
0.8562003374099731,1.0046395063400269,3.755237340927124,0.0794728547334671,0.3973642885684967,0.3973642885684967,0.7625647187232971,-0.5225651860237122,0.1549292355775833,-0.34845030307769775
0.8729521036148071,1.0110206604003906,3.7771658897399902,0.06872758269309998,0.3436379134654999,0.3436379134654999,0.7790695428848267,-0.11027050018310547,0.14678341150283813,-0.5994545221328735
0.889886200428009,1.0179309844970703,3.7990591526031494,0.08452651649713516,0.4226325750350952,0.4226326048374176,0.6516507863998413,-0.44087713956832886,0.5031851530075073,-0.3574679493904114
0.9071602821350098,1.025511622428894,3.8210840225219727,0.0724932849407196,0.3624664545059204,0.3624664545059204,0.7911800742149353,-0.47909340262413025,-0.026927435770630836,-0.3791813850402832
0.9249318838119507,1.03390371799469,3.8434085845947266,0.08073971420526505,0.40369853377342224,0.40369850397109985,0.8027902245521545,-0.07164767384529114,0.338218092918396,-0.48580142855644226
0.9433587789535522,1.0432482957839966,3.866201877593994,0.06906845420598984,0.3453422486782074,0.3453422486782074,0.7049903869628906,-0.5141339898109436,0.34472131729125977,-0.346153199672699
0.962598443031311,1.053686499595642,3.8896305561065674,0.07146625965833664,0.3573312759399414,0.3573312759399414,0.8631047606468201,-0.34630441665649414,-0.0826101303100586,-0.3581884503364563
0.9828085899353027,1.0653594732284546,3.913863182067871,0.07710807025432587,0.38554033637046814,0.38554033637046814,0.7076040506362915,-0.2692244350910187,0.40197911858558655,-0.5150023698806763
1.004093885421753,1.0783811807632446,3.939007520675659,0.07077740132808685,0.35388699173927307,0.35388702154159546,0.7395961880683899,-0.5667628049850464,0.20790746808052063,-0.2975766658782959
1.0248740911483765,1.0919725894927979,3.9632606506347656,0.07364685088396072,0.368234246969223,0.368234246969223,0.8584457039833069,-0.16872307658195496,0.042062725871801376,-0.482528954744339
1.0444875955581665,1.105730414390564,3.9858741760253906,0.06661035120487213,0.33305177092552185,0.33305177092552185,0.6596594452857971,-0.47531554102897644,0.4427992105484009,-0.37795954942703247
1.0631229877471924,1.1196688413619995,4.007065773010254,0.06698324531316757,0.33491620421409607,0.33491620421409607,0.7709083557128906,-0.5497804284095764,-0.04275672510266304,-0.31876885890960693
1.0809680223464966,1.1338022947311401,4.027054786682129,0.07273121178150177,0.36365607380867004,0.36365604400634766,0.8501508831977844,-0.19854040443897247,0.3316898047924042,-0.3575011193752289
1.0982109308242798,1.1481449604034424,4.046058177947998,0.08539225906133652,0.42696136236190796,0.42696136236190796,0.6640532612800598,-0.6143844127655029,0.3295079171657562,-0.27016592025756836
1.1150398254394531,1.162711501121521,4.064295768737793,0.0862458273768425,0.4312291741371155,0.4312291443347931,0.8067282438278198,-0.404204785823822,-0.04790516942739487,-0.428384393453598
1.1316423416137695,1.177515983581543,4.081984043121338,0.07407378405332565,0.3703688979148865,0.3703688979148865,0.6164377331733704,-0.41501492261886597,0.4707157015800476,-0.47559845447540283
1.148207187652588,1.1925731897354126,4.0993428230285645,0.06552199274301529,0.32760995626449585,0.32760995626449585,0.7598224878311157,-0.618247389793396,0.0962921530008316,-0.17654404044151306
1.1649221181869507,1.2078971862792969,4.1165900230407715,0.08497684448957443,0.42488420009613037,0.424884170293808,0.8901040554046631,-0.20140992105007172,0.1778867393732071,-0.3681102693080902
1.181975245475769,1.2235023975372314,4.133943557739258,0.07647039741277695,0.38235196471214294,0.38235199451446533,0.6255291700363159,-0.5855429768562317,0.4085991382598877,-0.31448280811309814
1.199554681777954,1.239403247833252,4.1516218185424805,0.06458917260169983,0.32294583320617676,0.32294583320617676,0.8270721435546875,-0.5190216898918152,0.08281943947076797,-0.19927145540714264
1.2178486585617065,1.2556140422821045,4.169842720031738,0.07344365119934082,0.36721816658973694,0.3672181963920593,0.8325722217559814,-0.2607552409172058,0.3274112045764923,-0.3628113865852356
1.2370450496673584,1.2721492052078247,4.188825607299805,0.07412797957658768,0.3706398904323578,0.3706399202346802,0.6716023087501526,-0.6118812561035156,0.35155558586120605,-0.22574397921562195
1.2573320865631104,1.2890231609344482,4.20878791809082,0.0812990590929985,0.4064953029155731,0.40649527311325073,0.8470610976219177,-0.4378271698951721,-0.03946748003363609,-0.2987258732318878
1.278897762298584,1.3062502145767212,4.229948997497559,0.07383213192224503,0.36916065216064453,0.36916062235832214,0.7246312499046326,-0.3505629003047943,0.39531072974205017,-0.44243037700653076
1.3012369871139526,1.3229531049728394,4.252050399780273,0.07824409753084183,0.3912205398082733,0.3912205100059509,0.6526175141334534,-0.7071107625961304,0.21681703627109528,-0.1645452082157135
1.323038935661316,1.3375262022018433,4.2741570472717285,0.0656420886516571,0.3282104432582855,0.32821041345596313,0.8082781434059143,-0.29329022765159607,0.08160775899887085,-0.5039914846420288
1.3443207740783691,1.3503307104110718,4.296128749847412,0.07250233739614487,0.36251169443130493,0.3625117242336273,0.5566327571868896,-0.480962872505188,0.46209487318992615,-0.49528074264526367
1.3651418685913086,1.361786127090454,4.317855358123779,0.08547528833150864,0.4273764193058014,0.4273764193058014,0.7538394927978516,-0.5151745080947876,-0.04800373688340187,-0.4049900770187378
1.385562539100647,1.3723125457763672,4.339226245880127,0.07474867254495621,0.37374332547187805,0.37374332547187805,0.6412566900253296,-0.16264884173870087,0.41089412569999695,-0.6272968053817749
1.405642032623291,1.3823292255401611,4.360130310058594,0.07895994186401367,0.39479970932006836,0.39479970932006836,0.669980525970459,-0.6178121566772461,0.2631096839904785,-0.31655558943748474
1.4254403114318848,1.3922560214996338,4.380456924438477,0.0670667365193367,0.3353336751461029,0.3353336751461029,0.7856268286705017,-0.19863487780094147,0.024526439607143402,-0.5854341387748718
1.445016860961914,1.4025124311447144,4.400094985961914,0.06884810328483582,0.34424054622650146,0.34424054622650146,0.6246420741081238,-0.4459778070449829,0.5125874876976013,-0.38494181632995605
1.4644315242767334,1.4135183095932007,4.418933868408203,0.07389090210199356,0.369454562664032,0.3694545328617096,0.7283505201339722,-0.5858722925186157,-0.023605234920978546,-0.3545447587966919
1.4837440252304077,1.4256932735443115,4.436862945556641,0.06373011320829391,0.31865057349205017,0.31865057349205017,0.7430447936058044,-0.22728893160820007,0.34939640760421753,-0.5235898494720459
1.503014087677002,1.4394569396972656,4.453770637512207,0.06903979927301407,0.3451990485191345,0.3451990485191345,0.5377196073532104,-0.7468045949935913,0.255798876285553,-0.2961544990539551
1.522301197052002,1.4552291631698608,4.469547271728516,0.07426753640174866,0.3713376820087433,0.3713376522064209,0.8018588423728943,-0.4018684923648834,0.0718303769826889,-0.436307817697525
1.5416653156280518,1.4734294414520264,4.484081268310547,0.08302046358585358,0.4151023328304291,0.4151023328304291,0.6084216833114624,-0.5917001962661743,0.39609044790267944,-0.3504657745361328
1.5611658096313477,1.4944772720336914,4.497262477874756,0.0728701576590538,0.3643507957458496,0.3643507957458496,0.7123525142669678,-0.6668233871459961,-0.05159865692257881,-0.21269239485263824
1.5808627605438232,1.518792748451233,4.508979320526123,0.08112350851297379,0.4056175649166107,0.40561753511428833,0.7564076781272888,-0.4259888231754303,0.35488539934158325,-0.34704074263572693
1.6005793809890747,1.5464351177215576,4.518993854522705,0.075370654463768,0.37685325741767883,0.3768532872200012,0.44342416524887085,-0.8512037992477417,0.2748572826385498,-0.05727635324001312
1.6182626485824585,1.574392318725586,4.526154041290283,0.08358403295278549,0.41792023181915283,0.41792023181915283,0.7725334167480469,-0.5871239304542542,-0.027358438819646835,-0.24026897549629211
1.6336525678634644,1.6019856929779053,4.530459403991699,0.07065479457378387,0.35327398777008057,0.3532739579677582,0.4677949845790863,-0.7231731414794922,0.37311866879463196,-0.34492164850234985
1.6470342874526978,1.6293288469314575,4.532227039337158,0.07819617539644241,0.39098086953163147,0.39098086953163147,0.5987672805786133,-0.7959268093109131,0.07606024295091629,0.04683046415448189
1.658692479133606,1.6565349102020264,4.531770706176758,0.08213906735181808,0.4106954336166382,0.4106953740119934,0.6838431358337402,-0.6682529449462891,0.13726161420345306,-0.2587582468986511
1.668912410736084,1.6837172508239746,4.529404163360596,0.07746323198080063,0.3873163163661957,0.3873163163661957,0.2840084135532379,-0.909424901008606,0.3031498193740845,-0.019641442224383354
1.6779792308807373,1.7109891176223755,4.525441646575928,0.07506772130727768,0.37533867359161377,0.37533867359161377,0.6566506028175354,-0.7406428456306458,-0.04999617487192154,0.13326126337051392
1.686177372932434,1.738464117050171,4.520198345184326,0.06239505857229233,0.31197530031204224,0.3119753301143646,0.60440593957901,-0.6726011037826538,0.3231426477432251,-0.27907001972198486
1.6937925815582275,1.766255259513855,4.513988018035889,0.06220818683505058,0.3110409677028656,0.3110409379005432,0.3242727518081665,-0.9361073970794678,0.12247755378484726,0.05957667529582977
1.7011094093322754,1.7944762706756592,4.507124900817871,0.0631018579006195,0.3155093193054199,0.31550928950309753,0.656049370765686,-0.752124547958374,0.05982811376452446,0.018125716596841812
1.7084131240844727,1.823240041732788,4.499924182891846,0.07337477803230286,0.3668738901615143,0.3668738901615143,0.42172005772590637,-0.8092958927154541,0.3043459951877594,-0.2730673849582672
1.7159883975982666,1.8526602983474731,4.492700099945068,0.08072283864021301,0.4036141633987427,0.4036141633987427,0.4245055019855499,-0.8971132040023804,-0.03446579724550247,0.11745249480009079
1.724120855331421,1.882850170135498,4.485766410827637,0.07375184446573257,0.3687591850757599,0.3687591850757599,0.6679586172103882,-0.7198481559753418,0.12300249934196472,-0.14324915409088135
1.7330948114395142,1.9139230251312256,4.479437351226807,0.07826951891183853,0.39134764671325684,0.39134764671325684,0.31968358159065247,-0.9169603586196899,0.19908487796783447,-0.13172456622123718
1.74319589138031,1.945992350578308,4.474028587341309,0.08199538290500641,0.40997692942619324,0.40997692942619324,0.6818369030952454,-0.7187126278877258,-0.11296447366476059,0.07608985900878906
1.7547087669372559,1.9791712760925293,4.469853401184082,0.06203145533800125,0.31015726923942566,0.31015726923942566,0.6200422644615173,-0.6751683950424194,0.36182335019111633,-0.16964413225650787
1.60185968875885,1.5410258769989014,4.521080493927002,0.08305113762617111,0.41525569558143616,0.41525569558143616,0.6165408492088318,-0.6649314165115356,0.309317022562027,-0.2864725589752197
1.6241923570632935,1.555572271347046,4.535427093505859,0.06253399699926376,0.3126699924468994,0.3126699924468994,0.8541749119758606,-0.34483057260513306,0.037366561591625214,-0.3874027132987976
1.6461540460586548,1.5698771476745605,4.549535274505615,0.07959028333425522,0.3979513645172119,0.3979514241218567,0.5262730121612549,-0.4772059917449951,0.526907205581665,-0.46656185388565063
1.6678460836410522,1.5840061902999878,4.563469886779785,0.06457309424877167,0.32286545634269714,0.32286548614501953,0.6761991381645203,-0.6964848041534424,0.04043379798531532,-0.23670390248298645
1.689369559288025,1.5980255603790283,4.577296257019043,0.07768937200307846,0.3884468376636505,0.3884468376636505,0.7080406546592712,-0.29934853315353394,0.29943493008613586,-0.5651615858078003
1.7108255624771118,1.612000823020935,4.5910797119140625,0.07851435989141464,0.3925718367099762,0.3925718367099762,0.6310328841209412,-0.6230984926223755,0.3804987967014313,-0.2622334361076355
1.7323154211044312,1.6259983777999878,4.604885101318359,0.06678752601146698,0.3339376449584961,0.3339376449584961,0.8379271030426025,-0.47044098377227783,0.06938932836055756,-0.2678593099117279
1.7539405822753906,1.6400837898254395,4.618776798248291,0.07652056217193604,0.3826027810573578,0.3826027810573578,0.5932638645172119,-0.42256486415863037,0.41051504015922546,-0.5485930442810059
1.7758017778396606,1.6543232202529907,4.6328206062316895,0.07042480260133743,0.35212400555610657,0.35212400555610657,0.6664938926696777,-0.6576494574546814,0.2267434298992157,-0.26808688044548035
1.798000693321228,1.6687824726104736,4.647080898284912,0.06766173243522644,0.3383086323738098,0.3383086621761322,0.8359408378601074,-0.2863667607307434,0.18471497297286987,-0.43020614981651306
1.8206380605697632,1.6835272312164307,4.661623001098633,0.07604536414146423,0.38022685050964355,0.38022685050964355,0.5934718251228333,-0.5320355296134949,0.5162091851234436,-0.3134603798389435
1.8438153266906738,1.6986238956451416,4.676512241363525,0.06288360059261322,0.3144180178642273,0.3144179880619049,0.7286481261253357,-0.6508490443229675,0.06081558018922806,-0.20437443256378174
1.8676338195800781,1.7141380310058594,4.691812992095947,0.06661339849233627,0.33306699991226196,0.33306699991226196,0.7713815569877625,-0.27695903182029724,0.3283828794956207,-0.46949848532676697
1.8921946287155151,1.7301356792449951,4.707590579986572,0.07944978773593903,0.39724892377853394,0.39724889397621155,0.5063824653625488,-0.6891709566116333,0.4440208375453949,-0.26733073592185974
1.917598843574524,1.7466827630996704,4.723910331726074,0.07807067781686783,0.39035338163375854,0.39035338163375854,0.78684401512146,-0.500525951385498,0.08107630163431168,-0.35181936621665955
1.9385035037994385,1.7602989673614502,4.737339496612549,0.07133052498102188,0.3566526174545288,0.3566526174545288,0.5808144211769104,-0.41842764616012573,0.44217538833618164,-0.5404199957847595
-0.08244585990905762,-0.016876550391316414,3.952270269393921,0.07212219387292862,0.3606109619140625,0.3606109321117401,0.3682728707790375,-0.31656137108802795,-0.5318465232849121,0.6937602162361145
-0.11805109679698944,-0.022515466436743736,3.9830405712127686,0.07087442278862,0.3543721139431,0.3543721139431,0.6084932088851929,-0.1955382227897644,-0.23910759389400482,0.7309777140617371
-0.15379318594932556,-0.027242165058851242,4.01314115524292,0.08678121864795685,0.4339061379432678,0.43390607833862305,0.5022821426391602,-0.576188325881958,-0.3450847268104553,0.5446431040763855
-0.18954382836818695,-0.031911853700876236,4.04319953918457,0.08761463314294815,0.43807318806648254,0.43807318806648254,0.3789236843585968,-0.1563151478767395,-0.5773574113845825,0.7061450481414795
-0.22517472505569458,-0.03737972676753998,4.073843479156494,0.08088620752096176,0.4044310450553894,0.404431015253067,0.7407429814338684,-0.286215603351593,-0.10380250960588455,0.5988367795944214
-0.2605575621128082,-0.04450099170207977,4.105701923370361,0.07679105550050735,0.3839552104473114,0.3839552402496338,0.47874337434768677,-0.39158180356025696,-0.6250759363174438,0.4761812388896942
-0.29556405544281006,-0.05413084849715233,4.139402389526367,0.07943768799304962,0.39718836545944214,0.39718836545944214,0.5340579748153687,-0.09196776151657104,-0.2940070629119873,0.787326991558075
-0.3300659656524658,-0.06712450087070465,4.175572395324707,0.08316480368375778,0.4158240556716919,0.4158240258693695,0.4182185232639313,-0.5163537859916687,-0.2768636643886566,0.6941314935684204
-0.3639349043369293,-0.08433715254068375,4.214839458465576,0.0749191865324974,0.37459591031074524,0.37459591031074524,0.38325265049934387,-0.04347553849220276,-0.6401447057723999,0.6644110083580017
-0.3950091004371643,-0.10516198724508286,4.255725860595703,0.07265620678663254,0.3632810413837433,0.3632810413837433,0.5341878533363342,-0.18257620930671692,-0.23295298218727112,0.7918599247932434
-0.41986778378486633,-0.1270139217376709,4.294448375701904,0.08530162274837494,0.42650800943374634,0.4265080392360687,0.3276906907558441,-0.2670661509037018,-0.6230712532997131,0.6580856442451477
-0.43991389870643616,-0.14987531304359436,4.331374168395996,0.07573398947715759,0.37866994738578796,0.37866997718811035,0.3679230809211731,0.13308317959308624,-0.24683424830436707,0.8865631818771362
-0.4566885828971863,-0.1738145649433136,4.367001533508301,0.08648083359003067,0.43240413069725037,0.43240416049957275,0.39170464873313904,-0.4151704013347626,-0.4279748201370239,0.7007414102554321
-0.47173309326171875,-0.19890010356903076,4.401830196380615,0.07975078374147415,0.3987538814544678,0.3987538814544678,0.21707110106945038,0.1490904539823532,-0.5170720815658569,0.8144252896308899
-0.4865885078907013,-0.22520039975643158,4.436358451843262,0.0668254941701889,0.33412742614746094,0.3341274559497833,0.25426816940307617,-0.2301492542028427,-0.21956005692481995,0.9133303761482239
-0.5027960538864136,-0.2527838945388794,4.471085548400879,0.08321701735258102,0.41608506441116333,0.41608503460884094,0.2360660284757614,-0.18369926512241364,-0.7081238031387329,0.6395999789237976
-0.5218969583511353,-0.2817189693450928,4.506510257720947,0.08211219310760498,0.4105609059333801,0.4105607867240906,0.16858837008476257,0.022911498323082924,-0.3451385498046875,0.9230018258094788
-0.5454323887825012,-0.3120741546154022,4.543130874633789,0.08435909450054169,0.42179548740386963,0.42179545760154724,0.37723296880722046,-0.3797123432159424,-0.3747047185897827,0.7570403814315796
-0.5733855366706848,-0.3432381749153137,4.58024263381958,0.0813741534948349,0.4068707525730133,0.4068707823753357,0.2801342010498047,0.010679646395146847,-0.6783484816551208,0.6791568398475647
-0.6004902124404907,-0.3726719319820404,4.613557815551758,0.07199116796255112,0.3599558472633362,0.3599558174610138,0.41067996621131897,-0.1770065724849701,-0.25012537837028503,0.8587478399276733
-0.6266754865646362,-0.40056711435317993,4.643413543701172,0.07064234465360641,0.35321173071861267,0.3532117009162903,0.26317110657691956,-0.3864366412162781,-0.6752426028251648,0.5704867243766785
-0.6525381803512573,-0.4274292290210724,4.6706929206848145,0.07042091339826584,0.3521046042442322,0.3521045744419098,0.31119340658187866,0.09064385294914246,-0.4641324579715729,0.8243321180343628
-0.6786747574806213,-0.4537637531757355,4.696279048919678,0.06958858668804169,0.34794294834136963,0.34794294834136963,0.41265425086021423,-0.34609317779541016,-0.44047024846076965,0.718277096748352
-0.7056818604469299,-0.4800760746002197,4.72105598449707,0.08453761041164398,0.4226880669593811,0.4226880669593811,0.3483354449272156,-0.08950760215520859,-0.659157931804657,0.6604253053665161
-0.7341560125350952,-0.5068717002868652,4.745905876159668,0.0840965285897255,0.4204826354980469,0.4204826056957245,0.44426676630973816,-0.1987934410572052,-0.25262609124183655,0.8362345695495605
-0.7646938562393188,-0.5346562266349792,4.771712779998779,0.07570138573646545,0.3785068392753601,0.3785068690776825,0.37206676602363586,-0.30457425117492676,-0.6441354155540466,0.594886839389801
-0.7978920340538025,-0.5639349222183228,4.79935884475708,0.06817057728767395,0.34085291624069214,0.34085288643836975,0.22404739260673523,-0.07705488801002502,-0.4807277321815491,0.8442547917366028
-0.8339347243309021,-0.5945104956626892,4.829514503479004,0.06829626858234406,0.3414813280105591,0.3414813280105591,0.455533891916275,-0.40996330976486206,-0.34634578227996826,0.7102559804916382
-0.8695064187049866,-0.6207936406135559,4.860565185546875,0.07445436716079712,0.3722718358039856,0.3722718060016632,0.4082794785499573,-0.167702317237854,-0.64277184009552,0.6261215209960938
-0.9039936661720276,-0.6428785920143127,4.891395568847656,0.08080551773309708,0.4040275514125824,0.4040274918079376,0.419304221868515,-0.15152429044246674,-0.21609733998775482,0.8686347603797913
-0.9376924633979797,-0.6625159382820129,4.921277046203613,0.0695786327123642,0.3478931486606598,0.3478931784629822,0.4287499487400055,-0.534730851650238,-0.5062518119812012,0.5233979821205139
-0.9708989858627319,-0.6814558506011963,4.9494805335998535,0.06930390000343323,0.34651947021484375,0.34651944041252136,0.2848164439201355,-0.07781913131475449,-0.5603893399238586,0.7738136649131775
-1.0039094686508179,-0.7014490365982056,4.975274562835693,0.07362573593854904,0.3681286573410034,0.3681286573410034,0.5075339674949646,-0.3352617621421814,-0.3110239505767822,0.7302553653717041
-1.0370198488235474,-0.7242456674575806,4.99793004989624,0.07136597484350204,0.35682985186576843,0.35682985186576843,0.3013206720352173,-0.29520052671432495,-0.7307045459747314,0.536780595779419
-1.0705264806747437,-0.7515963315963745,5.016716957092285,0.07934986054897308,0.39674925804138184,0.3967491686344147,0.39110067486763,-0.08460285514593124,-0.4899543821811676,0.7744852304458618
-1.1047254800796509,-0.7852513790130615,5.030904769897461,0.07313928753137589,0.36569643020629883,0.36569643020629883,0.3739596903324127,-0.36632660031318665,-0.6795870661735535,0.5139263868331909
-1.1397433280944824,-0.8267224431037903,5.039719581604004,0.08363056927919388,0.4181528687477112,0.41815289855003357,0.029823794960975647,0.07884755730628967,0.7538122534751892,-0.6516599655151367
-1.1705207824707031,-0.8696184158325195,5.041417121887207,0.06634227186441422,0.3317113220691681,0.3317113220691681,0.33082520961761475,-0.2547547221183777,-0.6121137738227844,0.671544075012207
-1.1955523490905762,-0.9108874797821045,5.036334991455078,0.08063209801912308,0.40316042304039,0.4031604528427124,0.13215142488479614,-0.16049419343471527,-0.9408617615699768,0.2675008177757263
-1.2161569595336914,-0.951180100440979,5.025749206542969,0.07252410799264908,0.3626205027103424,0.3626205325126648,0.052213072776794434,-0.06072157993912697,-0.7243087291717529,0.684809148311615
-1.23365318775177,-0.9911465644836426,5.0109333992004395,0.0628436952829361,0.3142184019088745,0.3142184317111969,0.29603293538093567,-0.24960151314735413,-0.8563924431800842,0.3415488302707672
-1.2493600845336914,-1.031437635421753,4.993165969848633,0.07451633363962173,0.3725816309452057,0.3725816607475281,0.1295471340417862,-0.06718123704195023,0.9064196944236755,-0.39636796712875366
-1.2645959854125977,-1.0727033615112305,4.973720550537109,0.0775313749909401,0.3876568675041199,0.3876568675041199,0.22046728432178497,-0.27774178981781006,-0.6748071312904358,0.6472163200378418
-1.2806802988052368,-1.1155946254730225,4.953873634338379,0.0650099441409111,0.32504966855049133,0.3250496983528137,0.11568839102983475,-0.14936251938343048,-0.9623739123344421,0.1953037530183792
-1.2989314794540405,-1.1607613563537598,4.93489933013916,0.06259650737047195,0.3129824995994568,0.3129824995994568,0.023873746395111084,-0.028047973290085793,0.7329825162887573,-0.6792495846748352
-1.3206684589385986,-1.2088541984558105,4.918074131011963,0.06842145323753357,0.34210720658302307,0.34210723638534546,0.2595781087875366,-0.4287221133708954,-0.7363861799240112,0.4544798731803894
-0.407608300447464,-0.07979094237089157,4.230763912200928,0.07513868063688278,0.3756933808326721,0.3756934106349945,0.3351186215877533,-0.6051717400550842,-0.5472837686538696,0.47110843658447266
-0.45241573452949524,-0.0686720609664917,4.242537498474121,0.0669674426317215,0.3348371684551239,0.3348371982574463,0.7157694697380066,-0.36827147006988525,-0.386989951133728,0.4497654438018799
-0.49647241830825806,-0.057339441031217575,4.255478382110596,0.07990893721580505,0.39954468607902527,0.39954468607902527,0.5503472685813904,-0.6684694886207581,-0.41042450070381165,0.2860388457775116
-0.5406718254089355,-0.04604746028780937,4.268197536468506,0.06948569416999817,0.34742841124534607,0.34742841124534607,0.5265070796012878,-0.3599410951137543,-0.5622615814208984,0.5263978838920593
-0.5859075784683228,-0.03505051136016846,4.279304504394531,0.08474382013082504,0.4237191081047058,0.4237191081047058,0.6104539632797241,-0.6014670729637146,-0.21710781753063202,0.4673837423324585
-0.633073091506958,-0.02460297755897045,4.287411212921143,0.0786406546831131,0.3932032883167267,0.3932033181190491,0.41564950346946716,-0.6002261638641357,-0.6284670233726501,0.26831570267677307
-0.6830618977546692,-0.014959244057536125,4.291127681732178,0.07597389817237854,0.3798695206642151,0.3798695206642151,0.5503447651863098,-0.4553063213825226,-0.44884783029556274,0.5369846820831299
-0.7367675304412842,-0.006373690441250801,4.289064407348633,0.08244772255420685,0.41223859786987305,0.41223859786987305,0.4689624011516571,-0.7675665020942688,-0.3994683027267456,0.17703385651111603
-0.7911355495452881,0.00046560243936255574,4.282064914703369,0.0702376589179039,0.3511883020401001,0.3511883020401001,0.26915308833122253,-0.47967153787612915,-0.7155881524085999,0.4305872917175293
-0.8409474492073059,0.005062525626271963,4.2727766036987305,0.08458374440670013,0.4229186773300171,0.4229186773300171,0.5634697079658508,-0.5930735468864441,-0.3747304677963257,0.43628284335136414
-0.8871527314186096,0.00789704266935587,4.260761737823486,0.0848940759897232,0.4244703948497772,0.42447036504745483,0.18648187816143036,-0.7849579453468323,-0.5684065818786621,0.16118137538433075
-0.9307757616043091,0.009459092281758785,4.245543003082275,0.06780372560024261,0.33901864290237427,0.33901864290237427,0.20645709335803986,-0.4467853307723999,-0.6601061224937439,0.5674665570259094
-0.9728405475616455,0.010238606482744217,4.226641654968262,0.08222828805446625,0.4111414849758148,0.4111415147781372,0.5574624538421631,-0.6818521022796631,-0.43375125527381897,0.19019250571727753
-1.0143715143203735,0.01072552427649498,4.203580856323242,0.07073702663183212,0.3536851406097412,0.3536851406097412,0.031023889780044556,-0.6514085531234741,-0.738781213760376,0.1700199395418167
-1.0563926696777344,0.011409779079258442,4.175882339477539,0.06686440855264664,0.33432209491729736,0.33432209491729736,0.4186556339263916,-0.5023934245109558,-0.6342980861663818,0.41230353713035583
-1.0999281406402588,0.012781307101249695,4.143068313598633,0.07896541059017181,0.39482706785202026,0.39482706785202026,0.2382591813802719,-0.74418705701828,-0.6147873401641846,-0.10702679306268692
-1.1419073343276978,0.014547030441462994,4.107782363891602,0.0729357898235321,0.36467891931533813,0.3646789491176605,0.07608730345964432,-0.5872207283973694,-0.7103241086006165,0.38055509328842163
-1.1783851385116577,0.0159856416285038,4.072935104370117,0.0662257969379425,0.3311289846897125,0.3311290144920349,0.4957512319087982,-0.6849573254585266,-0.5132175087928772,0.14721399545669556
-1.2101279497146606,0.017129337415099144,4.037621974945068,0.08261237293481827,0.41306182742118835,0.41306182742118835,0.03900638595223427,0.7449479699134827,0.6651161313056946,-0.03393467888236046
-1.2379095554351807,0.018011637032032013,4.000932216644287,0.0721401572227478,0.360700786113739,0.360700786113739,0.2086726874113083,-0.5706833004951477,-0.7274025678634644,0.31884443759918213
-1.2625031471252441,0.018666062504053116,3.9619555473327637,0.08441881090402603,0.42209407687187195,0.42209404706954956,0.21915434300899506,-0.8031424880027771,-0.5446420311927795,-0.10148200392723083
-1.284682273864746,0.01912613771855831,3.91978120803833,0.07995953410863876,0.3997977077960968,0.3997977077960968,0.09685447067022324,0.6244484782218933,0.7664172053337097,-0.11527369171380997
-1.3052207231521606,0.019425377249717712,3.8734984397888184,0.0690423771739006,0.34521183371543884,0.34521183371543884,0.3091905117034912,-0.6751130819320679,-0.6479019522666931,0.16984276473522186
-1.324886441230774,0.019597114995121956,3.822204351425171,0.07301070541143417,0.3650535047054291,0.36505356431007385,0.057013917714357376,0.6217954158782959,0.7601893544197083,0.1795327514410019
-1.3403853178024292,0.01953767240047455,3.7706034183502197,0.07854249328374863,0.3927125036716461,0.3927125036716461,0.04404153674840927,0.6626570820808411,0.6671702861785889,-0.33738669753074646
-1.3495148420333862,0.019182685762643814,3.7223639488220215,0.07072489708662033,0.35362449288368225,0.35362449288368225,0.17148332297801971,-0.7760704755783081,-0.5962513089179993,-0.11310380697250366
-1.3538180589675903,0.018595227971673012,3.676197052001953,0.06790421158075333,0.3395209312438965,0.33952105045318604,0.23382006585597992,0.5170024037361145,0.8075834512710571,0.16076608002185822
-1.3548375368118286,0.017838358879089355,3.6308131217956543,0.07313190400600433,0.3656595051288605,0.3656595051288605,0.0873754471540451,0.033119138330221176,0.9896619319915771,-0.10880222916603088
-1.3541160821914673,0.016975153237581253,3.5849225521087646,0.06303322315216064,0.31516608595848083,0.3151661157608032,0.265500009059906,0.28467586636543274,-0.9198614954948425,-0.04821031168103218
-1.353196382522583,0.016068674623966217,3.5372366905212402,0.06446713954210281,0.3223356306552887,0.32233569025993347,0.09818524867296219,-0.3496820032596588,0.9095879197120667,0.20182177424430847
-1.3536213636398315,0.015181994065642357,3.4864661693573,0.0826338529586792,0.41316917538642883,0.413169264793396,0.10909253358840942,-0.5385168194770813,-0.8348677158355713,0.03308076411485672
-1.3563449382781982,0.014466196298599243,3.438063144683838,0.0742030218243599,0.37101513147354126,0.37101519107818604,0.13947387039661407,0.6440414190292358,0.6858007311820984,0.30892565846443176
-1.1409064531326294,-0.8212425112724304,5.042666912078857,0.07655183970928192,0.382759153842926,0.382759153842926,0.3640362620353699,-0.02792234905064106,-0.5419988036155701,0.7569248676300049
-1.180679440498352,-0.8376507759094238,5.063292503356934,0.07445328682661057,0.3722664713859558,0.3722664713859558,0.47320422530174255,-0.48964589834213257,-0.3191107511520386,0.659160852432251
-1.219496488571167,-0.8536646962165833,5.083422660827637,0.08377833664417267,0.41889166831970215,0.41889166831970215,0.34705623984336853,-0.323684960603714,-0.7172853350639343,0.5101781487464905
-1.257982611656189,-0.8695421814918518,5.103381156921387,0.08159440755844116,0.4079720377922058,0.40797197818756104,0.3773339092731476,-0.20436936616897583,-0.34624922275543213,0.834244430065155
-1.296762466430664,-0.8855407238006592,5.1234917640686035,0.07201232016086578,0.3600616157054901,0.3600616157054901,0.4055849611759186,-0.5662285089492798,-0.39365848898887634,0.5999325513839722
-1.3364611864089966,-0.9019184112548828,5.144078731536865,0.08004745841026306,0.4002372622489929,0.4002372920513153,0.3086744248867035,-0.15733279287815094,-0.7509685754776001,0.5621500015258789
-1.3777035474777222,-0.9189329147338867,5.16546630859375,0.08113870024681091,0.4056934714317322,0.4056934416294098,0.4664214849472046,-0.3123828172683716,-0.2817387878894806,0.7781331539154053
-1.421114444732666,-0.9368420243263245,5.187978267669678,0.07919399440288544,0.3959699869155884,0.395969957113266,0.47399768233299255,-0.4445352554321289,-0.6132815480232239,0.44899922609329224
-1.4667983055114746,-0.9556888937950134,5.211669445037842,0.07126063853502274,0.3563031554222107,0.3563031852245331,0.3305971622467041,-0.1929602026939392,-0.5150800943374634,0.7669187784194946
0.4293789267539978,-0.15482468903064728,3.98256778717041,0.08727160096168518,0.4363580048084259,0.4363580048084259,0.24537089467048645,0.10846900939941406,0.43136897683143616,-0.8613643050193787
0.44476473331451416,-0.18990464508533478,4.018126487731934,0.08250711858272552,0.41253557801246643,0.41253554821014404,0.2562447190284729,-0.13275201618671417,0.7000415325164795,-0.6531901955604553
0.4595620632171631,-0.2251623272895813,4.053284168243408,0.08814122527837753,0.44070613384246826,0.44070613384246826,0.11684388667345047,-0.21966329216957092,0.29453492164611816,-0.9226834177970886
0.4751960337162018,-0.26016730070114136,4.089012145996094,0.08086004853248596,0.4043002426624298,0.4043002128601074,0.060561180114746094,0.16224844753742218,0.6038095951080322,-0.7780885100364685
0.4930918216705322,-0.2944890856742859,4.126279830932617,0.0843779668211937,0.4218898117542267,0.4218898117542267,0.19685153663158417,-0.39955514669418335,0.44401422142982483,-0.7774680256843567
0.5146745443344116,-0.3276972472667694,4.16605806350708,0.07574628293514252,0.3787314295768738,0.3787314295768738,0.3628969192504883,0.1188502386212349,0.22989240288734436,-0.8951703310012817
0.5413693189620972,-0.35936129093170166,4.209316730499268,0.08122576028108597,0.40612879395484924,0.40612876415252686,0.32952192425727844,-0.11380361765623093,0.6663329601287842,-0.6591391563415527
0.572198212146759,-0.3873433470726013,4.254288673400879,0.08699340373277664,0.434967041015625,0.4349670112133026,0.5332959294319153,-0.41153204441070557,0.23135724663734436,-0.7019335031509399
0.6025859117507935,-0.4084417223930359,4.295627593994141,0.07616596668958664,0.3808298408985138,0.3808298408985138,0.4768884479999542,0.11904722452163696,0.3095203936100006,-0.8140038847923279
0.6330586075782776,-0.4244466722011566,4.334277153015137,0.08327416330575943,0.41637080907821655,0.41637080907821655,0.4764232039451599,-0.306281179189682,0.5735504031181335,-0.5918214321136475
0.6643732190132141,-0.4373396635055542,4.37145471572876,0.08198092132806778,0.4099045693874359,0.4099045693874359,0.6265902519226074,-0.31678587198257446,0.23133082687854767,-0.6734369993209839
0.6972864866256714,-0.44910186529159546,4.408374786376953,0.07828474789857864,0.3914237916469574,0.3914237916469574,0.4640914499759674,0.040654078125953674,0.4566335380077362,-0.7579262256622314
0.7325550317764282,-0.4617147445678711,4.446253776550293,0.06833674013614655,0.3416837155818939,0.34168368577957153,0.41298907995224,-0.47688964009284973,0.45983758568763733,-0.6249525547027588
0.7709356546401978,-0.4771595597267151,4.486308574676514,0.06640009582042694,0.3320004642009735,0.33200040459632874,0.4763215184211731,-0.13822174072265625,0.11795330047607422,-0.8602904081344604
0.8117863535881042,-0.49642127752304077,4.5286760330200195,0.06972305476665497,0.34861528873443604,0.34861525893211365,0.3048425018787384,-0.20872622728347778,0.648333728313446,-0.6657084822654724
0.8487245440483093,-0.5153355002403259,4.568390369415283,0.07028855383396149,0.35144278407096863,0.35144275426864624,0.5905276536941528,-0.4636920094490051,0.23004849255084991,-0.6191482543945312
0.882691502571106,-0.533374547958374,4.60511589050293,0.07741469144821167,0.38707345724105835,0.38707345724105835,0.3521052598953247,-0.058786891400814056,0.3747648596763611,-0.8556385040283203
0.9158511757850647,-0.5507775545120239,4.6393938064575195,0.0799141377210617,0.39957067370414734,0.39957067370414734,0.4329664707183838,-0.4005924165248871,0.6328998804092407,-0.5015012621879578
0.95036780834198,-0.5677833557128906,4.671762943267822,0.06809267401695251,0.3404633700847626,0.3404633402824402,0.5094943642616272,-0.31233397126197815,0.2522841691970825,-0.7610622048377991
0.9884052276611328,-0.5846312046051025,4.702764987945557,0.08334336429834366,0.4167167842388153,0.4167167842388153,0.4208613932132721,-0.07998356968164444,0.6090174317359924,-0.6675148606300354
1.0321276187896729,-0.601560115814209,4.732939720153809,0.07987097650766373,0.39935487508773804,0.39935487508773804,0.5222038626670837,-0.45375436544418335,0.5135242342948914,-0.507644534111023
1.0831369161605835,-0.6186195015907288,4.762661933898926,0.08328941464424133,0.41644707322120667,0.4164470434188843,0.5243154764175415,-0.23586982488632202,0.26282280683517456,-0.7748437523841858
1.133605718612671,-0.632969856262207,4.789433002471924,0.07320249825716019,0.36601248383522034,0.36601245403289795,0.3365175724029541,-0.2968856990337372,0.7219290137290955,-0.5267193913459778
1.181570053100586,-0.6444162130355835,4.81225061416626,0.06408771127462387,0.32043853402137756,0.32043853402137756,0.5464639663696289,-0.5875893235206604,0.29383084177970886,-0.5194029211997986
1.2286020517349243,-0.6540452241897583,4.831121921539307,0.07010968029499054,0.3505483567714691,0.3505483567714691,0.4180160164833069,-0.20317058265209198,0.5082076191902161,-0.7250581383705139
1.2762739658355713,-0.6629434823989868,4.846054553985596,0.06771226972341537,0.33856135606765747,0.33856135606765747,0.33543860912323,-0.6063905358314514,0.570526659488678,-0.44076159596443176
1.326157808303833,-0.6721973419189453,4.857054710388184,0.07003417611122131,0.35017088055610657,0.3501708507537842,0.6588388681411743,-0.35957661271095276,0.38906559348106384,-0.534101128578186
1.3798258304595947,-0.6828933954238892,4.864130973815918,0.06317001581192017,0.3158501088619232,0.3158501088619232,0.20336821675300598,-0.41573870182037354,0.6609477996826172,-0.590720534324646
1.4388352632522583,-0.696112871170044,4.86728572845459,0.08209104835987091,0.41045525670051575,0.41045528650283813,0.47306716442108154,-0.5971889495849609,0.539907693862915,-0.3578721880912781
1.496600866317749,-0.7100208401679993,4.864850997924805,0.0669112578034401,0.3345562815666199,0.3345562815666199,0.3744337260723114,-0.3100491762161255,0.5397365689277649,-0.6872796416282654
1.5483043193817139,-0.7228105664253235,4.85640811920166,0.06634324043989182,0.3317162096500397,0.3317162096500397,0.1829501986503601,-0.5973175168037415,0.7043645977973938,-0.33706316351890564
1.5961880683898926,-0.734939455986023,4.843378067016602,0.06597688794136047,0.32988440990448,0.32988440990448,0.5817887783050537,-0.5236467719078064,0.4826052784919739,-0.392947793006897
1.6424946784973145,-0.7468646168708801,4.827184200286865,0.08107001334428787,0.40535005927085876,0.40535008907318115,0.09005188196897507,-0.44467946887016296,0.7267324328422546,-0.5157623291015625
1.6894662380218506,-0.7590432167053223,4.809248447418213,0.06697608530521393,0.33488044142723083,0.33488044142723083,0.33792245388031006,-0.6638680100440979,0.651519238948822,-0.1435631960630417
1.7393453121185303,-0.7719326019287109,4.790994167327881,0.06348896771669388,0.3174448311328888,0.3174448311328888,0.3746236562728882,-0.4504547715187073,0.6004810929298401,-0.5442150831222534
1.7943743467330933,-0.7859899401664734,4.773842811584473,0.0682356059551239,0.3411780297756195,0.3411779999732971,0.15576539933681488,-0.4219370484352112,0.8479911684989929,-0.2803875803947449
1.8058383464813232,-0.7888915538787842,4.770763397216797,0.0700920894742012,0.3504604399204254,0.3504604399204254,0.4257088601589203,-0.6052509546279907,0.5800202488899231,-0.34061676263809204
0.5560766458511353,-0.4042368233203888,4.234472751617432,0.067329041659832,0.33664512634277344,0.33664509654045105,0.0007980474038049579,-0.15226028859615326,-0.5016413331031799,0.8515703678131104
0.5643531084060669,-0.45214980840682983,4.254577159881592,0.08762189745903015,0.4381093680858612,0.438109427690506,0.10153944790363312,-0.050508107990026474,0.8076510429382324,-0.5786522626876831
0.571851909160614,-0.4992854595184326,4.275444984436035,0.08058323711156845,0.40291616320610046,0.40291616320610046,0.19707146286964417,-0.18036814033985138,0.4557998776435852,-0.8490445613861084
0.579542338848114,-0.5466126799583435,4.29612398147583,0.08248910307884216,0.4124455153942108,0.4124455153942108,0.010466116480529308,-0.2896738648414612,-0.5922052264213562,0.7518460154533386
0.5883937478065491,-0.5951005220413208,4.3156633377075195,0.07121635228395462,0.3560817241668701,0.3560817241668701,0.16354599595069885,-0.23130616545677185,0.8119864463806152,-0.5103216171264648
0.5993752479553223,-0.6457178592681885,4.3331098556518555,0.07206892967224121,0.36034461855888367,0.36034461855888367,0.2293725311756134,-0.07091294974088669,0.4461289644241333,-0.8621650338172913
0.6134560108184814,-0.6994336843490601,4.347512245178223,0.0721542239189148,0.3607710897922516,0.3607710897922516,0.1406528651714325,-0.1021827906370163,-0.7997404932975769,0.5746221542358398
0.6315941214561462,-0.757186770439148,4.35792350769043,0.0817795917391777,0.40889793634414673,0.40889790654182434,0.27366968989372253,-0.38963082432746887,0.6721749305725098,-0.5669864416122437
0.6520836353302002,-0.8133010268211365,4.36490535736084,0.0703170895576477,0.35158538818359375,0.35158538818359375,0.04626302048563957,-0.023604821413755417,0.63340824842453,-0.7720728516578674
0.6732043027877808,-0.8641684055328369,4.369133472442627,0.06688242405653,0.33441218733787537,0.334412157535553,0.14025937020778656,-0.12898804247379303,0.8705325722694397,-0.4537205994129181
0.6950114965438843,-0.9114493131637573,4.370319366455078,0.06530745327472687,0.32653725147247314,0.32653725147247314,0.20780573785305023,-0.34101489186286926,0.5686535239219666,-0.7191374897956848
0.7175611853599548,-0.956804633140564,4.368178844451904,0.08448373526334763,0.42241862416267395,0.42241865396499634,0.054918188601732254,0.07697440683841705,-0.8125081658363342,0.5752299427986145
0.7409088611602783,-1.0018948316574097,4.362424373626709,0.07311893254518509,0.36559465527534485,0.36559468507766724,0.22503021359443665,-0.4299750030040741,0.765288233757019,-0.4228673279285431
0.7651102542877197,-1.048380732536316,4.35276985168457,0.06732279807329178,0.3366139531135559,0.3366139531135559,0.12374745309352875,-0.0722571387887001,0.721367359161377,-0.6775651574134827
0.7902207970619202,-1.0979228019714355,4.338929653167725,0.08133742958307266,0.4066871106624603,0.4066871404647827,0.03997672349214554,0.18791677057743073,-0.9562352895736694,0.2206878513097763
0.8161141276359558,-1.1513786315917969,4.321035385131836,0.0736977756023407,0.3684888780117035,0.3684888482093811,0.30799102783203125,-0.2368135005235672,0.7576248645782471,-0.524466872215271
0.8409850597381592,-1.2019580602645874,4.302708148956299,0.08600286394357681,0.43001431226730347,0.4300142824649811,0.08764002472162247,0.08953860402107239,-0.8187836408615112,0.5602636933326721
0.8643799424171448,-1.248332142829895,4.283750534057617,0.08105364441871643,0.40526825189590454,0.40526825189590454,0.1649930477142334,-0.3012158274650574,0.8915117383003235,-0.29538655281066895
0.8863259553909302,-1.2912403345108032,4.262784004211426,0.07851889729499817,0.39259445667266846,0.39259451627731323,0.13031154870986938,-0.21157197654247284,0.7693546414375305,-0.5885147452354431
0.9068502187728882,-1.3314223289489746,4.238432884216309,0.06544734537601471,0.3272366225719452,0.32723671197891235,0.12795788049697876,0.16509823501110077,-0.9528217911720276,0.22022707760334015
0.9259802103042603,-1.3696177005767822,4.209320068359375,0.07008909434080124,0.3504454493522644,0.3504454791545868,0.3668261170387268,-0.3477255702018738,0.8080910444259644,-0.3025135099887848
0.9437428712844849,-1.4065656661987305,4.174067497253418,0.06565205007791519,0.328260213136673,0.32826024293899536,0.09093281626701355,0.0249002855271101,-0.8653034567832947,0.49230191111564636
0.9601655602455139,-1.4430060386657715,4.1312994956970215,0.07691466808319092,0.3845732808113098,0.3845733106136322,0.053276319056749344,-0.09634900838136673,0.9939025640487671,0.006018337327986956
0.9741815328598022,-1.4769556522369385,4.082203388214111,0.08275879174470901,0.4137939214706421,0.4137939512729645,0.2327844500541687,-0.3485907018184662,0.8296122550964355,-0.3688351511955261
0.9831163287162781,-1.5017646551132202,4.0334062576293945,0.081222303211689,0.406111478805542,0.406111478805542,0.2197282910346985,0.002764141419902444,-0.9704376459121704,0.09981299191713333
0.9879681468009949,-1.5192110538482666,3.984712839126587,0.0793379694223404,0.39668983221054077,0.39668983221054077,0.13885566592216492,-0.16475898027420044,0.9719180464744568,0.09459879249334335
0.9899743795394897,-1.5316461324691772,3.9354231357574463,0.08204497396945953,0.4102248251438141,0.4102248549461365,0.05452214926481247,0.06744004040956497,-0.961500346660614,0.260761022567749
0.9903724789619446,-1.5414210557937622,3.8848347663879395,0.07576663792133331,0.378833144903183,0.37883317470550537,0.10180260241031647,0.06863868981599808,-0.9654165506362915,-0.22999082505702972
0.9904001951217651,-1.5508877038955688,3.832247734069824,0.08156005293130875,0.40780019760131836,0.40780025720596313,0.2614326477050781,-0.12425145506858826,0.9413771629333496,-0.17327333986759186
0.991294801235199,-1.5623970031738281,3.776960849761963,0.07644882053136826,0.3822441101074219,0.3822441101074219,0.27496200799942017,-0.10100458562374115,-0.9522413611412048,0.08619958907365799
0.9942939281463623,-1.5783008337020874,3.7182729244232178,0.0763619989156723,0.3818099796772003,0.3818099796772003,0.12498141825199127,-0.22082975506782532,0.9437403678894043,0.21205666661262512
1.0741618871688843,-0.6215670108795166,4.766167163848877,0.07435736805200577,0.37178680300712585,0.37178677320480347,0.37007588148117065,-0.058161888271570206,0.10031940042972565,-0.921735942363739
1.0935317277908325,-0.6480001211166382,4.807845592498779,0.06758122891187668,0.3379061222076416,0.3379061222076416,0.15974587202072144,0.028485039249062538,0.609217643737793,-0.7762240171432495
1.1111196279525757,-0.6737451553344727,4.849528789520264,0.07806158065795898,0.39030787348747253,0.39030784368515015,0.2134588658809662,-0.31665733456611633,0.30337002873420715,-0.8730006217956543
1.1283222436904907,-0.6993414163589478,4.891213417053223,0.06692665070295334,0.3346332609653473,0.3346332609653473,0.1324259340763092,0.17534753680229187,0.3255203664302826,-0.9196483492851257
1.146536111831665,-0.7253282070159912,4.932894706726074,0.0676807388663292,0.3384036719799042,0.3384036421775818,0.2201586216688156,-0.3299790620803833,0.5499748587608337,-0.7349637150764465
1.1671578884124756,-0.7522448301315308,4.974569320678711,0.07708863168954849,0.38544318079948425,0.38544318079948425,0.3322838544845581,-0.1192702054977417,0.24007757008075714,-0.9042813777923584
1.191584587097168,-0.7806306481361389,5.016233444213867,0.07156290113925934,0.3578144311904907,0.35781440138816833,0.35143208503723145,0.00744711933657527,0.5920308232307434,-0.7252169251441956
1.221212387084961,-0.811025083065033,5.057884216308594,0.0684414729475975,0.3422073721885681,0.3422073423862457,0.2953273355960846,-0.4006340503692627,0.4039078652858734,-0.7675497531890869
1.255998969078064,-0.842751681804657,5.098066329956055,0.08054066449403763,0.40270328521728516,0.40270325541496277,0.38231006264686584,-0.0250276830047369,0.3827795088291168,-0.8406500816345215
1.2911181449890137,-0.8716488480567932,5.131735324859619,0.0786873996257782,0.393436998128891,0.393436998128891,0.2437995821237564,-0.30799564719200134,0.7191827297210693,-0.5731288194656372
1.3264108896255493,-0.8982012271881104,5.160093784332275,0.06298787146806717,0.31493934988975525,0.31493932008743286,0.40742138028144836,-0.3381842076778412,0.35976290702819824,-0.7682512402534485
1.3623056411743164,-0.923423171043396,5.185008525848389,0.08031933009624481,0.4015966057777405,0.4015965759754181,0.3284801244735718,-0.0568636991083622,0.6208802461624146,-0.7094893455505371
1.399230718612671,-0.9483290314674377,5.208348751068115,0.06335847079753876,0.3167923390865326,0.3167923092842102,0.32854822278022766,-0.5027737617492676,0.5493955612182617,-0.5808950662612915
1.4376147985458374,-0.973933219909668,5.231982231140137,0.07019826024770737,0.35099127888679504,0.35099127888679504,0.5217838883399963,-0.11873408406972885,0.3276083171367645,-0.7786633372306824
1.4778861999511719,-1.001250147819519,5.257776737213135,0.08201022446155548,0.4100510776042938,0.4100510776042938,0.25340843200683594,-0.2100171446800232,0.6781721115112305,-0.6570841073989868
1.5204732418060303,-1.0312941074371338,5.287600040435791,0.06887742131948471,0.34438714385032654,0.34438711404800415,0.4575878083705902,-0.41638827323913574,0.4246804118156433,-0.6609695553779602
1.5236934423446655,-1.0336281061172485,5.289992332458496,0.07953506708145142,0.3976753354072571,0.3976753354072571,0.21854834258556366,-0.020458098500967026,0.43620866537094116,-0.8726626038551331
0.9786071181297302,-1.4661861658096313,4.084065914154053,0.07999817281961441,0.3999907970428467,0.39999082684516907,0.02435179054737091,-0.4912111461162567,0.8682858943939209,0.0647939145565033
0.9978093504905701,-1.4829343557357788,4.038609027862549,0.06528029590845108,0.3264014422893524,0.3264014720916748,0.32101452350616455,-0.3115292191505432,0.8362551927566528,-0.3171378970146179
1.0167213678359985,-1.4994295835494995,3.9938392639160156,0.06615976989269257,0.33079883456230164,0.33079880475997925,0.16945458948612213,0.26314783096313477,-0.9341229200363159,0.17161788046360016
1.035722017288208,-1.5160019397735596,3.948859691619873,0.06777474284172058,0.3388736844062805,0.3388737142086029,0.20449234545230865,-0.47558000683784485,0.8478928208351135,0.1143869087100029
1.055190086364746,-1.5329818725585938,3.9027743339538574,0.06326370686292648,0.31631845235824585,0.316318541765213,0.07831697911024094,-0.4027683436870575,0.8164108991622925,-0.40634632110595703
1.075504183769226,-1.550700068473816,3.854685068130493,0.07263673096895218,0.36318355798721313,0.3631836175918579,0.11864089965820312,0.41716161370277405,-0.9001191258430481,-0.04106268659234047
1.0970433950424194,-1.5694866180419922,3.8036959171295166,0.06350186467170715,0.31750935316085815,0.31750935316085815,0.29640334844589233,-0.431682825088501,0.8386395573616028,-0.14992886781692505
1.1125671863555908,-1.5830265283584595,3.7669472694396973,0.06595741957426071,0.32978707551956177,0.32978710532188416,0.20182670652866364,0.38214385509490967,-0.8502146601676941,0.3006112575531006
-0.3220435678958893,0.7826535105705261,3.718055009841919,0.07247627526521683,0.3623813986778259,0.3623813986778259,0.7885497212409973,-0.5713818073272705,-0.10083906352519989,-0.20382240414619446
-0.31346622109413147,0.8045128583908081,3.7490687370300293,0.07243555784225464,0.3621777892112732,0.3621777892112732,0.9599497318267822,-0.1796758770942688,0.08962411433458328,-0.1953985095024109
-0.3048996329307556,0.8259959816932678,3.7796783447265625,0.08552057296037674,0.4276029169559479,0.4276029169559479,0.7739889621734619,-0.5648619532585144,0.2372802048921585,-0.15990670025348663
-0.2963346540927887,0.8474224805831909,3.810227394104004,0.08213399350643158,0.4106699824333191,0.4106699228286743,0.9059129953384399,-0.3851974308490753,-0.16678285598754883,-0.05592905357480049
-0.2877621054649353,0.8691126108169556,3.8410592079162598,0.08356644958257675,0.41783228516578674,0.41783228516578674,0.9321768283843994,-0.2725558280944824,0.20920893549919128,-0.1139797791838646
-0.2791729271411896,0.8913861513137817,3.872518301010132,0.06898549199104309,0.34492751955986023,0.34492748975753784,0.7825109362602234,-0.6042793393135071,0.12692376971244812,-0.08008420467376709
-0.2705579400062561,0.9145628809928894,3.904947280883789,0.07666085660457611,0.38330429792404175,0.38330426812171936,0.9153232574462891,-0.30491557717323303,-0.08456037193536758,-0.24911722540855408
-0.26190802454948425,0.9389628171920776,3.938690423965454,0.08373193442821503,0.41865965723991394,0.41865968704223633,0.7995935082435608,-0.4074106812477112,0.39337417483329773,-0.19980871677398682
-0.2532140016555786,0.964905858039856,3.974090814590454,0.08667291700839996,0.4333646297454834,0.4333646297454834,0.8308960795402527,-0.5483382940292358,-0.09292715787887573,-0.017360633239150047
-0.24428321421146393,0.9922736883163452,4.010833740234375,0.08315639942884445,0.41578206419944763,0.41578203439712524,0.934802234172821,-0.22015288472175598,0.07181210070848465,-0.2692963778972626
-0.23413576185703278,1.0184515714645386,4.044985294342041,0.07762890309095383,0.38814449310302734,0.38814452290534973,0.7789532542228699,-0.5689780116081238,0.2566573917865753,-0.06019071862101555
-0.22324185073375702,1.0432707071304321,4.0765156745910645,0.08463343232870102,0.4231671988964081,0.4231671690940857,0.8660183548927307,-0.4046940207481384,-0.22405917942523956,-0.1898222118616104
-0.21233810484409332,1.0671178102493286,4.1062493324279785,0.0752515196800232,0.37625762820243835,0.37625762820243835,0.8597725033760071,-0.32464176416397095,0.2680935561656952,-0.2890065312385559
-0.20216119289398193,1.0903797149658203,4.135011672973633,0.07754815369844437,0.3877407908439636,0.3877407908439636,0.7341381907463074,-0.6573969721794128,-0.046003494411706924,-0.16356655955314636
-0.19344767928123474,1.1134432554244995,4.163625717163086,0.07759720087051392,0.3879859745502472,0.3879859745502472,0.9647649526596069,-0.11160187423229218,0.00515699340030551,-0.23821622133255005
-0.1869342178106308,1.1366955041885376,4.192917346954346,0.07054165750741959,0.35270828008651733,0.3527083098888397,0.8224555850028992,-0.5326499342918396,0.1921750158071518,-0.05403304845094681
-0.18335741758346558,1.1605231761932373,4.223710060119629,0.06839250028133392,0.34196245670318604,0.3419624865055084,0.8773070573806763,-0.3960283398628235,-0.26836907863616943,0.03836561739444733
-0.18345388770103455,1.1853132247924805,4.256828308105469,0.08102013915777206,0.4051007330417633,0.4051007330417633,0.9420387148857117,-0.3124690651893616,0.11259104311466217,-0.04742702841758728
-0.18796025216579437,1.2114524841308594,4.293096542358398,0.08092992007732391,0.40464964509010315,0.40464961528778076,0.7241656184196472,-0.6605091691017151,-0.17303504049777985,0.09680227190256119
-0.19737058877944946,1.2365806102752686,4.329573154449463,0.08030549436807632,0.401527464389801,0.4015274941921234,0.9058749675750732,-0.10825444012880325,-0.17657551169395447,0.36944910883903503
-0.21108520030975342,1.2580024003982544,4.3624267578125,0.08303248137235641,0.41516241431236267,0.41516247391700745,0.8462113738059998,-0.5115232467651367,0.059287942945957184,0.13694941997528076
-0.22819708287715912,1.2766541242599487,4.392545223236084,0.07835765182971954,0.3917882740497589,0.3917883038520813,0.7344910502433777,-0.39539387822151184,-0.40828976035118103,0.3707912266254425
-0.24779923260211945,1.2934823036193848,4.420834064483643,0.07314014434814453,0.36570072174072266,0.36570072174072266,0.8112768530845642,-0.3072168827056885,-0.05786881223320961,0.49406367540359497
-0.2689846158027649,1.309434413909912,4.4481964111328125,0.06525268405675888,0.326263427734375,0.3262633979320526,0.7278496623039246,-0.5918342471122742,-0.21595832705497742,0.27079352736473083
-0.29084616899490356,1.3254570960998535,4.475537300109863,0.07800046354532242,0.3900023400783539,0.3900023400783539,0.814973771572113,-0.18482501804828644,-0.3826529383659363,0.3939977288246155
-0.3124769926071167,1.3424973487854004,4.503761291503906,0.07428155094385147,0.37140774726867676,0.37140777707099915,0.8404272794723511,-0.4957795739173889,0.04721716418862343,0.21367058157920837
-0.33296993374824524,1.3615021705627441,4.533771514892578,0.07343777269124985,0.36718887090682983,0.36718887090682983,0.6862331032752991,-0.485254168510437,-0.41484808921813965,0.3485880494117737
-0.35141807794570923,1.3834184408187866,4.566473484039307,0.07408646494150162,0.3704323470592499,0.3704323470592499,0.9248416423797607,-0.22894012928009033,-0.054109349846839905,0.29887548089027405
-0.36689695715904236,1.4086107015609741,4.6022047996521,0.06848030537366867,0.34240153431892395,0.34240153431892395,0.7493011355400085,-0.6485323905944824,0.0134046021848917,0.13331866264343262
-0.3788931965827942,1.4328572750091553,4.636779308319092,0.0722525343298912,0.3612626791000366,0.36126264929771423,0.8870360255241394,-0.22989997267723083,-0.37499865889549255,0.1403181105852127
-0.38800710439682007,1.4556533098220825,4.669496059417725,0.07933598011732101,0.39667990803718567,0.39667990803718567,0.9141685366630554,-0.38271230459213257,0.10304734110832214,0.08490239828824997
-0.3949682116508484,1.4776537418365479,4.700765132904053,0.07046737521886826,0.3523368537425995,0.3523368835449219,0.8300874829292297,-0.5149254202842712,-0.20150120556354523,0.07213779538869858
-0.40050604939460754,1.4995142221450806,4.7310004234313965,0.07149208337068558,0.3574604392051697,0.3574604392051697,0.9611487984657288,-0.1533474624156952,-0.0245809406042099,0.22819584608078003
-0.40535005927085876,1.5218899250030518,4.760613918304443,0.07770023494958878,0.3885011076927185,0.3885011076927185,0.8019216656684875,-0.575219452381134,0.16129745543003082,0.005231422372162342
-0.41022980213165283,1.5454362630844116,4.790018081665039,0.06716844439506531,0.33584222197532654,0.33584222197532654,0.8181586265563965,-0.43648597598075867,-0.300769567489624,0.2227870672941208
-0.4158748388290405,1.5708086490631104,4.8196258544921875,0.07045532017946243,0.35227662324905396,0.35227662324905396,0.9520074725151062,-0.2366207242012024,0.12178397923707962,0.15119870007038116
-0.4230145514011383,1.5986618995666504,4.849849224090576,0.067127525806427,0.335637629032135,0.335637629032135,0.7687218189239502,-0.6349380016326904,-0.03390220180153847,0.06907299906015396
-0.43237853050231934,1.6296520233154297,4.881100654602051,0.08124697953462601,0.40623489022254944,0.4062349200248718,0.8758825063705444,-0.3751816749572754,-0.21032437682151794,0.21870554983615875
-0.44328704476356506,1.6621733903884888,4.911454677581787,0.07927759736776352,0.3963879942893982,0.3963879644870758,0.8523247838020325,-0.4567699730396271,0.16520892083644867,0.19393210113048553
-0.4539380669593811,1.6932865381240845,4.937982559204102,0.07304827868938446,0.3652414381504059,0.36524146795272827,0.6315677762031555,-0.7245712876319885,-0.2635026276111603,0.0817616805434227
-0.46443289518356323,1.7234243154525757,4.9614996910095215,0.06750299781560898,0.3375149667263031,0.3375149667263031,0.9430818557739258,-0.29691028594970703,-0.1320204883813858,0.07079172134399414
-0.4748955965042114,1.7530583143234253,4.98286771774292,0.08260967582464218,0.4130484163761139,0.4130484163761139,0.718093752861023,-0.6914725303649902,0.031376637518405914,0.07226769626140594
-0.48545023798942566,1.7826595306396484,5.0029425621032715,0.07440619170665741,0.37203094363212585,0.37203097343444824,0.7839757204055786,-0.46356284618377686,-0.3793707489967346,0.16300107538700104
-0.49622106552124023,1.812699556350708,5.022583961486816,0.07910970598459244,0.3955485224723816,0.395548552274704,0.8559295535087585,-0.4953080415725708,0.09356758743524551,0.11532412469387054
-0.5073321461677551,1.843650221824646,5.0426506996154785,0.07639913260936737,0.3819957375526428,0.3819957375526428,0.581500768661499,-0.7758837342262268,-0.11900025606155396,0.21377621591091156
-0.5189076662063599,1.8759822845458984,5.064000606536865,0.07841537892818451,0.39207687973976135,0.39207687973976135,0.8504384756088257,-0.3381440341472626,-0.23925071954727173,0.3243024945259094
-0.5310717225074768,1.9101676940917969,5.0874924659729,0.07174336165189743,0.35871678590774536,0.35871684551239014,0.8164549469947815,-0.5390128493309021,0.1961745023727417,0.06619714200496674
-0.539288341999054,1.933422327041626,5.104184150695801,0.06385887414216995,0.31929439306259155,0.31929439306259155,0.6496870517730713,-0.6659086346626282,-0.3558623790740967,0.08851201832294464
-0.1718265563249588,1.242882251739502,4.311580657958984,0.08422406017780304,0.421120285987854,0.421120285987854,0.8416520357131958,-0.40789994597435,0.1117449477314949,-0.33578646183013916
-0.1535332351922989,1.2730029821395874,4.3295512199401855,0.06874905526638031,0.34374532103538513,0.34374529123306274,0.583528995513916,-0.7181035876274109,0.21436859667301178,-0.3128375709056854
-0.1347741037607193,1.3021117448806763,4.347970962524414,0.08027786761522293,0.40138933062553406,0.40138930082321167,0.8732755184173584,-0.45918893814086914,-0.11057783663272858,-0.1196158230304718
-0.11583902686834335,1.3308383226394653,4.366559982299805,0.06900959461927414,0.3450479507446289,0.3450479507446289,0.7169089317321777,-0.4555186927318573,0.3897106647491455,-0.3559071719646454
-0.097017802298069,1.3598123788833618,4.385039329528809,0.07888582348823547,0.39442914724349976,0.39442911744117737,0.6214346885681152,-0.7636818885803223,-0.013278801925480366,-0.17444919049739838
-0.07860027998685837,1.3896632194519043,4.403129577636719,0.0852317363023758,0.42615872621536255,0.42615869641304016,0.8577685356140137,-0.40104538202285767,0.13785140216350555,-0.2905043363571167
-0.06087629869580269,1.4210209846496582,4.42055082321167,0.07850891351699829,0.39254459738731384,0.39254459738731384,0.5460264682769775,-0.7544044256210327,0.266322523355484,-0.24859894812107086
-0.044135671108961105,1.4545148611068726,4.437023162841797,0.08304192125797272,0.4152095913887024,0.4152095913887024,0.8124291896820068,-0.5493148565292358,-0.11647474020719528,-0.15698903799057007
-0.028668247163295746,1.4907748699188232,4.452267169952393,0.07914628833532333,0.3957314193248749,0.3957314193248749,0.7336849570274353,-0.5685789585113525,0.32199451327323914,-0.18639712035655975
-0.0147638488560915,1.5304303169250488,4.466003894805908,0.07751960307359695,0.3875980079174042,0.3875980079174042,0.5064268112182617,-0.8538008332252502,0.05483216792345047,0.10746826231479645
-0.002713277004659176,1.5738005638122559,4.477966785430908,0.08558647334575653,0.4279323220252991,0.4279323220252991,0.8206396698951721,-0.5605700016021729,-0.008529688231647015,-0.1106303408741951
0.007282543927431107,1.6164216995239258,4.48816442489624,0.0694090947508812,0.34704551100730896,0.34704551100730896,0.5570430159568787,-0.7284936308860779,0.3730700612068176,-0.14077940583229065
0.015271881595253944,1.6570581197738647,4.496631622314453,0.06954444944858551,0.34772229194641113,0.34772229194641113,0.5974977612495422,-0.7661231160163879,-0.23015360534191132,0.05550786107778549
0.021339625120162964,1.6962465047836304,4.503349781036377,0.08019083738327026,0.40095415711402893,0.40095415711402893,0.794834315776825,-0.5755770206451416,0.13953085243701935,-0.13221469521522522
0.025570660829544067,1.7345242500305176,4.50830078125,0.08407168835401535,0.4203585088253021,0.4203585088253021,0.42793288826942444,-0.8939159512519836,0.13304995000362396,0.009245635941624641
0.028049878776073456,1.7724283933639526,4.5114641189575195,0.068592868745327,0.3429643511772156,0.3429643511772156,0.7280443906784058,-0.6616955399513245,-0.14540241658687592,0.1047305017709732
0.028862161561846733,1.8104959726333618,4.512822151184082,0.07655609399080276,0.3827805519104004,0.382780522108078,0.635853111743927,-0.7130818367004395,0.18959073722362518,-0.2264077514410019
0.0280923992395401,1.8492639064788818,4.512354850769043,0.08417180925607681,0.42085906863212585,0.42085906863212585,0.45125633478164673,-0.8714327812194824,-0.15580925345420837,0.11267716437578201
0.025825481861829758,1.8892695903778076,4.510044097900391,0.06578024476766586,0.32890117168426514,0.32890117168426514,0.8340893387794495,-0.5484791398048401,0.0019320830469951034,0.05883782356977463
0.022146297618746758,1.9310497045516968,4.5058698654174805,0.06487508863210678,0.3243753910064697,0.3243754208087921,0.4295148551464081,-0.892551839351654,0.013177178800106049,-0.13672809302806854
0.017139729112386703,1.9751415252685547,4.499813556671143,0.07349376380443573,0.36746883392333984,0.36746883392333984,0.5628504753112793,-0.7578379511833191,-0.2016429901123047,0.26119178533554077
0.010767706669867039,2.020383596420288,4.4918131828308105,0.0628436952829361,0.3142184913158417,0.3142184615135193,0.672777533531189,-0.7252126932144165,0.07363627105951309,-0.12654896080493927
0.0027410665061324835,2.0615644454956055,4.481812000274658,0.0686698853969574,0.34334951639175415,0.34334951639175415,0.27132588624954224,-0.950497567653656,-0.11986585706472397,0.0925680547952652
-0.006776217371225357,2.0990612506866455,4.470033168792725,0.06256969273090363,0.3128484785556793,0.3128484785556793,0.6454284191131592,-0.7052000761032104,-0.17248079180717468,0.23741410672664642
-0.017581230029463768,2.133760929107666,4.456714630126953,0.0822044089436531,0.4110220670700073,0.4110220670700073,0.45502594113349915,-0.8893421292304993,0.0007539899088442326,-0.044960007071495056
-0.029471052810549736,2.1665501594543457,4.44209623336792,0.07551141083240509,0.37755706906318665,0.37755706906318665,0.2276526689529419,-0.898818850517273,-0.27874282002449036,0.2502026855945587
-0.04224276915192604,2.198317766189575,4.426417827606201,0.07508572936058044,0.3754286766052246,0.3754286766052246,0.6735002398490906,-0.713363528251648,-0.07903876155614853,0.1768128126859665
-0.05569346621632576,2.229949951171875,4.409917831420898,0.061905622482299805,0.309528112411499,0.309528112411499,0.2687079906463623,-0.9597160220146179,0.009260364808142185,-0.08158029615879059
-0.06962022185325623,2.2623348236083984,4.392836570739746,0.06891599297523499,0.3445800840854645,0.3445800840854645,0.3674132227897644,-0.8506842255592346,-0.29208430647850037,0.2367078959941864
-0.08382011950016022,2.2963595390319824,4.375413417816162,0.06451714038848877,0.32258570194244385,0.32258570194244385,0.6247634291648865,-0.7740829586982727,-0.08605320751667023,-0.05532686412334442
-0.09809024631977081,2.332911491394043,4.357888221740723,0.07391098141670227,0.3695550560951233,0.3695550560951233,0.20111000537872314,-0.9713039994239807,-0.08337832242250443,0.09576680511236191
-0.1122276782989502,2.372878074645996,4.340499401092529,0.06820470839738846,0.3410235345363617,0.3410235643386841,0.566983699798584,-0.7559697031974792,-0.26782485842704773,0.1879071444272995
0.02516568824648857,2.0151922702789307,4.495386123657227,0.06444365531206131,0.32221829891204834,0.32221829891204834,0.5770220756530762,-0.7093712687492371,0.36817821860313416,-0.16817469894886017
0.040403980761766434,2.0512006282806396,4.492608547210693,0.06797835230827332,0.3398917615413666,0.3398917317390442,0.41479724645614624,-0.9094142913818359,-0.012659640051424503,-0.02736152894794941
0.05536947026848793,2.086564779281616,4.489880084991455,0.06737494468688965,0.33687469363212585,0.33687469363212585,0.8158131837844849,-0.5464249849319458,0.1661866456270218,-0.09083309024572372
0.07023803889751434,2.121699810028076,4.4871697425842285,0.0643339678645134,0.3216698169708252,0.3216698169708252,0.30981650948524475,-0.8595591187477112,0.2712775766849518,-0.3026222884654999
0.08518557250499725,2.1570215225219727,4.484444618225098,0.0792267695069313,0.3961338996887207,0.3961338996887207,0.6415638327598572,-0.765660285949707,-0.010213878005743027,0.045342251658439636
0.10038794577121735,2.1929452419281006,4.481673717498779,0.07769555598497391,0.38847774267196655,0.38847774267196655,0.6313727498054504,-0.6082856059074402,0.30048733949661255,-0.3755854368209839
0.1160210520029068,2.229887008666992,4.478823661804199,0.07616913318634033,0.38084569573402405,0.38084569573402405,0.3455895185470581,-0.9373080134391785,0.007102520205080509,-0.04439753666520119
0.1322607547044754,2.2682619094848633,4.475863456726074,0.0655990019440651,0.32799503207206726,0.32799506187438965,0.7548461556434631,-0.6278252601623535,0.08262535184621811,-0.17092612385749817
0.14928291738033295,2.308485984802246,4.472760200500488,0.07877184450626373,0.39385926723480225,0.39385926723480225,0.37856242060661316,-0.8339055180549622,0.34491166472435,-0.2057378888130188
0.1662980169057846,2.348693370819092,4.469658374786377,0.06415921449661255,0.3207961320877075,0.3207961320877075,0.6062808632850647,-0.7846355438232422,-0.12190907448530197,-0.043688781559467316
-0.41532447934150696,-0.9509954452514648,3.661989212036133,0.07839193195104599,0.39195966720581055,0.39195960760116577,0.35567858815193176,-0.37912431359291077,-0.14047308266162872,0.8426297307014465
-0.43484488129615784,-0.9678002595901489,3.688312530517578,0.0903509110212326,0.4517545700073242,0.4517545700073242,0.3771892786026001,-0.20579566061496735,-0.6534505486488342,0.6232004165649414
-0.4539990723133087,-0.9842699766159058,3.714411497116089,0.08075489848852158,0.4037744700908661,0.4037744104862213,0.48475730419158936,-0.012664240784943104,-0.26464247703552246,0.8335552215576172
-0.4730868637561798,-1.0006788969039917,3.7404704093933105,0.08713201433420181,0.43566006422042847,0.43566006422042847,0.42942243814468384,-0.44793450832366943,-0.48889902234077454,0.6131302714347839
-0.4924081861972809,-1.0173014402389526,3.766671657562256,0.08846523612737656,0.442326158285141,0.4423261284828186,0.17161205410957336,0.009799624793231487,-0.5155877470970154,0.8394179940223694
-0.5122628211975098,-1.034412145614624,3.793199062347412,0.0676577016711235,0.3382885158061981,0.33828848600387573,0.477813184261322,-0.26047247648239136,-0.15181086957454681,0.8251073360443115
-0.5329508781433105,-1.0522856712341309,3.8202357292175293,0.0821576789021492,0.4107883870601654,0.410788357257843,0.30332258343696594,-0.28660768270492554,-0.6087467670440674,0.6747435331344604
-0.554772138595581,-1.0711965560913086,3.8479652404785156,0.0842113271355629,0.4210566282272339,0.4210565984249115,0.3046170175075531,0.0007897328468970954,-0.3667457103729248,0.8790366649627686
-0.5780264735221863,-1.0914188623428345,3.876570463180542,0.08197776973247528,0.4098888337612152,0.4098888337612152,0.44863393902778625,-0.37350401282310486,-0.3682141900062561,0.7236301898956299
-0.6027868986129761,-1.1129846572875977,3.9060463905334473,0.07916360348463058,0.39581796526908875,0.39581793546676636,0.1623707413673401,-0.08376961946487427,-0.6953286528587341,0.6950801610946655
-0.6264966130256653,-1.1331664323806763,3.934189558029175,0.08786872774362564,0.4393436312675476,0.4393436014652252,0.4436093270778656,-0.08320093899965286,-0.16761107742786407,0.8764672875404358
-0.6487314105033875,-1.1516437530517578,3.960548162460327,0.0789034515619278,0.3945172429084778,0.3945172429084778,0.3417416512966156,-0.47041672468185425,-0.5370446443557739,0.6111495494842529
-0.669967532157898,-1.1690750122070312,3.98541522026062,0.068117156624794,0.3405857980251312,0.34058576822280884,0.2992818057537079,-0.026291880756616592,-0.5059428215026855,0.8085548877716064
-0.6906808018684387,-1.1861181259155273,4.009085178375244,0.08771753311157227,0.43858766555786133,0.43858760595321655,0.380318820476532,-0.3556453287601471,-0.16056066751480103,0.8385071754455566
-0.7113474607467651,-1.2034310102462769,4.031850814819336,0.08528318256139755,0.42641592025756836,0.42641592025756836,0.2743161618709564,-0.3152911365032196,-0.6551120281219482,0.6294206976890564
-0.7324433922767639,-1.2216718196868896,4.054006099700928,0.0885363519191742,0.44268175959587097,0.44268175959587097,0.2748715877532959,0.011276712641119957,-0.3961186408996582,0.8760185241699219
-0.7544448375701904,-1.2414984703063965,4.075844764709473,0.0810777023434639,0.4053885042667389,0.4053884744644165,0.35759052634239197,-0.41493088006973267,-0.3823193907737732,0.7441728711128235
-0.7778277397155762,-1.2635692358016968,4.097660541534424,0.0821903645992279,0.4109518229961395,0.4109518527984619,0.2973564863204956,-0.11890726536512375,-0.6830086708068848,0.6564596891403198
-0.8030680418014526,-1.2885420322418213,4.119746208190918,0.08847706019878387,0.44238531589508057,0.4423852860927582,0.40514063835144043,-0.14927589893341064,-0.3317238986492157,0.8387711048126221
-0.829260528087616,-1.3160206079483032,4.141827583312988,0.0861133486032486,0.4305667281150818,0.4305667281150818,0.2390737235546112,-0.45713168382644653,-0.6438974142074585,0.5650401711463928
-0.8526704907417297,-1.3430826663970947,4.162254333496094,0.0720314010977745,0.36015698313713074,0.36015698313713074,0.16665223240852356,0.014303945936262608,-0.589723527431488,0.7900939583778381
-0.8738672137260437,-1.3696825504302979,4.180908203125,0.06767623126506805,0.3383811414241791,0.3383811414241791,0.3828834295272827,-0.3581409752368927,-0.32097816467285156,0.7887384295463562
-0.8937578797340393,-1.3960187435150146,4.1978044509887695,0.06939376145601273,0.34696879982948303,0.34696879982948303,0.2208990901708603,-0.15460830926895142,-0.7887324094772339,0.5524500012397766
-0.9132494330406189,-1.422289252281189,4.212956428527832,0.06962382793426514,0.3481191098690033,0.3481191098690033,0.28984495997428894,0.0007086981786414981,-0.3740130066871643,0.8809674382209778
-0.9332488179206848,-1.448691964149475,4.226379871368408,0.07700565457344055,0.38502827286720276,0.38502827286720276,0.3916153609752655,-0.35239920020103455,-0.6701741814613342,0.522799015045166
-0.9546631574630737,-1.4754252433776855,4.238086700439453,0.08290057629346848,0.414502888917923,0.414502888917923,0.07890146970748901,-0.08144053816795349,-0.6702576279640198,0.7334144115447998
-0.9783994555473328,-1.5026872158050537,4.248093605041504,0.06619777530431747,0.33098891377449036,0.33098888397216797,0.28921979665756226,-0.34864747524261475,-0.45550766587257385,0.7663612961769104
-1.0053647756576538,-1.5306761264801025,4.256412506103516,0.0739724189043045,0.36986207962036133,0.36986207962036133,0.311783105134964,-0.26588717103004456,-0.7870396375656128,0.4611549377441406
-1.0364657640457153,-1.5595897436141968,4.263059616088867,0.06430292129516602,0.3215146064758301,0.3215146064758301,0.17889052629470825,-0.11705690622329712,-0.558168351650238,0.8017131090164185
-1.0694029331207275,-1.5871402025222778,4.268178462982178,0.0792103260755539,0.3960516154766083,0.3960516154766083,0.4626782536506653,-0.392767995595932,-0.6337051391601562,0.47966647148132324
-1.1015045642852783,-1.6114473342895508,4.271728038787842,0.06507963687181473,0.32539814710617065,0.32539817690849304,0.13698691129684448,-0.21654613316059113,-0.7942007780075073,0.5509877800941467
-1.132980465888977,-1.6332067251205444,4.273451328277588,0.06467723846435547,0.32338619232177734,0.32338619232177734,0.39102956652641296,-0.35102736949920654,-0.41273248195648193,0.7439942955970764
-1.164041519165039,-1.6531134843826294,4.273092746734619,0.06415031105279922,0.32075151801109314,0.3207515478134155,0.2356191724538803,-0.5989515781402588,-0.6891940832138062,0.3327944576740265
-1.1948978900909424,-1.6718634366989136,4.270394802093506,0.06664694845676422,0.3332346975803375,0.3332347273826599,0.1477215588092804,-0.14163419604301453,-0.7757744789123535,0.596902072429657
-1.2257599830627441,-1.6901514530181885,4.265100479125977,0.08333250880241394,0.4166625440120697,0.4166625142097473,0.4077252745628357,-0.5466947555541992,-0.4918028712272644,0.5413084030151367
-1.256838083267212,-1.7086730003356934,4.256954193115234,0.0774240642786026,0.3871203064918518,0.3871203064918518,0.19746585190296173,-0.39262211322784424,-0.8514032959938049,0.2862997055053711
-1.2883425951004028,-1.728123664855957,4.245697975158691,0.08123251050710678,0.4061625897884369,0.4061625599861145,0.26097163558006287,-0.24155549705028534,-0.6671810150146484,0.6545335650444031
-1.320483922958374,-1.74919855594635,4.231075763702393,0.06979133188724518,0.3489566445350647,0.3489566445350647,0.3003104627132416,-0.5355822443962097,-0.7346103191375732,0.2886399030685425
-1.3531042337417603,-1.7722364664077759,4.212935447692871,0.07410087436437607,0.37050431966781616,0.37050437927246094,0.02888348326086998,-0.35220563411712646,-0.8524975776672363,0.3851815462112427
-1.3821088075637817,-1.7935187816619873,4.192437648773193,0.06532122939825058,0.3266060948371887,0.3266060948371887,0.2721902132034302,-0.4500575661659241,-0.6769694089889526,0.5148525238037109
-1.4070501327514648,-1.812350869178772,4.170111179351807,0.08087445050477982,0.4043721556663513,0.4043722450733185,0.1771506816148758,-0.40955039858818054,-0.8928132653236389,0.061405252665281296
-1.4288791418075562,-1.8293342590332031,4.146133899688721,0.07849240303039551,0.39246198534965515,0.39246198534965515,0.082224041223526,0.3315195143222809,0.8114051222801208,-0.4742950201034546
-1.4485459327697754,-1.8450703620910645,4.120682716369629,0.07772906869649887,0.3886452913284302,0.38864532113075256,0.24650906026363373,-0.5530276298522949,-0.7432959079742432,0.284437894821167
-1.4670010805130005,-1.8601610660552979,4.093935012817383,0.06775827705860138,0.3387914001941681,0.3387914001941681,0.02900412306189537,0.43899786472320557,0.8974865674972534,-0.03094455972313881
-1.485195517539978,-1.8752071857452393,4.066069602966309,0.06479252129793167,0.32396259903907776,0.32396259903907776,0.05276038125157356,-0.2702256441116333,-0.8097295761108398,0.5182011723518372
-1.5040794610977173,-1.8908109664916992,4.037263870239258,0.07435383647680283,0.37176916003227234,0.37176913022994995,0.28045564889907837,-0.5728256702423096,-0.7646141648292542,0.0926312580704689
-1.5246036052703857,-1.9075732231140137,4.007693767547607,0.08244186639785767,0.41220927238464355,0.41220933198928833,0.13223600387573242,0.3414596915245056,0.9164701104164124,-0.16124969720840454
-1.5477186441421509,-1.926095724105835,3.9775390625,0.06950820982456207,0.34754109382629395,0.34754109382629395,0.30064141750335693,-0.3198418915271759,-0.7972791790962219,0.4143209159374237
-1.555834174156189,-1.9325058460235596,3.967775821685791,0.07325070351362228,0.36625349521636963,0.366253525018692,0.12345976382493973,-0.3849969804286957,-0.9120004773139954,-0.0692109614610672
-1.0363014936447144,-1.559633493423462,4.263088703155518,0.07437155395746231,0.37185779213905334,0.37185776233673096,0.06226960942149162,-0.038633570075035095,0.5853425860404968,-0.8074676394462585
-1.048071265220642,-1.5941529273986816,4.274223327636719,0.06529346853494644,0.3264673352241516,0.3264673352241516,0.18063732981681824,-0.3056143522262573,-0.5431352257728577,0.7609034776687622
-1.0596884489059448,-1.6276626586914062,4.287661075592041,0.07130803167819977,0.35654014348983765,0.35654008388519287,0.0630854070186615,-0.02101559191942215,-0.8152645230293274,0.5752584934234619
-1.0712177753448486,-1.6605923175811768,4.30242395401001,0.07427694648504257,0.37138476967811584,0.37138473987579346,0.08421166241168976,-0.020886126905679703,-0.42925843596458435,0.8990046381950378
-1.0827244520187378,-1.6933706998825073,4.317531108856201,0.0717780664563179,0.3588903248310089,0.3588903248310089,0.18376299738883972,-0.2656475007534027,-0.6528245210647583,0.6851881146430969
-1.0942730903625488,-1.7264275550842285,4.332003116607666,0.07223730534315109,0.3611864745616913,0.3611864745616913,0.049466751515865326,-0.13085919618606567,0.7189003229141235,-0.6808900237083435
-1.105928659439087,-1.760191798210144,4.344860553741455,0.06354918330907822,0.3177458941936493,0.3177458643913269,0.14853714406490326,-0.20697657763957977,-0.41360902786254883,0.8740852475166321
-1.1177561283111572,-1.7950928211212158,4.355123519897461,0.0653984397649765,0.3269922137260437,0.3269922137260437,0.12259528040885925,-0.22733110189437866,-0.8166772127151489,0.5160710215568542
-1.129820466041565,-1.8315597772598267,4.361812591552734,0.06938786059617996,0.34693923592567444,0.34693920612335205,0.09785561263561249,-0.13154937326908112,0.6448664665222168,-0.746502697467804
-1.1421864032745361,-1.8700220584869385,4.363948822021484,0.06481713801622391,0.32408568263053894,0.32408568263053894,0.15787260234355927,-0.2884078919887543,-0.6671183109283447,0.6684685945510864
-1.1549187898635864,-1.910908579826355,4.360550403594971,0.0826663002371788,0.41333135962486267,0.41333144903182983,0.019143206998705864,0.14290566742420197,0.9173850417137146,-0.3709665536880493
-1.1670325994491577,-1.9511053562164307,4.351668357849121,0.06386779993772507,0.31933897733688354,0.31933894753456116,0.02986103855073452,0.06694643199443817,-0.6756014823913574,0.7336137890815735
-1.1773960590362549,-1.9867379665374756,4.33864688873291,0.06463875621557236,0.3231937289237976,0.32319375872612,0.15831832587718964,-0.27105677127838135,-0.8684717416763306,0.3836930990219116
-1.1863555908203125,-2.018761396408081,4.322083950042725,0.06330715119838715,0.3165358006954193,0.3165357708930969,0.14041097462177277,0.07722021639347076,0.9324415922164917,-0.32384341955184937
-1.1942644119262695,-2.0481507778167725,4.3025736808776855,0.07894682884216309,0.39473408460617065,0.39473408460617065,0.05392012372612953,-0.19082780182361603,-0.7978835105895996,0.5692620873451233
-1.2014751434326172,-2.0758821964263916,4.280709266662598,0.06610219925642014,0.3305109441280365,0.3305109739303589,0.14812281727790833,-0.16455374658107758,-0.9636613130569458,0.14946119487285614
-1.2083408832550049,-2.1029305458068848,4.257084846496582,0.07382988184690475,0.369149386882782,0.369149386882782,0.1427374929189682,0.0843835175037384,0.9211786985397339,-0.35204440355300903
-1.215214729309082,-2.130272150039673,4.23229455947876,0.06305478513240814,0.3152739107608795,0.3152739405632019,0.2768445312976837,-0.24094796180725098,-0.8017910718917847,0.47162729501724243
-1.2224496603012085,-2.1588821411132812,4.206932067871094,0.08045344799757004,0.4022671580314636,0.4022672176361084,0.014068834483623505,0.07056023180484772,0.9963221549987793,-0.04653577879071236
-1.230398416519165,-2.1897363662719727,4.181591033935547,0.06700150668621063,0.3350074887275696,0.33500751852989197,0.07370119541883469,0.049469999969005585,0.8185381889343262,-0.5675526857376099
-1.2394142150878906,-2.2238099575042725,4.15686559677124,0.07355061918497086,0.3677530884742737,0.3677530884742737,0.3235887587070465,-0.21773983538150787,-0.8896881937980652,0.23734910786151886
-1.2408702373504639,-2.2292211055755615,4.153271198272705,0.08270896226167679,0.4135446846485138,0.41354474425315857,0.13743525743484497,-4.410494875628501e-05,0.9359480738639832,-0.3242109417915344
-1.3448230028152466,-1.7712806463241577,4.20881986618042,0.0693235844373703,0.3466178774833679,0.3466179072856903,0.19936978816986084,-0.13134369254112244,-0.9141775965690613,0.32753607630729675
-1.3527987003326416,-1.791367530822754,4.178234577178955,0.0760297030210495,0.3801484704017639,0.3801485300064087,0.034596044570207596,-0.10285767167806625,-0.9940931797027588,-0.0014907161239534616
-1.360610842704773,-1.8110426664352417,4.1482744216918945,0.08288713544607162,0.41443565487861633,0.4144357144832611,0.04940498620271683,0.15744447708129883,0.9200401306152344,-0.35538214445114136
-1.3683340549468994,-1.830493450164795,4.118657112121582,0.08405796438455582,0.4202898442745209,0.4202898442745209,0.2120094895362854,-0.37179625034332275,-0.8910303115844727,0.15127608180046082
-1.376042366027832,-1.8499072790145874,4.089095592498779,0.06857793033123016,0.34288960695266724,0.342889666557312,0.1611989140510559,0.06706009805202484,0.9841793179512024,-0.030146939679980278
-1.3838105201721191,-1.8694711923599243,4.059305191040039,0.0770600363612175,0.3853001594543457,0.3853001594543457,0.040114689618349075,-0.25603437423706055,-0.8596810102462769,0.44021108746528625
-1.3917126655578613,-1.8893725872039795,4.0290021896362305,0.08305651694536209,0.41528260707855225,0.41528263688087463,0.23098206520080566,-0.1568308174610138,-0.9562550187110901,-0.08733699470758438
-1.3998229503631592,-1.909798502922058,3.997899055480957,0.07253613322973251,0.3626806437969208,0.3626806437969208,0.2221117466688156,0.09782792627811432,0.9252896904945374,-0.29143625497817993
-1.4082159996032715,-1.930936336517334,3.965712547302246,0.06548488140106201,0.32742440700531006,0.32742440700531006,0.2747977077960968,-0.3352586328983307,-0.8318734765052795,0.34651756286621094
-1.4169659614562988,-1.9529732465744019,3.932156562805176,0.07553984969854355,0.3776992857456207,0.3776992857456207,0.028918074443936348,0.25224003195762634,0.9672322273254395,0.0006664352840743959
-1.4261473417282104,-1.9760966300964355,3.896947145462036,0.0753214880824089,0.37660738825798035,0.37660738825798035,0.15372700989246368,0.16979791224002838,0.8936892151832581,-0.3858188986778259
-1.4288158416748047,-1.9828171730041504,3.8867135047912598,0.07422758638858795,0.37113791704177856,0.37113791704177856,0.3580103814601898,-0.19382716715335846,-0.9022146463394165,0.1423669010400772
-1.1789944171905518,-1.938915491104126,4.351426601409912,0.07480117678642273,0.37400588393211365,0.37400591373443604,0.07664930075407028,0.28058508038520813,0.8726722002029419,-0.39222460985183716
-1.2033518552780151,-1.9652230739593506,4.342329978942871,0.06914841383695602,0.34574204683303833,0.34574204683303833,0.15121230483055115,-0.2959767282009125,-0.6152833700180054,0.7148140072822571
-1.227337121963501,-1.9911285638809204,4.333372592926025,0.07607764005661011,0.38038814067840576,0.3803882300853729,0.30673229694366455,-0.46235349774360657,-0.7724964022636414,0.30885884165763855
-1.2511674165725708,-2.01686692237854,4.3244733810424805,0.0697355791926384,0.3486778736114502,0.34867793321609497,0.1235242709517479,0.20409691333770752,0.8383737206459045,-0.4901180565357208
-1.275059700012207,-2.0426719188690186,4.315550804138184,0.07349646091461182,0.3674822747707367,0.3674822747707367,0.19920526444911957,-0.3740134537220001,-0.6442591547966003,0.6366798877716064
-1.2992315292358398,-2.0687789916992188,4.30652379989624,0.07169944047927856,0.3584972023963928,0.3584972023963928,0.22361622750759125,-0.393132746219635,-0.8324271440505981,0.3201678991317749
-1.3238999843597412,-2.0954225063323975,4.297311305999756,0.06870347261428833,0.34351733326911926,0.34351733326911926,0.04238366335630417,0.1997203826904297,0.7769890427589417,-0.5954859256744385
-1.3492825031280518,-2.1228370666503906,4.287832260131836,0.06938939541578293,0.3469470143318176,0.3469470143318176,0.31967365741729736,-0.37122923135757446,-0.6837705373764038,0.5407914519309998
-1.375596046447754,-2.1512575149536133,4.278005599975586,0.06945504248142242,0.3472751975059509,0.34727516770362854,0.1032189354300499,-0.2597269117832184,-0.9311869144439697,0.2340484857559204
-1.4030579328536987,-2.180917978286743,4.267749786376953,0.07591994851827621,0.3795996904373169,0.3795997202396393,0.279313862323761,-0.09329920262098312,-0.6592707633972168,0.6918388605117798
-1.4318854808807373,-2.2120535373687744,4.256984233856201,0.07019738107919693,0.35098689794540405,0.35098692774772644,0.2326859086751938,-0.5592216849327087,-0.7253589034080505,0.3270823359489441
0.7929591536521912,0.2950038015842438,3.9865827560424805,0.08655565232038498,0.4327782392501831,0.4327782094478607,0.8631295561790466,-0.4251258373260498,-0.11788304895162582,-0.2457212507724762
0.8000825047492981,0.3074318766593933,4.017123222351074,0.08497791737318039,0.42488956451416016,0.42488959431648254,0.9167413115501404,-0.14865270256996155,0.13518524169921875,-0.3452720046043396
0.8070651292800903,0.3197992742061615,4.047178745269775,0.08860369771718979,0.44301849603652954,0.44301852583885193,0.8223567605018616,-0.525294303894043,0.18051643669605255,-0.1233251616358757
0.8139920234680176,0.33214271068573,4.077043056488037,0.08091680705547333,0.40458405017852783,0.40458402037620544,0.9118257164955139,-0.17586524784564972,-0.19151563942432404,-0.31775322556495667
0.8209485411643982,0.344498872756958,4.107008934020996,0.09009566903114319,0.45047834515571594,0.45047834515571594,0.8802552223205566,-0.26853618025779724,0.2847241163253784,-0.2682744860649109
0.8280197381973267,0.3569044768810272,4.1373701095581055,0.07407298684120178,0.3703649640083313,0.3703649640083313,0.850787878036499,-0.45127642154693604,-0.06638418138027191,-0.26096487045288086
0.8352909088134766,0.3693961501121521,4.168420791625977,0.09078045934438705,0.4539022743701935,0.4539022743701935,0.9308763146400452,0.022120241075754166,0.11305714398622513,-0.3466958701610565
0.8428471088409424,0.38201069831848145,4.200453758239746,0.07894600182771683,0.3947300314903259,0.3947300314903259,0.8218626379966736,-0.49079379439353943,0.24903938174247742,-0.14711447060108185
0.8507734537124634,0.39478474855422974,4.233762741088867,0.07899139076471329,0.3949569761753082,0.39495694637298584,0.87783282995224,-0.22142338752746582,-0.25120726227760315,-0.34245601296424866
0.8591552376747131,0.4077550172805786,4.268641471862793,0.08490800112485886,0.4245399832725525,0.4245399832725525,0.8401935696601868,-0.18328092992305756,0.3555445075035095,-0.36615702509880066
0.8680765628814697,0.4209553301334381,4.305379867553711,0.07436089962720871,0.37180447578430176,0.37180447578430176,0.8526420593261719,-0.4927169382572174,-0.026379169896245003,-0.17185954749584198
0.8769270181655884,0.4326587915420532,4.342007637023926,0.08473630994558334,0.4236815571784973,0.4236815273761749,0.9664400815963745,0.04562395438551903,-0.05539697781205177,-0.2466641068458557
0.885234534740448,0.441875696182251,4.376891136169434,0.07000729441642761,0.3500364422798157,0.3500364422798157,0.8296024203300476,-0.26330068707466125,0.415110319852829,-0.2647942006587982
0.893137514591217,0.44933587312698364,4.410335063934326,0.08681278675794601,0.43406397104263306,0.43406397104263306,0.8386744856834412,-0.4353330433368683,-0.11295803636312485,-0.3071657717227936
0.9007741212844849,0.45576924085617065,4.442645072937012,0.07380135357379913,0.3690067529678345,0.36900678277015686,0.86632239818573,0.0157009307295084,0.10970485210418701,-0.4870357811450958
0.9082826972007751,0.46190565824508667,4.474127292633057,0.0798344537615776,0.39917227625846863,0.399172306060791,0.8059154152870178,-0.410692423582077,0.26654765009880066,-0.33284297585487366
0.9158017039299011,0.46847501397132874,4.505086898803711,0.08349897712469101,0.41749486327171326,0.41749486327171326,0.8693407773971558,-0.19381214678287506,-0.15110363066196442,-0.42877867817878723
0.9234693050384521,0.4762071371078491,4.53582763671875,0.08517645299434662,0.4258822500705719,0.4258822500705719,0.8311989903450012,-0.1377861499786377,0.3583356738090515,-0.4021427631378174
0.9314237833023071,0.4858318865299225,4.566656589508057,0.07628143578767776,0.3814071714878082,0.3814071714878082,0.7918348908424377,-0.49695494771003723,-0.08103685081005096,-0.34563902020454407
0.9398035407066345,0.49807918071746826,4.5978779792785645,0.07154382020235062,0.3577190935611725,0.3577190935611725,0.9000519514083862,-0.15409569442272186,0.10492076724767685,-0.3938943147659302
0.9487468600273132,0.5136789083480835,4.62979793548584,0.08016251027584076,0.4008125364780426,0.4008125364780426,0.7833867073059082,-0.5418525338172913,0.1480947881937027,-0.2660246789455414
0.9583821296691895,0.5333490371704102,4.662701606750488,0.0663413405418396,0.331706702709198,0.331706702709198,0.9254564046859741,-0.21489755809307098,-0.15856119990348816,-0.2687152326107025
0.9671914577484131,0.5555822253227234,4.693603515625,0.07970385253429413,0.39851927757263184,0.39851927757263184,0.838621973991394,-0.4307992458343506,0.28921523690223694,-0.16577035188674927
0.9743643403053284,0.5788495540618896,4.720682144165039,0.06715531647205353,0.33577659726142883,0.33577659726142883,0.7920518517494202,-0.5996756553649902,-0.11420562863349915,0.00026866895495913923
0.980414628982544,0.6030224561691284,4.744658946990967,0.0853298157453537,0.4266490638256073,0.4266490638256073,0.936758816242218,-0.23595616221427917,0.07527179270982742,-0.2472686916589737
0.9858556389808655,0.6279728412628174,4.766251564025879,0.0854305550456047,0.4271527826786041,0.42715275287628174,0.6716397404670715,-0.7145264148712158,0.18993128836154938,-0.0477294847369194
0.991200864315033,0.653572142124176,4.786177635192871,0.07826299965381622,0.3913150131702423,0.3913150131702423,0.8663211464881897,-0.4489784240722656,-0.18336820602416992,-0.1195080503821373
0.9969639182090759,0.679692268371582,4.805158615112305,0.08659534156322479,0.43297669291496277,0.43297669291496277,0.8299607038497925,-0.4662034213542938,0.2956404685974121,-0.0801023468375206
1.0036582946777344,0.7062045931816101,4.823911666870117,0.06937182694673538,0.34685906767845154,0.34685906767845154,0.7236078381538391,-0.685835063457489,0.0008706741500645876,-0.07759620994329453
1.0117976665496826,0.7329808473587036,4.8431549072265625,0.07952442765235901,0.39762213826179504,0.39762213826179504,0.9092421531677246,-0.3289911150932312,-0.009782280772924423,-0.25484880805015564
1.021895408630371,0.7598927021026611,4.863608360290527,0.08071282505989075,0.40356412529945374,0.40356409549713135,0.7324812412261963,-0.6018306016921997,0.3022160232067108,-0.09968259185552597
1.034464955329895,0.7868118286132812,4.885989665985107,0.07754699140787125,0.3877350091934204,0.387734979391098,0.8066028356552124,-0.5699228048324585,-0.0983237475156784,-0.12211606651544571
1.049997091293335,0.8135831952095032,4.910982608795166,0.08316747844219208,0.4158373773097992,0.4158373773097992,0.8979763388633728,-0.19141307473182678,0.2895747125148773,-0.27045515179634094
1.0670006275177002,0.8380588293075562,4.936230659484863,0.08295326679944992,0.4147663712501526,0.4147663712501526,0.5730758905410767,-0.7353055477142334,0.22239543497562408,-0.285394549369812
1.084390640258789,0.8594346046447754,4.960107326507568,0.08168531954288483,0.40842658281326294,0.40842658281326294,0.8737282752990723,-0.36152195930480957,-0.012607289478182793,-0.32517972588539124
1.1022393703460693,0.8784052729606628,4.98280143737793,0.08147330582141876,0.407366544008255,0.4073665142059326,0.6560146808624268,-0.4090508818626404,0.4739590287208557,-0.4215269684791565
1.120619773864746,0.8956658244132996,5.004504680633545,0.06850847601890564,0.3425423800945282,0.3425423800945282,0.7723824381828308,-0.6053676605224609,0.10120747983455658,-0.16343934834003448
1.1396042108535767,0.9119112491607666,5.02540397644043,0.08047579228878021,0.40237897634506226,0.40237897634506226,0.894258439540863,-0.2695842683315277,0.18712951242923737,-0.3043169677257538
1.1592655181884766,0.9278365969657898,5.04569149017334,0.06873489916324615,0.34367454051971436,0.34367454051971436,0.5508699417114258,-0.562778890132904,0.4498017132282257,-0.4213082492351532
1.1796765327453613,0.9441368579864502,5.065556049346924,0.07884135097265244,0.3942067325115204,0.3942067623138428,0.8186421990394592,-0.5290862321853638,0.06515201181173325,-0.21365368366241455
1.200909972190857,0.9615070223808289,5.0851874351501465,0.08513785898685455,0.4256892204284668,0.4256892800331116,0.8184100985527039,-0.30778390169143677,0.32409027218818665,-0.36116403341293335
1.2230381965637207,0.9806419610977173,5.104774475097656,0.06546218693256378,0.3273110091686249,0.3273110091686249,0.5790437459945679,-0.6874191164970398,0.40223994851112366,-0.17425915598869324
1.2461342811584473,1.0022367238998413,5.124507904052734,0.07297500967979431,0.36487504839897156,0.36487501859664917,0.802364706993103,-0.5007948875427246,0.015245232731103897,-0.3243192136287689
1.2702332735061646,1.0269198417663574,5.144530773162842,0.0663624182343483,0.3318120837211609,0.3318120837211609,0.6608613729476929,-0.4867073595523834,0.3563026189804077,-0.44657212495803833
1.2936491966247559,1.0520753860473633,5.162829875946045,0.06907572597265244,0.3453786373138428,0.34537866711616516,0.6826882362365723,-0.7090148329734802,0.12945127487182617,-0.12032107263803482
1.315683126449585,1.0762577056884766,5.178598403930664,0.06566884368658066,0.32834428548812866,0.3283442556858063,0.8843942880630493,-0.32225313782691956,0.1578691005706787,-0.29845762252807617
1.3366689682006836,1.0997496843338013,5.192315101623535,0.0731358602643013,0.3656793236732483,0.3656792938709259,0.5899689793586731,-0.6088184714317322,0.48635628819465637,-0.21150459349155426
1.3569412231445312,1.1228340864181519,5.204455375671387,0.06943397223949432,0.3471698462963104,0.3471698760986328,0.6867212653160095,-0.713452160358429,-0.050120268017053604,-0.12995319068431854
1.3768339157104492,1.1457937955856323,5.215497016906738,0.06625557690858841,0.33127787709236145,0.33127784729003906,0.7867759466171265,-0.3420222997665405,0.33478298783302307,-0.38977521657943726
1.3966814279556274,1.1689118146896362,5.225918292999268,0.0721009224653244,0.3605046272277832,0.3605046272277832,0.5079209804534912,-0.7847188115119934,0.29039254784584045,-0.20470663905143738
1.4168180227279663,1.192470908164978,5.236194610595703,0.06250306218862534,0.3125153183937073,0.3125153183937073,0.8065442442893982,-0.5411922335624695,0.047311458736658096,-0.23315006494522095
1.4375779628753662,1.2167538404464722,5.246804237365723,0.08187101781368256,0.409355103969574,0.409355103969574,0.5918658375740051,-0.5005519390106201,0.5102489590644836,-0.3725433945655823
1.4592955112457275,1.2420436143875122,5.258224964141846,0.081391341984272,0.4069567620754242,0.4069567322731018,0.635835587978363,-0.7498215436935425,0.16488496959209442,-0.07933337241411209
1.4823048114776611,1.2686229944229126,5.270933151245117,0.07555804401636124,0.377790242433548,0.37779027223587036,0.8485745787620544,-0.4406289756298065,0.18953841924667358,-0.2232542783021927
1.501800537109375,1.2909294366836548,5.2823076248168945,0.0814243033528328,0.40712153911590576,0.40712153911590576,0.6104854345321655,-0.5904690623283386,0.4675370752811432,-0.24507731199264526
0.9585052728652954,0.5310697555541992,4.6626362800598145,0.07135730981826782,0.3567865490913391,0.3567865490913391,0.4961361587047577,-0.3766781687736511,0.19953462481498718,-0.7564049363136292
0.9696463942527771,0.5240790247917175,4.694557189941406,0.08006136119365692,0.4003068506717682,0.4003067910671234,0.38433900475502014,0.061650585383176804,0.13329114019870758,-0.9114363193511963
0.9803991913795471,0.5163554549217224,4.725738048553467,0.07639029622077942,0.3819514513015747,0.3819514214992523,0.3607315421104431,-0.21741598844528198,0.5028423070907593,-0.7548196315765381
0.9909070134162903,0.5081698298454285,4.756451606750488,0.08543284982442856,0.4271642565727234,0.427164226770401,0.4198674261569977,-0.2127196490764618,0.07446188479661942,-0.8791570067405701
1.0013134479522705,0.49979302287101746,4.786971092224121,0.06611862033605576,0.330593079328537,0.330593079328537,0.3220846652984619,0.09484133869409561,0.3937152028083801,-0.8557189702987671
1.0117621421813965,0.4914959669113159,4.817572593688965,0.0812518298625946,0.40625911951065063,0.40625908970832825,0.3628776967525482,-0.3708621859550476,0.28262630105018616,-0.8067858219146729
1.0223966836929321,0.48354941606521606,4.848527908325195,0.06621754914522171,0.33108773827552795,0.3310876786708832,0.5346022844314575,-0.003219729056581855,0.12118732929229736,-0.8363633751869202
1.0333607196807861,0.4762243926525116,4.880111217498779,0.06850451976060867,0.34252262115478516,0.34252259135246277,0.42744240164756775,-0.11374637484550476,0.4466807544231415,-0.7777088284492493
1.0447975397109985,0.46979159116744995,4.912596225738525,0.06964851170778275,0.3482425808906555,0.34824252128601074,0.4828416705131531,-0.3072507381439209,0.08411768078804016,-0.8157114386558533
1.0568509101867676,0.4645220637321472,4.9462571144104,0.07352540642023087,0.36762699484825134,0.36762699484825134,0.5220744609832764,0.16818121075630188,0.2704273760318756,-0.7912157773971558
1.069664478302002,0.46068650484085083,4.981367111206055,0.06790583580732346,0.3395291864871979,0.33952921628952026,0.4768020212650299,-0.44084420800209045,0.33980458974838257,-0.6803301572799683
1.0833814144134521,0.45855581760406494,5.018200397491455,0.07050216943025589,0.35251083970069885,0.35251083970069885,0.7199147343635559,-0.07390900701284409,-0.03568227216601372,-0.6891930103302002
1.0977094173431396,0.4584474563598633,5.055637836456299,0.0765552893280983,0.3827764093875885,0.3827764391899109,0.5909836888313293,-0.1471930295228958,0.4283716380596161,-0.667510449886322
1.1115831136703491,0.46045228838920593,5.09035062789917,0.06772199273109436,0.3386099636554718,0.3386099636554718,0.7406168580055237,-0.39105960726737976,0.03355081379413605,-0.5453745722770691
1.125020146369934,0.4642372727394104,5.12272310256958,0.06408646702766418,0.3204323351383209,0.3204323351383209,0.731084942817688,0.03334462270140648,0.2019844651222229,-0.6508495807647705
1.1381019353866577,0.4694541096687317,5.1533522605896,0.08471991121768951,0.42359963059425354,0.42359957098960876,0.7088186740875244,-0.4408625364303589,0.2545073926448822,-0.48830559849739075
1.15091073513031,0.47575464844703674,5.182834148406982,0.08464020490646362,0.4232010245323181,0.4232010245323181,0.870719850063324,-0.18818123638629913,-0.050125740468502045,-0.45157739520072937
1.163528323173523,0.48279064893722534,5.211766719818115,0.06506295502185822,0.32531479001045227,0.3253147602081299,0.746717095375061,-0.18799526989459991,0.39459773898124695,-0.501362144947052
1.1760368347167969,0.49021393060684204,5.240746974945068,0.07899221032857895,0.39496105909347534,0.39496108889579773,0.7276595234870911,-0.4736674427986145,0.005818718578666449,-0.4961017370223999
1.1885180473327637,0.4976762533187866,5.270371913909912,0.07031811028718948,0.3515905439853668,0.3515905439853668,0.9046657085418701,-0.05039050057530403,0.1396224945783615,-0.3994324207305908
1.2010540962219238,0.504829466342926,5.301238059997559,0.08138338476419449,0.40691688656806946,0.40691685676574707,0.6858323812484741,-0.37735819816589355,0.28398844599723816,-0.5537015199661255
1.2137268781661987,0.5113252997398376,5.333942890167236,0.07708525657653809,0.3854263424873352,0.3854263126850128,0.80068039894104,-0.22767846286296844,-0.12208303064107895,-0.5405266880989075
1.2266182899475098,0.5168156027793884,5.369083404541016,0.0761551707983017,0.3807758092880249,0.3807758390903473,0.7643922567367554,-0.05133126676082611,0.36977672576904297,-0.5256755352020264
1.239685297012329,0.5209954380989075,5.40685510635376,0.0706324353814125,0.35316216945648193,0.35316216945648193,0.76987224817276,-0.41489169001579285,0.1610862910747528,-0.4573978781700134
1.2516562938690186,0.5241519808769226,5.4433064460754395,0.08041185885667801,0.4020592272281647,0.4020592272281647,0.8458792567253113,-0.020854778587818146,-0.09830198436975479,-0.523822546005249
1.2623740434646606,0.5265218615531921,5.477677822113037,0.07379359751939774,0.36896800994873047,0.36896800994873047,0.6626332402229309,-0.11774277687072754,0.42303386330604553,-0.6067093014717102
1.2720866203308105,0.5282378792762756,5.510467052459717,0.0839623510837555,0.4198117256164551,0.4198117256164551,0.6283089518547058,-0.3880622684955597,-0.03667758032679558,-0.6732683777809143
1.2810419797897339,0.529433012008667,5.542172431945801,0.06522156298160553,0.32610780000686646,0.32610777020454407,0.6468931436538696,0.12662091851234436,0.20729920268058777,-0.7228578925132751
1.2894883155822754,0.5302401185035706,5.573291778564453,0.0830649733543396,0.4153248965740204,0.4153248965740204,0.6761951446533203,-0.428640753030777,0.31599122285842896,-0.5090940594673157
1.297673225402832,0.530792236328125,5.604323863983154,0.07032892107963562,0.3516446053981781,0.3516445457935333,0.6838775277137756,-0.09738652408123016,-0.14039210975170135,-0.7093077301979065
1.3058446645736694,0.5312221050262451,5.63576602935791,0.07492469251155853,0.37462347745895386,0.37462347745895386,0.7502935528755188,-0.012011943385004997,0.3664805293083191,-0.550097644329071
1.3142508268356323,0.5316628217697144,5.668117523193359,0.07178384810686111,0.35891926288604736,0.35891926288604736,0.752999484539032,-0.34254559874534607,0.15692465007305145,-0.539470911026001
1.3231396675109863,0.5322471857070923,5.701875686645508,0.07912293821573257,0.39561471343040466,0.3956146538257599,0.786878228187561,-0.026978956535458565,-0.04220733046531677,-0.6150718331336975
1.332758903503418,0.5331081748008728,5.737539291381836,0.08065451681613922,0.4032725989818573,0.4032725691795349,0.5828491449356079,-0.1453462541103363,0.41007480025291443,-0.6862943768501282
1.343356728553772,0.534378707408905,5.775606155395508,0.07217586785554886,0.3608793020248413,0.3608793318271637,0.7480378746986389,-0.35381439328193665,-0.03754134476184845,-0.5602189898490906
-0.8731313943862915,0.6049566864967346,3.7688136100769043,0.08258421719074249,0.41292110085487366,0.4129210412502289,0.5823408961296082,-0.24137578904628754,0.006986342370510101,0.7762525677680969
-0.8828864693641663,0.6011938452720642,3.7867116928100586,0.0699886903166771,0.3499433994293213,0.3499433994293213,0.4547424614429474,-0.31546536087989807,-0.44835788011550903,0.7019017934799194
-0.8924723863601685,0.5974066257476807,3.8043856620788574,0.08308403193950653,0.41542017459869385,0.41542014479637146,0.5252758860588074,0.12132219225168228,-0.22673067450523376,0.8111469745635986
-0.9019320011138916,0.5936014652252197,3.8218929767608643,0.06928878277540207,0.34644392132759094,0.34644389152526855,0.5355718731880188,-0.45277321338653564,-0.13740964233875275,0.6994839310646057
-0.9113084673881531,0.5897843241691589,3.839289903640747,0.08702857047319412,0.4351428747177124,0.4351428747177124,0.44653645157814026,-0.145402729511261,-0.4559626877307892,0.756016731262207
-0.9206447601318359,0.5859614014625549,3.8566339015960693,0.08212551474571228,0.410627543926239,0.410627543926239,0.6210809946060181,-0.11791083961725235,-0.12915073335170746,0.7639865875244141
-0.929983913898468,0.5821388959884644,3.8739817142486572,0.08318745344877243,0.415937215089798,0.415937215089798,0.5111989378929138,-0.3612116873264313,-0.39870235323905945,0.6702523827552795
-0.9393689632415771,0.5783229470252991,3.891390085220337,0.08396187424659729,0.41980934143066406,0.4198093116283417,0.37799808382987976,0.09523725509643555,-0.35568761825561523,0.8494313955307007
-0.9488429427146912,0.5745198130607605,3.9089162349700928,0.08080674707889557,0.40403372049331665,0.40403369069099426,0.4979478418827057,-0.32210925221443176,0.028732338920235634,0.8046540021896362
-0.9584488868713379,0.570735514163971,3.926616907119751,0.07109376043081284,0.3554688096046448,0.3554687798023224,0.48438939452171326,-0.29628852009773254,-0.5602700114250183,0.603056788444519
-0.9682297706604004,0.5669763684272766,3.944549083709717,0.09017684310674667,0.45088422298431396,0.45088422298431396,0.44459784030914307,0.04643215239048004,-0.1783818155527115,0.8765596151351929
-0.9782288074493408,0.5632483959197998,3.9627695083618164,0.0822656974196434,0.41132843494415283,0.4113284647464752,0.631500244140625,-0.4105818271636963,-0.20890778303146362,0.6236886382102966
-0.988489031791687,0.5595579147338867,3.9813356399536133,0.08338042348623276,0.416902095079422,0.416902095079422,0.5563592314720154,0.00477198138833046,-0.5006386637687683,0.6631760597229004
-0.9990531206130981,0.5559110045433044,4.000304222106934,0.07841972261667252,0.39209863543510437,0.39209863543510437,0.5267196893692017,-0.22040453553199768,0.05608565732836723,0.8190497756004333
-1.0099644660949707,0.5523138642311096,4.019731521606445,0.08450283110141754,0.4225141406059265,0.4225141406059265,0.4036270081996918,-0.4627288579940796,-0.46433326601982117,0.6382490396499634
-1.021265983581543,0.5487725734710693,4.039675235748291,0.08853751420974731,0.4426875710487366,0.4426875710487366,0.47179070115089417,-0.02407201938331127,-0.3280900716781616,0.8180409669876099
-1.0330008268356323,0.5452934503555298,4.060192108154297,0.0809679701924324,0.4048398435115814,0.4048398435115814,0.609721839427948,-0.3595627248287201,-0.035274893045425415,0.7054854035377502
-1.0451897382736206,0.5418869256973267,4.081305027008057,0.06960757076740265,0.34803783893585205,0.34803783893585205,0.374968945980072,-0.30528679490089417,-0.5326613783836365,0.6946007013320923
-1.0571534633636475,0.5386964678764343,4.101955890655518,0.07265890389680862,0.3632945120334625,0.3632945120334625,0.6473769545555115,0.006156712304800749,-0.18273834884166718,0.7399134635925293
-1.0686094760894775,0.5357708930969238,4.121705055236816,0.07416410744190216,0.3708205223083496,0.3708204925060272,0.5550069212913513,-0.4503944218158722,-0.2289029061794281,0.660844624042511
-1.0796328783035278,0.5330856442451477,4.140665531158447,0.0852324441075325,0.4261622130870819,0.4261622130870819,0.5147733092308044,-0.022602351382374763,-0.5138844847679138,0.6858718991279602
-1.0902984142303467,0.5306161046028137,4.158949851989746,0.08867423236370087,0.4433712065219879,0.4433712065219879,0.621787428855896,-0.21849821507930756,-0.09807715564966202,0.7456673383712769
-1.1006808280944824,0.5283377766609192,4.176671504974365,0.07326523959636688,0.36632615327835083,0.3663261830806732,0.5688196420669556,-0.3815092444419861,-0.4934956431388855,0.5360569357872009
-1.1108554601669312,0.5262260437011719,4.193942070007324,0.07529266923666,0.3764633536338806,0.37646329402923584,0.5759629011154175,0.010729492641985416,-0.22684945166110992,0.7852967381477356
-1.120896816253662,0.5242564082145691,4.210875988006592,0.06970252096652985,0.3485126495361328,0.3485126197338104,0.5193943381309509,-0.4687519371509552,-0.07347295433282852,0.7107058763504028
-1.1308798789978027,0.5224042534828186,4.227584362030029,0.07539480179548264,0.3769739866256714,0.3769739866256714,0.4919545352458954,-0.20168927311897278,-0.5599938631057739,0.6353810429573059
-1.1408796310424805,0.520645022392273,4.2441816329956055,0.08118230104446411,0.40591150522232056,0.40591147541999817,0.6280096769332886,-0.05995403602719307,-0.0700281485915184,0.7727259397506714
-1.1509709358215332,0.5189540982246399,4.26077938079834,0.08594734221696854,0.4297367036342621,0.4297367334365845,0.5092482566833496,-0.537500262260437,-0.26768937706947327,0.6165242195129395
-1.1612286567687988,0.5173069834709167,4.277491569519043,0.0712277740240097,0.35613882541656494,0.35613882541656494,0.4495711922645569,-0.0761360451579094,-0.45903289318084717,0.7624813914299011
-1.1717277765274048,0.515679121017456,4.294430255889893,0.06973998248577118,0.3486998975276947,0.3486998975276947,0.6732604503631592,-0.19700513780117035,0.02516092173755169,0.7122332453727722
-1.1825430393218994,0.5140458345413208,4.311707973480225,0.07102461904287338,0.3551231026649475,0.3551230728626251,0.5886685848236084,-0.38260409235954285,-0.4399324953556061,0.5599489212036133
-1.1937494277954102,0.5123827457427979,4.329439163208008,0.08546535670757294,0.4273267686367035,0.4273267686367035,0.6380100250244141,0.053123924881219864,-0.23932163417339325,0.7299631237983704
-1.2054219245910645,0.5106651186943054,4.347734451293945,0.08176615089178085,0.4088307321071625,0.40883076190948486,0.5879517197608948,-0.5149223208427429,-0.09758440405130386,0.6161534190177917
-1.2176353931427002,0.5088684558868408,4.366708755493164,0.08275355398654938,0.4137677550315857,0.4137677252292633,0.5481295585632324,-0.1971888542175293,-0.45157933235168457,0.6758303046226501
-1.2304646968841553,0.5069681406021118,4.386473655700684,0.08000974357128143,0.4000486731529236,0.40004873275756836,0.6908928751945496,-0.12263403832912445,-0.03103211149573326,0.7118039727210999
-1.2438842058181763,0.504942774772644,4.406974792480469,0.06544501334428787,0.32722508907318115,0.32722505927085876,0.4490853250026703,-0.47689032554626465,-0.33232200145721436,0.6785721182823181
-1.2570335865020752,0.5028148889541626,4.426779270172119,0.06644277274608612,0.3322138786315918,0.3322138786315918,0.5333540439605713,-0.026552824303507805,-0.4280482232570648,0.7291111946105957
-1.2697488069534302,0.5006185173988342,4.445633888244629,0.07769656181335449,0.3884827494621277,0.3884827792644501,0.6123045086860657,-0.3031940162181854,-0.10335215926170349,0.7228242754936218
-1.2820907831192017,0.4983842968940735,4.463663578033447,0.08344574272632599,0.41722869873046875,0.41722872853279114,0.44490277767181396,-0.40379154682159424,-0.5373591184616089,0.591826856136322
-1.2941210269927979,0.49614283442497253,4.480993270874023,0.07782956957817078,0.38914790749549866,0.38914787769317627,0.5018536448478699,0.027541426941752434,-0.2540423274040222,0.8263455033302307
-1.3059003353118896,0.49392473697662354,4.497749328613281,0.06983698159456253,0.34918487071990967,0.34918487071990967,0.5832537412643433,-0.3961826264858246,-0.17258000373840332,0.6878013014793396
-1.3174903392791748,0.4917604327201843,4.514055252075195,0.08702266216278076,0.4351132810115814,0.4351132810115814,0.5389391779899597,-0.21306179463863373,-0.5338561534881592,0.6157490611076355
-1.3289518356323242,0.4896806478500366,4.530037879943848,0.08132675290107727,0.40663373470306396,0.40663373470306396,0.6554009914398193,-0.10430453717708588,-0.07239934056997299,0.7445323467254639
-1.340346097946167,0.48771578073501587,4.545820236206055,0.07021322846412659,0.3510661721229553,0.35106614232063293,0.5801941156387329,-0.5170742869377136,-0.41346365213394165,0.4744015336036682
-1.3517343997955322,0.4858965277671814,4.56152868270874,0.07469499111175537,0.37347498536109924,0.37347495555877686,0.5150643587112427,-0.08340562880039215,-0.36136817932128906,0.7727646827697754
-1.3631778955459595,0.484253466129303,4.5772881507873535,0.06935460865497589,0.34677305817604065,0.34677305817604065,0.5633811354637146,-0.36025598645210266,-0.023154232650995255,0.7431562542915344
-1.3747376203536987,0.48281699419021606,4.593223571777344,0.07658981531858444,0.3829490840435028,0.3829490542411804,0.40291669964790344,-0.4613015949726105,-0.49898234009742737,0.6130868792533875
-1.3864749670028687,0.48161780834198,4.609459400177002,0.07173875719308853,0.35869380831718445,0.3586937487125397,0.5631397366523743,-0.021019887179136276,-0.30221959948539734,0.7688271403312683
-1.3984510898590088,0.4806864261627197,4.626121520996094,0.0740077793598175,0.37003886699676514,0.37003886699676514,0.6573028564453125,-0.4472838044166565,-0.07118362188339233,0.6023479700088501
-1.4107270240783691,0.48005348443984985,4.643335342407227,0.0756973996758461,0.3784869909286499,0.3784869909286499,0.6072030663490295,-0.220685675740242,-0.5495876669883728,0.5296750664710999
-1.4233640432357788,0.4797494411468506,4.661224842071533,0.06531506776809692,0.32657530903816223,0.32657530903816223,0.714270293712616,-0.17455410957336426,-0.11068330705165863,0.6686538457870483
-1.4364233016967773,0.4798049330711365,4.679915904998779,0.06883751600980759,0.34418758749961853,0.34418752789497375,0.5464303493499756,-0.5004411935806274,-0.30659589171409607,0.5974708199501038
-1.4499659538269043,0.4802505075931549,4.699532985687256,0.08609621971845627,0.43048107624053955,0.43048104643821716,0.5088810920715332,-0.04491893947124481,-0.4474540650844574,0.7340348958969116
-1.463781476020813,0.4811188280582428,4.71984338760376,0.06940647214651108,0.347032368183136,0.3470323383808136,0.6802418828010559,-0.272386759519577,-0.020841162651777267,0.6801780462265015
-1.47683584690094,0.48241928219795227,4.739487171173096,0.07268540561199188,0.3634270429611206,0.3634270131587982,0.6035832762718201,-0.46751081943511963,-0.3952611982822418,0.5107734203338623
-1.489121913909912,0.4841150641441345,4.758397102355957,0.0798020139336586,0.3990100920200348,0.3990100920200348,0.7246918082237244,-0.0572720468044281,-0.26686859130859375,0.6327106952667236
-1.5007555484771729,0.4861666262149811,4.776665687561035,0.08089227974414825,0.40446141362190247,0.4044613838195801,0.7339645028114319,-0.5070943236351013,-0.014730378054082394,0.4515911042690277
-1.5118513107299805,0.4885343015193939,4.794384002685547,0.07529981434345245,0.3764990270137787,0.3764990270137787,0.6439946293830872,-0.23657886683940887,-0.4874451756477356,0.5400912165641785
-1.5225253105163574,0.4911784827709198,4.811644554138184,0.0844237208366394,0.42211857438087463,0.42211854457855225,0.738146185874939,-0.14114943146705627,-0.007631067652255297,0.6596656441688538
-1.5328922271728516,0.49405962228775024,4.828537940979004,0.06931784749031067,0.34658920764923096,0.34658923745155334,0.6639660596847534,-0.5664941072463989,-0.2380383461713791,0.42611178755760193
-1.5430675745010376,0.4971380829811096,4.845156669616699,0.07072801887989044,0.3536401391029358,0.3536401093006134,0.7615441679954529,-0.12104691565036774,-0.3441307246685028,0.5356978178024292
-1.5531671047210693,0.5003743171691895,4.861592769622803,0.07857287675142288,0.3928643763065338,0.3928643763065338,0.7690415978431702,-0.3801306486129761,0.03406396508216858,0.5127527117729187
-1.563305377960205,0.5037286281585693,4.8779377937316895,0.0740971565246582,0.37048575282096863,0.370485782623291,0.6071960926055908,-0.415737509727478,-0.38683292269706726,0.5557296276092529
-1.5735982656478882,0.5071614980697632,4.894284248352051,0.06725301593542099,0.33626508712768555,0.33626502752304077,0.8486607074737549,-0.036715660244226456,-0.1565951555967331,0.503889799118042
-1.5841608047485352,0.5106332302093506,4.910722255706787,0.08326567709445953,0.41632840037345886,0.41632840037345886,0.7019228935241699,-0.5427939891815186,-0.14633668959140778,0.4373380243778229
-1.5951083898544312,0.5141043066978455,4.927344799041748,0.06307763606309891,0.31538817286491394,0.31538817286491394,0.7489108443260193,-0.17190712690353394,-0.4114145338535309,0.4902229905128479
-1.6065562963485718,0.5175351500511169,4.944243431091309,0.07286474853754044,0.36432379484176636,0.36432379484176636,0.7308552861213684,-0.3135175108909607,0.021645642817020416,0.6058785319328308
-1.6186199188232422,0.5208861231803894,4.961509704589844,0.07804852724075317,0.3902426064014435,0.39024263620376587,0.6375706791877747,-0.4869822859764099,-0.4220602214336395,0.4221576154232025
-1.6314144134521484,0.5241175889968872,4.979235649108887,0.06314781308174133,0.31573909521102905,0.31573909521102905,0.7826948761940002,0.006692144554108381,-0.21641582250595093,0.5835307836532593
-1.6450554132461548,0.5271899700164795,4.997513771057129,0.06995585560798645,0.34977924823760986,0.34977924823760986,0.664799690246582,-0.5291673541069031,-0.11660856753587723,0.5142234563827515
-1.6596579551696777,0.5300636291503906,5.016434669494629,0.06446175277233124,0.3223087787628174,0.322308748960495,0.5670617818832397,-0.23926304280757904,-0.5362077355384827,0.5776463747024536
-1.6748286485671997,0.5327066779136658,5.035472869873047,0.06464465707540512,0.3232232630252838,0.3232232630252838,0.6588795185089111,-0.250343382358551,-0.12378017604351044,0.6984872817993164
-1.6896053552627563,0.5351288318634033,5.053466320037842,0.06337252259254456,0.3168626129627228,0.3168626129627228,0.6602503657341003,-0.4853340685367584,-0.29819709062576294,0.4894883334636688
-1.7040201425552368,0.5373533368110657,5.070499897003174,0.07521429657936096,0.3760714828968048,0.3760714828968048,0.600222647190094,-0.07232628762722015,-0.4579649865627289,0.6517435908317566
-1.7181369066238403,0.5394032001495361,5.086700439453125,0.07437717169523239,0.37188583612442017,0.37188583612442017,0.7585195302963257,-0.3945328891277313,0.014301965944468975,0.5184471011161804
-1.7320189476013184,0.5413015484809875,5.1021904945373535,0.07088947296142578,0.3544473946094513,0.3544473648071289,0.4713502526283264,-0.47890642285346985,-0.48008474707603455,0.5639115571975708
-1.745729923248291,0.543071448802948,5.117095947265625,0.0836528092622757,0.41826409101486206,0.4182640612125397,0.6778198480606079,-0.11739562451839447,-0.2734367847442627,0.6723175644874573
-1.7593334913253784,0.5447359681129456,5.131542205810547,0.07085838913917542,0.3542918860912323,0.3542918860912323,0.6386196613311768,-0.549669623374939,-0.11796142905950546,0.5254648327827454
-1.7728930711746216,0.5463182926177979,5.145653247833252,0.06891604512929916,0.34458020329475403,0.34458020329475403,0.498885840177536,-0.3545079827308655,-0.4714880585670471,0.6349299550056458
-1.786472201347351,0.5478413701057434,5.1595540046691895,0.07659578323364258,0.3829789161682129,0.3829789161682129,0.7260369658470154,-0.1550358235836029,-0.14167417585849762,0.6547996997833252
-1.800134539604187,0.5493283271789551,5.173370361328125,0.0645928755402565,0.3229643702507019,0.3229643702507019,0.6465693116188049,-0.5596977472305298,-0.3347150385379791,0.3957933783531189
-1.81394362449646,0.5508022904396057,5.187226295471191,0.08291734009981155,0.4145866930484772,0.4145866930484772,0.6740606427192688,-0.06704366207122803,-0.45695140957832336,0.5764917135238647
-1.8279632329940796,0.5522862672805786,5.20124626159668,0.06669316440820694,0.3334658145904541,0.3334658145904541,0.7250182032585144,-0.4602028727531433,-0.11505381762981415,0.49932408332824707
-1.842256784439087,0.5538034439086914,5.2155561447143555,0.06990216672420502,0.3495108485221863,0.34951087832450867,0.521713376045227,-0.35219359397888184,-0.5963661670684814,0.4981187880039215
-1.8568875789642334,0.5553767681121826,5.230279922485352,0.06594570726156235,0.3297285735607147,0.32972854375839233,0.7859888076782227,-0.21939590573310852,-0.20998002588748932,0.5385121703147888
-1.871919870376587,0.5570294857025146,5.245543479919434,0.07931266725063324,0.396563321352005,0.3965633809566498,0.5572065711021423,-0.5582200288772583,-0.33062824606895447,0.5182626843452454
-1.8874164819717407,0.558784544467926,5.261470794677734,0.07847095280885696,0.39235472679138184,0.39235469698905945,0.6620216965675354,-0.05617609992623329,-0.46501073241233826,0.5850952863693237
-1.9034414291381836,0.5606650710105896,5.278187274932861,0.0810517966747284,0.4052589237689972,0.4052589535713196,0.6672927737236023,-0.454129159450531,0.012192667461931705,0.5902019739151001
-1.9200581312179565,0.5626941323280334,5.2958173751831055,0.0629454255104065,0.31472715735435486,0.31472715735435486,0.48486822843551636,-0.47428566217422485,-0.5274909138679504,0.5115752220153809
0.34688684344291687,-0.8864855766296387,3.9135890007019043,0.0893963947892189,0.4469819962978363,0.44698190689086914,0.528414785861969,-0.183146134018898,0.06374403834342957,-0.8265421986579895
0.3658943176269531,-0.8958893418312073,3.9459593296051025,0.0823492705821991,0.4117463529109955,0.4117463529109955,0.30296000838279724,-0.09122798591852188,0.503267228603363,-0.8041236400604248
0.38402920961380005,-0.9053388833999634,3.978410482406616,0.07795138657093048,0.3897569477558136,0.3897569179534912,0.570533275604248,-0.44889897108078003,0.20691581070423126,-0.6558714509010315
0.40222644805908203,-0.9147851467132568,4.0108561515808105,0.08447200059890747,0.42235997319221497,0.4223599433898926,0.5912538170814514,0.07671540230512619,0.15240271389484406,-0.7882303595542908
0.4214209020137787,-0.9241791367530823,4.043208599090576,0.06995271891355515,0.34976354241371155,0.34976351261138916,0.34859976172447205,-0.2575088441371918,0.4996497631072998,-0.750011682510376
0.44254744052886963,-0.9334718585014343,4.075381278991699,0.07308156043291092,0.3654077649116516,0.3654077351093292,0.5462517738342285,-0.31152230501174927,0.15369287133216858,-0.7621951103210449
0.466541051864624,-0.9426143765449524,4.10728645324707,0.08338290452957153,0.4169144928455353,0.4169144928455353,0.461154580116272,-0.0451483279466629,0.4576108157634735,-0.7588744163513184
0.4943365752696991,-0.9515576362609863,4.138836860656738,0.07585491985082626,0.3792746365070343,0.3792746067047119,0.5187060236930847,-0.5043013691902161,0.43800854682922363,-0.5336409211158752
0.5267286896705627,-0.9601925611495972,4.169869899749756,0.06744003295898438,0.33720019459724426,0.3372001647949219,0.6361901760101318,-0.22401931881904602,0.2457457035779953,-0.6961942315101624
0.5599344968795776,-0.9667072892189026,4.1979169845581055,0.06785383820533752,0.33926913142204285,0.33926916122436523,0.33722984790802,-0.2755788564682007,0.6254210472106934,-0.6474417448043823
0.5923047065734863,-0.9709111452102661,4.222278594970703,0.0684126764535904,0.34206342697143555,0.34206339716911316,0.5454369783401489,-0.5196363925933838,0.232948437333107,-0.6149890422821045
0.6243918538093567,-0.9736725687980652,4.243560791015625,0.08873388916254044,0.4436694383621216,0.4436694085597992,0.5061045289039612,-0.1392499804496765,0.46271634101867676,-0.7143957614898682
0.6567487716674805,-0.9758599996566772,4.262369155883789,0.08660078048706055,0.43300390243530273,0.43300390243530273,0.45467036962509155,-0.5772141218185425,0.5105953812599182,-0.4465321898460388
0.6899281144142151,-0.9783419966697693,4.279311180114746,0.07327820360660553,0.36639097332954407,0.36639100313186646,0.6593782305717468,-0.35948511958122253,0.32587841153144836,-0.5742769837379456
0.7244826555252075,-0.9819871187210083,4.294992923736572,0.08708447217941284,0.43542230129241943,0.43542230129241943,0.39686161279678345,-0.21459084749221802,0.6818349361419678,-0.5758061408996582
0.7609651684761047,-0.987663745880127,4.310020446777344,0.08317689597606659,0.4158845543861389,0.4158845543861389,0.48125213384628296,-0.668357253074646,0.42086613178253174,-0.3802192509174347
0.7999282479286194,-0.9962403774261475,4.325000762939453,0.0726417750120163,0.36320891976356506,0.36320891976356506,0.5123388171195984,-0.194937601685524,0.35137102007865906,-0.7589773535728455
0.8413722515106201,-1.0081866979599,4.3402934074401855,0.072611503303051,0.3630574643611908,0.3630574941635132,0.31051895022392273,-0.3663494288921356,0.7532979249954224,-0.44934210181236267
0.8807955980300903,-1.0205587148666382,4.354032516479492,0.06575791537761688,0.3287895619869232,0.3287895619869232,0.506966233253479,-0.5397779941558838,0.33566731214523315,-0.5821961760520935
0.9176691174507141,-1.0329684019088745,4.365716457366943,0.07561822980642319,0.37809112668037415,0.37809109687805176,0.23282165825366974,-0.19242317974567413,0.5966114401817322,-0.7435201406478882
0.9527169466018677,-1.0459024906158447,4.375360488891602,0.07504100352525711,0.37520501017570496,0.37520501017570496,0.45314958691596985,-0.46755117177963257,0.635735034942627,-0.4145989716053009
0.9866631031036377,-1.0598478317260742,4.3829827308654785,0.07396261394023895,0.36981305480003357,0.36981305480003357,0.5334208607673645,-0.30295395851135254,0.33607640862464905,-0.7146563529968262
1.0202317237854004,-1.0752906799316406,4.388599395751953,0.06988537311553955,0.34942683577537537,0.34942689538002014,0.08122818171977997,-0.2979111671447754,0.7882447242736816,-0.5322792530059814
1.0541470050811768,-1.0927176475524902,4.392228126525879,0.07848280668258667,0.39241403341293335,0.39241403341293335,0.4252264201641083,-0.5865982174873352,0.4840165972709656,-0.49072694778442383
1.0891330242156982,-1.1126155853271484,4.393884181976318,0.08148934692144394,0.4074467420578003,0.4074467420578003,0.1682834029197693,-0.13649512827396393,0.622589647769928,-0.751952052116394
1.1259139776229858,-1.135470986366272,4.393586158752441,0.07607227563858032,0.3803613781929016,0.380361407995224,0.20161718130111694,-0.5431997776031494,0.730940580368042,-0.360569566488266
1.163818120956421,-1.1611207723617554,4.3916473388671875,0.06699947267770767,0.3349973261356354,0.33499735593795776,0.30968376994132996,-0.36633267998695374,0.5379951596260071,-0.6931504607200623
1.1978909969329834,-1.1871734857559204,4.389058589935303,0.06849589943885803,0.3424794673919678,0.3424794673919678,0.11618752032518387,-0.2640245854854584,0.834174633026123,-0.4700469970703125
1.2283709049224854,-1.2133560180664062,4.385404586791992,0.0856485366821289,0.42824262380599976,0.42824265360832214,0.42502498626708984,-0.4987093210220337,0.6328480839729309,-0.4124876856803894
1.2561213970184326,-1.2396708726882935,4.380121231079102,0.07371871918439865,0.3685935139656067,0.3685935139656067,0.08370967209339142,-0.1206454262137413,0.6511659622192383,-0.7445939779281616
1.2820051908493042,-1.2661205530166626,4.372645854949951,0.07481426745653152,0.37407130002975464,0.374071329832077,0.0839676484465599,-0.46336278319358826,0.8250938653945923,-0.3121930956840515
1.3068852424621582,-1.2927076816558838,4.362414836883545,0.08073233813047409,0.40366172790527344,0.40366172790527344,0.328384667634964,-0.29922646284103394,0.6773912310600281,-0.5863174200057983
1.3316245079040527,-1.3194347620010376,4.348864555358887,0.07105696946382523,0.35528475046157837,0.35528481006622314,0.03508339449763298,-0.18601471185684204,0.8919698596000671,-0.4105575680732727
1.3570860624313354,-1.3463042974472046,4.3314313888549805,0.08223612606525421,0.41118064522743225,0.41118061542510986,0.26756545901298523,-0.540105402469635,0.7626704573631287,-0.234581857919693
1.384132742881775,-1.3733187913894653,4.309552192687988,0.0715721845626831,0.35786083340644836,0.35786089301109314,0.2142026424407959,-0.19676409661769867,0.8158631920814514,-0.49976831674575806
1.4110630750656128,-1.398900032043457,4.283907890319824,0.07540904730558395,0.377045214176178,0.377045214176178,0.024427063763141632,-0.23890875279903412,0.9578460454940796,-0.1576608270406723
1.4335511922836304,-1.420316219329834,4.256824016571045,0.0762467309832573,0.3812335729598999,0.38123366236686707,0.29449841380119324,-0.49139365553855896,0.7876912951469421,-0.22659525275230408
1.4524842500686646,-1.4384396076202393,4.228405475616455,0.06437826156616211,0.32189127802848816,0.32189133763313293,0.009484931826591492,0.2821047008037567,-0.8863325119018555,0.36707183718681335
1.468910574913025,-1.454247236251831,4.198684215545654,0.07967623323202133,0.39838114380836487,0.39838117361068726,0.039836350828409195,-0.4792829751968384,0.8764729499816895,-0.02227172814309597
1.4838788509368896,-1.4687163829803467,4.167690753936768,0.062366072088479996,0.3118303716182709,0.3118303418159485,0.25921472907066345,-0.3882944583892822,0.7757990956306458,-0.4244653880596161
1.4984378814697266,-1.4828240871429443,4.135456085205078,0.07801461219787598,0.3900730311870575,0.3900730609893799,0.16879893839359283,0.3085830509662628,-0.9304705262184143,0.10250885039567947
1.5136362314224243,-1.49754798412323,4.102012634277344,0.08104754984378815,0.40523770451545715,0.40523776412010193,0.289919376373291,-0.4710977375507355,0.8327966928482056,-0.021525664255023003
1.530522108078003,-1.5138648748397827,4.067391395568848,0.07051803171634674,0.3525901436805725,0.3525901734828949,0.025679852813482285,-0.32479220628738403,0.8703829050064087,-0.3691668212413788
1.5501443147659302,-1.532752275466919,4.031623363494873,0.07962807267904282,0.3981403708457947,0.3981403708457947,0.02269364334642887,-0.35686448216438293,0.9327291250228882,-0.04635854437947273
0.5207394957542419,-0.9626398086547852,4.1705498695373535,0.06893032789230347,0.34465163946151733,0.34465163946151733,0.026002001017332077,-0.213345468044281,0.15228885412216187,-0.964684247970581
0.5243322849273682,-0.9826410412788391,4.203914642333984,0.07460780441761017,0.37303900718688965,0.37303897738456726,0.11906487494707108,0.29524028301239014,0.3951948583126068,-0.861671507358551
0.5274483561515808,-1.0020419359207153,4.236629009246826,0.07637549191713333,0.38187745213508606,0.38187745213508606,0.06949517875909805,-0.24196752905845642,0.5061752796173096,-0.82486891746521
0.5303739309310913,-1.021202802658081,4.269083023071289,0.08691446483135223,0.4345723092556,0.4345723092556,0.05603845790028572,0.015590423718094826,0.1463596671819687,-0.9875198602676392
0.5333952903747559,-1.0404844284057617,4.301668167114258,0.08069650828838348,0.4034825563430786,0.4034825563430786,0.09753067046403885,0.09000848233699799,0.5200530886650085,-0.8437600135803223
0.5367984175682068,-1.0602468252182007,4.334774494171143,0.07487620413303375,0.37438106536865234,0.3743809461593628,0.2057233452796936,-0.2663029730319977,0.32403719425201416,-0.884172260761261
0.5408695936203003,-1.080850601196289,4.368793487548828,0.06849366426467896,0.3424683213233948,0.34246835112571716,0.0875551700592041,0.185700461268425,0.18050390481948853,-0.9619084000587463
0.545894980430603,-1.1026561260223389,4.404116153717041,0.08134367316961288,0.40671834349632263,0.40671834349632263,0.05299355089664459,-0.09097830951213837,0.5848432779312134,-0.8042841553688049
0.5521607995033264,-1.1260240077972412,4.441133499145508,0.06793049722909927,0.33965247869491577,0.33965247869491577,0.08385402709245682,-0.14670106768608093,0.21292075514793396,-0.962347149848938
0.5597797632217407,-1.1504647731781006,4.479077339172363,0.06888600438833237,0.34442996978759766,0.34442999958992004,0.018082525581121445,0.09322096407413483,0.4836721420288086,-0.8700828552246094
0.5681390166282654,-1.1730265617370605,4.513861656188965,0.08524741232395172,0.426237016916275,0.42623698711395264,0.3132655918598175,-0.3582128584384918,0.41320550441741943,-0.7764080166816711
0.5770065784454346,-1.194022297859192,4.545907020568848,0.0750836655497551,0.3754183351993561,0.3754182755947113,0.08135780692100525,0.028233006596565247,0.23275551199913025,-0.9687149524688721
0.5862141847610474,-1.2141427993774414,4.576148986816406,0.06510922312736511,0.3255460858345032,0.3255460858345032,0.16972114145755768,-0.09428280591964722,0.6307110786437988,-0.7513381838798523
0.5955930352210999,-1.234078288078308,4.60552453994751,0.07760726660490036,0.3880363404750824,0.38803631067276,0.2474205046892166,-0.23457816243171692,0.23241083323955536,-0.9109014272689819
0.604974627494812,-1.254518747329712,4.634969234466553,0.07273732870817184,0.3636866807937622,0.36368662118911743,0.1268916130065918,0.23784716427326202,0.4215041995048523,-0.8658299446105957
0.614190399646759,-1.2761545181274414,4.665419578552246,0.0707787498831749,0.3538936972618103,0.3538936972618103,0.24572595953941345,-0.27711549401283264,0.5809286236763,-0.7248086929321289
0.6230717897415161,-1.2996759414672852,4.697812080383301,0.0742526426911354,0.3712632358074188,0.3712632358074188,0.21598635613918304,-0.07627381384372711,0.1391773819923401,-0.9634115695953369
0.6314499974250793,-1.3257731199264526,4.733082294464111,0.08078276365995407,0.40391385555267334,0.40391385555267334,0.025569146499037743,0.14215055108070374,0.5788742899894714,-0.8025234937667847
0.6386540532112122,-1.3513916730880737,4.7692131996154785,0.07277189940214157,0.36385947465896606,0.3638594448566437,0.08814011514186859,-0.3463326692581177,0.339577317237854,-0.8700414896011353
0.644396960735321,-1.373979091644287,4.803709506988525,0.08465217798948288,0.423260897397995,0.423260897397995,0.12178958207368851,0.1165977343916893,0.28187328577041626,-0.944520890712738
0.6490648984909058,-1.3948338031768799,4.836686134338379,0.08390510082244873,0.41952550411224365,0.41952547430992126,0.14193741977214813,-0.05917321890592575,0.6007124185562134,-0.7845360636711121
0.6530439257621765,-1.4152559041976929,4.868258476257324,0.08396904170513153,0.4198451638221741,0.41984519362449646,0.12219344824552536,-0.17536436021327972,0.21820738911628723,-0.9522088170051575
0.656719982624054,-1.436544418334961,4.898540019989014,0.07953393459320068,0.3976697027683258,0.3976696729660034,0.018925998359918594,0.2873474359512329,0.4253636300563812,-0.8579854369163513
0.6604793071746826,-1.4599993228912354,4.927647590637207,0.08517508953809738,0.4258754551410675,0.4258754551410675,0.0060800169594585896,-0.22264836728572845,0.5279989242553711,-0.8195168375968933
0.6647078990936279,-1.486919641494751,4.955695152282715,0.06772586703300476,0.3386293053627014,0.33862927556037903,0.1061805710196495,0.03220943734049797,0.3311203718185425,-0.9370418787002563
0.6697919368743896,-1.5186049938201904,4.982798099517822,0.06485849618911743,0.32429245114326477,0.32429245114326477,0.009775263257324696,0.03393931686878204,0.6754622459411621,-0.7365482449531555
0.6759421825408936,-1.5556262731552124,5.0085554122924805,0.07070363312959671,0.35351815819740295,0.35351815819740295,0.16663327813148499,-0.2786017060279846,0.462146520614624,-0.8252484202384949
0.6819126009941101,-1.5925899744033813,5.02890682220459,0.0834733247756958,0.417366623878479,0.4173665940761566,0.012238280847668648,-0.18883998692035675,-0.5234759449958801,0.8307602405548096
0.6874946355819702,-1.6285916566848755,5.0440287590026855,0.06316163390874863,0.31580814719200134,0.31580814719200134,0.11176485568284988,-0.1202804446220398,0.8213688135147095,-0.5462549328804016
0.6928303837776184,-1.6642019748687744,5.055241584777832,0.08293493092060089,0.41467463970184326,0.4146745800971985,0.163364976644516,-0.11750819534063339,0.4986490309238434,-0.8431209325790405
0.6980619430541992,-1.6999914646148682,5.063865661621094,0.07057083398103714,0.3528541326522827,0.3528541922569275,0.08450748771429062,-0.0693167969584465,-0.7422201633453369,0.6611829996109009
0.7033312320709229,-1.7365303039550781,5.071221351623535,0.06845854222774506,0.3422926962375641,0.3422927260398865,0.22949141263961792,-0.17594380676746368,0.753965437412262,-0.5898420214653015
0.7087802290916443,-1.7743892669677734,5.078629493713379,0.07995033264160156,0.3997516632080078,0.3997516334056854,0.1078016608953476,0.06351842731237411,0.4571172893047333,-0.8805611729621887
0.7145510911941528,-1.8141388893127441,5.087411403656006,0.07734455168247223,0.38672274351119995,0.38672277331352234,0.004713027738034725,0.053612399846315384,0.7925354242324829,-0.6074463725090027
0.7207857966423035,-1.856349229812622,5.0988850593566895,0.06367317587137222,0.31836584210395813,0.31836584210395813,0.15157510340213776,-0.22367632389068604,0.6300652027130127,-0.7280189990997314
0.722018301486969,-1.8645862340927124,5.101444721221924,0.06634882837533951,0.33174410462379456,0.33174413442611694,0.030046580359339714,-0.12670506536960602,-0.5642868280410767,0.8152443766593933
0.6827191710472107,-1.5441720485687256,5.011052131652832,0.08059526979923248,0.4029763340950012,0.40297630429267883,0.5033486485481262,-0.3451554477214813,0.5205589532852173,-0.597098171710968
0.7051103115081787,-1.5539401769638062,5.041275501251221,0.06804244965314865,0.3402121961116791,0.3402121961116791,0.5876577496528625,-0.2774166762828827,0.08219191431999207,-0.7556076049804688
0.7270370125770569,-1.56350576877594,5.070871353149414,0.06917892396450043,0.34589463472366333,0.34589460492134094,0.33469411730766296,0.01401352696120739,0.5329297184944153,-0.7770259976387024
0.7487857341766357,-1.572993516921997,5.100228309631348,0.06675393879413605,0.33376967906951904,0.33376964926719666,0.39740845561027527,-0.4663315415382385,0.2937651574611664,-0.7336916327476501
0.770642876625061,-1.582528829574585,5.129730224609375,0.08358489722013474,0.4179244637489319,0.4179244339466095,0.5863319635391235,0.009308941662311554,0.22747814655303955,-0.7774199843406677
0.7928950190544128,-1.5922362804412842,5.159766674041748,0.06500697880983353,0.3250349164009094,0.32503488659858704,0.3174913227558136,-0.305251806974411,0.5512966513633728,-0.7085849046707153
0.8158286213874817,-1.602241039276123,5.1907219886779785,0.06248631700873375,0.31243157386779785,0.31243157386779785,0.4862082898616791,-0.31843140721321106,0.08647473156452179,-0.8091508150100708
0.8397300243377686,-1.6126681566238403,5.222984313964844,0.06154255196452141,0.30771276354789734,0.30771276354789734,0.4014524519443512,0.018457310274243355,0.5271068215370178,-0.7487680912017822
0.8648859262466431,-1.6236424446105957,5.25693941116333,0.0685029998421669,0.3425149619579315,0.34251493215560913,0.5131186842918396,-0.4352308511734009,0.3736242949962616,-0.638504683971405
0.8829290866851807,-1.6315137147903442,5.281293869018555,0.07706259936094284,0.3853130340576172,0.3853129744529724,0.4865783154964447,-0.11604861915111542,0.20605197548866272,-0.8410212993621826
0.05444440618157387,1.048642873764038,3.7541303634643555,0.08770625293254852,0.4385312795639038,0.4385312795639038,0.6686128973960876,-0.43091124296188354,0.40265655517578125,-0.45292380452156067
0.06243233010172844,1.0532656908035278,3.770266532897949,0.08101259171962738,0.4050629734992981,0.40506288409233093,0.7657791972160339,-0.322625070810318,-0.02443617396056652,-0.5557860732078552
0.07032909989356995,1.0577912330627441,3.7861928939819336,0.07187371701002121,0.35936859250068665,0.35936862230300903,0.7562123537063599,-0.11329856514930725,0.4080794155597687,-0.49877598881721497
0.07815868407487869,1.0622453689575195,3.801964282989502,0.08121148496866226,0.4060574471950531,0.4060574471950531,0.7096765041351318,-0.6023997068405151,0.11581552028656006,-0.3464977741241455
0.08594509959220886,1.0666536092758179,3.817636728286743,0.0688062533736229,0.34403127431869507,0.34403127431869507,0.8940586447715759,-0.06978613138198853,-0.0021440337877720594,-0.4424753785133362
0.09371231496334076,1.0710411071777344,3.8332648277282715,0.07259673625230789,0.36298367381095886,0.36298367381095886,0.6937720775604248,-0.29824620485305786,0.4953418970108032,-0.4293784499168396
0.10148433595895767,1.0754337310791016,3.8489041328430176,0.07912828028202057,0.39564138650894165,0.39564135670661926,0.8074610233306885,-0.4151245951652527,0.04904278740286827,-0.41626083850860596
0.1092851385474205,1.0798571109771729,3.864609479904175,0.06925370544195175,0.34626853466033936,0.34626856446266174,0.8806090354919434,-0.10897163301706314,0.1887502670288086,-0.4207448959350586
0.11713872849941254,1.084336757659912,3.880436420440674,0.07575302571058273,0.3787651062011719,0.3787651062011719,0.6820330619812012,-0.4487988352775574,0.31052881479263306,-0.4868083596229553
0.12506908178329468,1.0888981819152832,3.896439790725708,0.08053271472454071,0.40266358852386475,0.40266352891921997,0.8200129270553589,-0.2445460706949234,-0.15967440605163574,-0.49221959710121155
0.13310018181800842,1.09356689453125,3.912674903869629,0.07203398644924164,0.3601698875427246,0.3601698875427246,0.7859820127487183,-0.1598966270685196,0.3998739421367645,-0.4435833990573883
0.14125603437423706,1.0983686447143555,3.929197311401367,0.07563517242670059,0.37817585468292236,0.3781758248806,0.7734211087226868,-0.5209176540374756,0.13605551421642303,-0.3345944881439209
0.14956063032150269,1.103329062461853,3.946061849594116,0.08514659106731415,0.42573294043540955,0.42573294043540955,0.905231773853302,-0.17619284987449646,0.07107808440923691,-0.3800782263278961
0.158037930727005,1.1084734201431274,3.9633240699768066,0.06977345049381256,0.3488672375679016,0.3488672375679016,0.7224598526954651,-0.2926504611968994,0.4193519949913025,-0.46535077691078186
0.1667119711637497,1.1138273477554321,3.9810385704040527,0.0790165364742279,0.3950826823711395,0.3950826823711395,0.8113915920257568,-0.43920743465423584,0.029134761542081833,-0.38456690311431885
0.17560671269893646,1.11941659450531,3.999260663986206,0.08350947499275208,0.4175473749637604,0.4175473749637604,0.8783065676689148,-0.041327692568302155,0.17530393600463867,-0.44287481904029846
0.1847461462020874,1.1252665519714355,4.018045902252197,0.07701629400253296,0.3850814402103424,0.3850814700126648,0.7373376488685608,-0.4304487705230713,0.29161378741264343,-0.43128693103790283
0.19403396546840668,1.131273627281189,4.037163734436035,0.06999897211790085,0.3499948978424072,0.34999486804008484,0.7957051992416382,-0.28670066595077515,-0.046197310090065,-0.5315278172492981
0.2030053734779358,1.1369487047195435,4.055516719818115,0.08651015162467957,0.43255072832107544,0.43255072832107544,0.7634089589118958,-0.20131950080394745,0.37954291701316833,-0.48231154680252075
0.2116437405347824,1.1422971487045288,4.073084831237793,0.07233822345733643,0.36169108748435974,0.36169111728668213,0.7063136100769043,-0.5648071765899658,0.01940070278942585,-0.4263068437576294
0.21998636424541473,1.147383451461792,4.0899763107299805,0.07094724476337433,0.35473623871803284,0.35473620891571045,0.8421835899353027,-0.0312618762254715,0.11869611591100693,-0.5250340104103088
0.22807049751281738,1.1522712707519531,4.106298446655273,0.06822184473276138,0.34110918641090393,0.34110915660858154,0.6766840219497681,-0.43873870372772217,0.2847500145435333,-0.5181935429573059
0.2359333634376526,1.1570249795913696,4.1221604347229,0.08483047783374786,0.4241524040699005,0.42415234446525574,0.8249055743217468,-0.2741338610649109,-0.025135930627584457,-0.4937100112438202
0.24361221492290497,1.1617088317871094,4.137670040130615,0.06644627451896667,0.3322313725948334,0.332231342792511,0.7000182867050171,-0.23926280438899994,0.35298264026641846,-0.5728272199630737
0.25114431977272034,1.166386604309082,4.15293550491333,0.0872548446059227,0.4362741708755493,0.4362742006778717,0.7201306819915771,-0.5539995431900024,-0.06184833496809006,-0.41312357783317566
0.2585669159889221,1.1711225509643555,4.168065071105957,0.07427313923835754,0.37136566638946533,0.37136563658714294,0.7805629968643188,-0.14666685461997986,0.18049907684326172,-0.5801985859870911
0.2659173011779785,1.1759806871414185,4.183166027069092,0.07918000221252441,0.39590004086494446,0.39590004086494446,0.614575982093811,-0.6055887341499329,0.2498975396156311,-0.4394426643848419
0.2732326090335846,1.1810253858566284,4.198348045349121,0.0688217282295227,0.3441086411476135,0.3441086411476135,0.9184337258338928,-0.19286543130874634,-0.03682476654648781,-0.343404084444046
0.2805502116680145,1.1863205432891846,4.213717937469482,0.08157788217067719,0.40788936614990234,0.40788936614990234,0.7819119691848755,-0.2454185038805008,0.3665153980255127,-0.44051098823547363
0.28790727257728577,1.1919301748275757,4.229384422302246,0.08671443164348602,0.4335721731185913,0.4335721731185913,0.7527994513511658,-0.4889669716358185,0.0143522247672081,-0.4404524266719818
0.2953411340713501,1.1979186534881592,4.245455741882324,0.07692992687225342,0.3846496045589447,0.3846495747566223,0.8659225106239319,0.004426712170243263,0.16154803335666656,-0.4733506441116333
0.302888959646225,1.2043497562408447,4.262040138244629,0.07532629370689392,0.376631498336792,0.3766315281391144,0.7242081165313721,-0.527252197265625,0.37983816862106323,-0.23076120018959045
0.3105880320072174,1.2112879753112793,4.279245376586914,0.08744870871305466,0.4372435510158539,0.4372435510158539,0.8682360649108887,-0.33961039781570435,-0.07294454425573349,-0.35427388548851013
0.3184756338596344,1.2187970876693726,4.29718017578125,0.07728749513626099,0.38643747568130493,0.38643747568130493,0.8093556761741638,-0.11831055581569672,0.37823930382728577,-0.4334524869918823
0.326571524143219,1.226926326751709,4.31591272354126,0.07769208401441574,0.3884604573249817,0.3884604275226593,0.7366823554039001,-0.6171834468841553,0.07530462741851807,-0.2659189701080322
0.3343451917171478,1.2352303266525269,4.3342485427856445,0.07525280863046646,0.3762640655040741,0.3762640655040741,0.9479564428329468,-0.1939764767885208,0.03419436886906624,-0.25016480684280396
0.3415796458721161,1.2434890270233154,4.351675987243652,0.06862822920084,0.3431411385536194,0.3431411683559418,0.8263899683952332,-0.3302997350692749,0.3800715506076813,-0.25204628705978394
0.34833940863609314,1.2517179250717163,4.368313789367676,0.07009901106357574,0.3504950702190399,0.3504950702190399,0.7981487512588501,-0.497666597366333,-0.05848008766770363,-0.3344647288322449
0.3546890318393707,1.2599326372146606,4.384280204772949,0.06851057708263397,0.34255287051200867,0.34255287051200867,0.9129272103309631,-0.08788633346557617,0.18033181130886078,-0.3554157018661499
0.3606930077075958,1.268149733543396,4.399697303771973,0.07697951793670654,0.3848975896835327,0.3848975896835327,0.8052202463150024,-0.5150330662727356,0.24880285561084747,-0.15639200806617737
0.3664158582687378,1.2763842344284058,4.4146833419799805,0.06615246087312698,0.3307622969150543,0.3307623267173767,0.8794522285461426,-0.3002236485481262,-0.1954728066921234,-0.31340059638023376
0.3719220459461212,1.2846524715423584,4.429357051849365,0.0788576602935791,0.3942883312702179,0.3942883014678955,0.8127817511558533,-0.24443915486335754,0.3985691964626312,-0.34753119945526123
0.37727615237236023,1.2929699420928955,4.443840026855469,0.08002354949712753,0.4001178443431854,0.40011781454086304,0.7810665965080261,-0.5956992506980896,-0.03498632460832596,-0.1839929223060608
0.38254261016845703,1.301352620124817,4.458250999450684,0.06926142424345016,0.3463071286678314,0.3463071286678314,0.9122347831726074,-0.11153148859739304,0.05701284483075142,-0.39004865288734436
0.38778600096702576,1.3098163604736328,4.472709655761719,0.06925617158412933,0.34628087282180786,0.34628090262413025,0.8009915947914124,-0.5027347207069397,0.29595133662223816,-0.13447339832782745
0.3930708169937134,1.318376898765564,4.487335681915283,0.08535689860582352,0.426784485578537,0.426784485578537,0.87012779712677,-0.3897016942501068,-0.1328611969947815,-0.27084699273109436
0.3984615206718445,1.3270502090454102,4.502248764038086,0.06774593144655228,0.3387296497821808,0.3387296795845032,0.8841587901115417,-0.17742760479450226,0.3141639530658722,-0.29678893089294434
0.4040226936340332,1.3358516693115234,4.5175676345825195,0.0691557228565216,0.3457786440849304,0.3457786440849304,0.771605372428894,-0.5874757170677185,0.07713638246059418,-0.23140306770801544
0.40981876850128174,1.3447976112365723,4.533413887023926,0.08592870831489563,0.42964357137680054,0.42964357137680054,0.9441092014312744,-0.22920720279216766,0.004140056669712067,-0.23686420917510986
0.4159143567085266,1.3539035320281982,4.549905300140381,0.08336301147937775,0.4168150722980499,0.4168150722980499,0.7835080623626709,-0.39847052097320557,0.3245764970779419,-0.3492656350135803
0.42237389087677,1.3631855249404907,4.56716251373291,0.06426233798265457,0.32131168246269226,0.32131168246269226,0.8449977040290833,-0.4863221347332001,-0.1270839422941208,-0.18253597617149353
0.4292619228363037,1.3726590871810913,4.585305213928223,0.08348947763442993,0.41744738817214966,0.41744738817214966,0.8600974678993225,-0.19877025485038757,0.1652405709028244,-0.43979349732398987
0.4364543855190277,1.3820210695266724,4.603841781616211,0.07862870395183563,0.3931436240673065,0.3931436240673065,0.772017776966095,-0.5504623651504517,0.16913065314292908,-0.26902517676353455
0.4435877799987793,1.3906762599945068,4.621621608734131,0.06745466589927673,0.33727332949638367,0.3372732996940613,0.9054422974586487,-0.23887503147125244,-0.04226937144994736,-0.3483191430568695
0.45064255595207214,1.3987089395523071,4.638706207275391,0.0796193853020668,0.39809685945510864,0.3980969190597534,0.8116414546966553,-0.27493318915367126,0.42192837595939636,-0.2960175573825836
0.45761051774024963,1.4062235355377197,4.655195236206055,0.07424721121788025,0.37123602628707886,0.37123602628707886,0.7674064040184021,-0.4966758191585541,-0.02082732506096363,-0.404928058385849
0.46448349952697754,1.4133244752883911,4.671186447143555,0.06943822652101517,0.34719109535217285,0.34719109535217285,0.8609726428985596,-0.17519839107990265,0.1566491723060608,-0.4511016011238098
0.47125330567359924,1.4201163053512573,4.686779499053955,0.08290207386016846,0.4145103693008423,0.4145103693008423,0.7293011546134949,-0.5534335970878601,0.27494797110557556,-0.29365748167037964
0.47791174054145813,1.4267033338546753,4.702073574066162,0.08144891262054443,0.40724459290504456,0.40724459290504456,0.9256232976913452,-0.2776690423488617,-0.13408465683460236,-0.2194146364927292
0.4844505786895752,1.4331902265548706,4.717168807983398,0.07351525872945786,0.3675763010978699,0.3675762712955475,0.8238533139228821,-0.16767863929271698,0.34344160556793213,-0.4185660183429718
0.4908616542816162,1.4396812915802002,4.7321624755859375,0.06978067755699158,0.3489033579826355,0.3489033877849579,0.7512664198875427,-0.5629475712776184,0.05816192179918289,-0.33956727385520935
0.4971367418766022,1.4462811946868896,4.74715518951416,0.06870051473379135,0.34350258111953735,0.34350258111953735,0.8795966506004333,-0.09454954415559769,0.03829343616962433,-0.4646543860435486
0.5032676458358765,1.453094244003296,4.762245178222656,0.0836891382932663,0.41844573616981506,0.41844573616981506,0.7957698702812195,-0.44354939460754395,0.2739175856113434,-0.3081938326358795
0.5092462301254272,1.4602251052856445,4.777533054351807,0.08416760712862015,0.42083805799484253,0.42083802819252014,0.8861362934112549,-0.37139692902565,-0.18249325454235077,-0.2086217999458313
0.5150641798973083,1.467778205871582,4.793116092681885,0.0829552561044693,0.4147762358188629,0.4147762358188629,0.9077672362327576,-0.113690584897995,0.28559350967407227,-0.2854284644126892
0.5207133889198303,1.4758577346801758,4.809094429016113,0.06788524985313416,0.3394262492656708,0.3394262194633484,0.7900296449661255,-0.5631645917892456,0.15616536140441895,-0.18523281812667847
0.5261856913566589,1.4845685958862305,4.825567245483398,0.06519563496112823,0.32597818970680237,0.32597818970680237,0.9491904973983765,-0.19422538578510284,-0.14792579412460327,-0.19857439398765564
0.5314728617668152,1.4940152168273926,4.8426337242126465,0.07644405961036682,0.3822202682495117,0.3822202682495117,0.8029118776321411,-0.31181228160858154,0.39909616112709045,-0.3143690526485443
0.5365666151046753,1.5043017864227295,4.8603925704956055,0.07920107245445251,0.3960053622722626,0.3960053622722626,0.8361448645591736,-0.5429661870002747,-0.06689750403165817,-0.03967621922492981
0.5414198040962219,1.515433430671692,4.87878942489624,0.07580961287021637,0.37904804944992065,0.37904804944992065,0.9451828002929688,-0.21473900973796844,0.0518999882042408,-0.24046418070793152
0.5456860065460205,1.5265716314315796,4.896502494812012,0.08052406460046768,0.4026203453540802,0.4026203453540802,0.7484897375106812,-0.5787308812141418,0.2895070016384125,-0.14498046040534973
0.5493372082710266,1.5375351905822754,4.913302898406982,0.06806200742721558,0.3403100371360779,0.3403100371360779,0.9062449932098389,-0.36741769313812256,-0.16813316941261292,-0.1243201196193695
0.5524373650550842,1.5483630895614624,4.9293107986450195,0.07706592231988907,0.38532957434654236,0.38532960414886475,0.8829364776611328,-0.2736891508102417,0.25374656915664673,-0.28483352065086365
0.5550507307052612,1.5590938329696655,4.944642543792725,0.08096067607402802,0.40480348467826843,0.40480348467826843,0.7632477283477783,-0.6289947032928467,-0.12235737591981888,-0.08274772763252258
0.5572412610054016,1.569766879081726,4.959418773651123,0.06801135838031769,0.34005680680274963,0.34005680680274963,0.9894898533821106,-0.1438981145620346,-0.007487365044653416,0.012128389440476894
0.5590731501579285,1.5804212093353271,4.973758697509766,0.0666462853550911,0.33323144912719727,0.3332314193248749,0.8034559488296509,-0.5203226804733276,0.2613903284072876,-0.12408842146396637
0.5606105923652649,1.591095209121704,4.98777961730957,0.07474781572818756,0.3737390637397766,0.3737391233444214,0.8692888021469116,-0.45007407665252686,-0.203212171792984,-0.02179655432701111
0.5619175434112549,1.6018280982971191,5.001601696014404,0.07574475556612015,0.37872374057769775,0.37872377038002014,0.9509170651435852,-0.1890161633491516,0.20904676616191864,-0.12778525054454803
0.5630582571029663,1.6126587390899658,5.015342712402344,0.07451684772968292,0.3725842535495758,0.3725842535495758,0.773284375667572,-0.6265701651573181,0.07340120524168015,0.06366626918315887
0.5640967488288879,1.6236262321472168,5.029122829437256,0.07701675593852997,0.38508376479148865,0.38508376479148865,0.9417455196380615,-0.25010597705841064,-0.21214357018470764,-0.07454893738031387
0.5650972127914429,1.6347692012786865,5.043060302734375,0.06521008163690567,0.32605040073394775,0.32605040073394775,0.8176938891410828,-0.43480414152145386,0.3270717263221741,-0.18800565600395203
0.5661237239837646,1.6461268663406372,5.057273864746094,0.06333490461111069,0.31667453050613403,0.31667450070381165,0.8376016020774841,-0.5261437296867371,-0.1143525093793869,0.092302605509758
0.5672403573989868,1.6577379703521729,5.071882724761963,0.07229466736316681,0.36147332191467285,0.36147335171699524,0.9798349142074585,-0.1584967076778412,0.04526636749505997,-0.11293017864227295
0.5685113072395325,1.6696417331695557,5.087005615234375,0.06834247708320618,0.3417123556137085,0.3417123556137085,0.8033323884010315,-0.5760611295700073,0.14276635646820068,-0.049279239028692245
0.5700005888938904,1.681876540184021,5.1027607917785645,0.07455705106258392,0.3727852404117584,0.3727852404117584,0.8916265964508057,-0.36311396956443787,-0.2531474828720093,0.09521853923797607
0.5717724561691284,1.6944818496704102,5.119268417358398,0.07770618051290512,0.3885309100151062,0.3885309100151062,0.9404613375663757,-0.23783554136753082,0.22593121230602264,-0.08900468051433563
0.5738908648490906,1.707496166229248,5.136646270751953,0.07637081295251846,0.3818541169166565,0.3818540871143341,0.719896137714386,-0.6821479797363281,-0.024881180375814438,-0.12571634352207184
-0.4954235553741455,-0.35805898904800415,4.263804912567139,0.07163897901773453,0.35819488763809204,0.35819488763809204,0.301439106464386,0.0893920361995697,-0.10562290251255035,0.9433913826942444
-0.5022501349449158,-0.3683301508426666,4.288243770599365,0.08141646534204483,0.40708228945732117,0.4070822596549988,0.3447493314743042,-0.2822127044200897,-0.3539794087409973,0.8223153352737427
-0.5089115500450134,-0.3784819543361664,4.3123273849487305,0.08585606515407562,0.4292803406715393,0.4292803108692169,0.31316620111465454,0.22602695226669312,-0.405405193567276,0.8285441398620605
-0.5154871940612793,-0.3885716199874878,4.336225986480713,0.08913815021514893,0.44569072127342224,0.44569072127342224,0.4088013768196106,-0.2929896116256714,-0.070419080555439,0.8614404797554016
-0.5220562219619751,-0.39865654706954956,4.360110282897949,0.0730287954211235,0.36514392495155334,0.3651438355445862,0.2686846852302551,-0.057488758116960526,-0.5000226497650146,0.82126784324646
-0.5286978483200073,-0.4087940454483032,4.384151458740234,0.07412735372781754,0.3706367611885071,0.3706367015838623,0.15065108239650726,0.04926497861742973,-0.119882732629776,0.980053722858429
-0.5354913473129272,-0.419041246175766,4.4085187911987305,0.09054934978485107,0.45274674892425537,0.452746719121933,0.35641196370124817,-0.2702196538448334,-0.3257679343223572,0.8329628705978394
-0.5425158739089966,-0.42945554852485657,4.433382987976074,0.0803496241569519,0.40174809098243713,0.40174809098243713,0.12647531926631927,0.1387334018945694,-0.4882814288139343,0.8522548079490662
-0.5498507022857666,-0.4400941729545593,4.458913803100586,0.06854239106178284,0.3427119255065918,0.3427119255065918,0.3814663887023926,-0.1219484880566597,-0.04869435727596283,0.9150086641311646
-0.5575750470161438,-0.4510144591331482,4.485282897949219,0.07124517112970352,0.356225848197937,0.356225848197937,0.2411368042230606,-0.26243361830711365,-0.5531719923019409,0.7529823184013367
-0.5657681226730347,-0.4622737169265747,4.512659549713135,0.0775260478258133,0.38763028383255005,0.3876302242279053,0.17580221593379974,0.1398041844367981,-0.2688298225402832,0.9366316795349121
-0.5745092630386353,-0.47392913699150085,4.541214466094971,0.08533395081758499,0.42666974663734436,0.426669716835022,0.2913874387741089,-0.32653695344924927,-0.1030612662434578,0.8932218551635742
-0.5835662484169006,-0.48559802770614624,4.5701584815979,0.07186630368232727,0.35933154821395874,0.35933151841163635,0.3849307894706726,-0.05717366561293602,-0.5090010166168213,0.7677743434906006
-0.5922591686248779,-0.4963296949863434,4.597392559051514,0.07991812378168106,0.3995906114578247,0.3995906114578247,0.3120139241218567,0.020993875339627266,-0.06160949170589447,0.9478453993797302
-0.6006377935409546,-0.5062680840492249,4.623137474060059,0.08704973757266998,0.4352487027645111,0.4352486729621887,0.39488205313682556,-0.34076347947120667,-0.39278870820999146,0.7574070692062378
-0.6087868809700012,-0.5156076550483704,4.647724628448486,0.08190848678350449,0.40954241156578064,0.40954238176345825,0.22927013039588928,0.1306486874818802,-0.3862294852733612,0.883851170539856
-0.6167911291122437,-0.5245427489280701,4.671484470367432,0.0750601664185524,0.3753008246421814,0.375300794839859,0.3101437985897064,-0.1971176415681839,-0.11273826658725739,0.9231714606285095
-0.6247352957725525,-0.5332680344581604,4.694746494293213,0.08344373852014542,0.4172186851501465,0.4172186553478241,0.3618679344654083,-0.20633026957511902,-0.5518741607666016,0.7224364280700684
-0.6327040791511536,-0.5419778823852539,4.717841625213623,0.07676408439874649,0.38382038474082947,0.3838203549385071,0.39262107014656067,0.036780789494514465,-0.21541522443294525,0.8933600783348083
-0.6407822370529175,-0.5508667230606079,4.741100788116455,0.0836925208568573,0.4184625744819641,0.4184626042842865,0.24641300737857819,-0.42318177223205566,-0.22659064829349518,0.8419349789619446
-0.6490544080734253,-0.5601291060447693,4.764853477478027,0.06719455868005753,0.33597278594970703,0.33597278594970703,0.3583071827888489,0.07748579978942871,-0.546508252620697,0.7529546022415161
-0.6576054096221924,-0.5699595212936401,4.789430618286133,0.07494869828224182,0.3747434914112091,0.3747434616088867,0.2280798703432083,-0.10928741842508316,-0.12910503149032593,0.9588366746902466
-0.6665198802947998,-0.580552339553833,4.815162181854248,0.08847172558307648,0.4423586130142212,0.4423585832118988,0.22884920239448547,-0.33774933218955994,-0.41458460688591003,0.8134328722953796
-0.6758825778961182,-0.59210205078125,4.842379093170166,0.06968090683221817,0.34840449690818787,0.3484044671058655,0.3394562005996704,0.21010716259479523,-0.3908008337020874,0.8293968439102173
-0.6856351494789124,-0.6044170260429382,4.8709869384765625,0.07690916210412979,0.38454580307006836,0.38454577326774597,0.4059586822986603,-0.3218097984790802,-0.08030807226896286,0.8515788912773132
-0.6949980854988098,-0.6154506802558899,4.898691177368164,0.0662044808268547,0.33102232217788696,0.33102232217788696,0.2745332717895508,-0.08487407863140106,-0.609993577003479,0.7384684681892395
-0.7039079070091248,-0.6252297163009644,4.925228595733643,0.08212064951658249,0.41060322523117065,0.41060322523117065,0.4240332245826721,0.05720540136098862,-0.06305832415819168,0.9016357660293579
-0.7124453186988831,-0.6341801881790161,4.950757026672363,0.08036131411790848,0.4018065631389618,0.4018065631389618,0.3750392198562622,-0.42250677943229675,-0.38475021719932556,0.7299320697784424
-0.720690906047821,-0.6427280902862549,4.97543478012085,0.08093054592609406,0.4046527147293091,0.4046527147293091,0.39067745208740234,0.19535745680332184,-0.3687201142311096,0.8205193877220154
-0.7287256717681885,-0.6512994766235352,4.999419689178467,0.074639230966568,0.3731961250305176,0.3731961250305176,0.325163871049881,-0.2631373703479767,-0.1120474711060524,0.9013726115226746
-0.7366300821304321,-0.6603204011917114,5.02286958694458,0.06986851990222931,0.34934255480766296,0.34934255480766296,0.3366517424583435,-0.10297934710979462,-0.625882089138031,0.6959400177001953
-0.7444848418235779,-0.6702167987823486,5.045942306518555,0.07939375936985016,0.3969687819480896,0.3969687819480896,0.291645884513855,0.027665209025144577,-0.15576404333114624,0.943352997303009
-0.7523707151412964,-0.6814148426055908,5.068796157836914,0.06689899414777756,0.334494948387146,0.334494948387146,0.25509771704673767,-0.33350107073783875,-0.37926915287971497,0.8245344758033752
-0.7603684663772583,-0.6943404674530029,5.091588973999023,0.08625232428312302,0.4312615990638733,0.4312615692615509,0.13156181573867798,0.1020486056804657,-0.5168893337249756,0.839704155921936
-0.7685587406158447,-0.7094197273254395,5.114479064941406,0.0683363825082779,0.34168189764022827,0.3416818082332611,0.27411627769470215,-0.14181901514530182,-0.19551657140254974,0.9308710098266602
-0.7770222425460815,-0.7270786762237549,5.1376237869262695,0.06839817017316818,0.3419908285140991,0.3419908285140991,0.11102551966905594,-0.2151390016078949,-0.583715558052063,0.7750256061553955
-0.7857679724693298,-0.7476325035095215,5.161098003387451,0.07550497353076935,0.37752488255500793,0.37752488255500793,0.1362256109714508,0.22450818121433258,-0.37343868613243103,0.8897090554237366
-0.7933554649353027,-0.768966019153595,5.183196067810059,0.06775219738483429,0.33876097202301025,0.3387609124183655,0.3083166182041168,-0.294147253036499,-0.3990284502506256,0.8119080066680908
-0.7994678616523743,-0.7902320027351379,5.203316688537598,0.08273045718669891,0.4136522710323334,0.4136522710323334,0.1514531672000885,0.11234001070261002,-0.6164181232452393,0.7645065784454346
-0.8044720888137817,-0.8115720152854919,5.22163200378418,0.07033693790435791,0.35168468952178955,0.35168465971946716,0.11210379749536514,-0.08948911726474762,-0.3635792136192322,0.9204534888267517
-0.8087347149848938,-0.8331272602081299,5.238310813903809,0.08337673544883728,0.416883647441864,0.416883647441864,0.12369726598262787,-0.17572370171546936,-0.7376506924629211,0.6400715708732605
-0.812622606754303,-0.8550390601158142,5.25352144241333,0.07932386547327042,0.3966193199157715,0.39661934971809387,0.011308125220239162,-0.16993603110313416,0.4797748029232025,-0.86070317029953
-0.8165023922920227,-0.8774489164352417,5.267434597015381,0.06719980388879776,0.3359989523887634,0.3359989523887634,0.22157099843025208,-0.16591046750545502,-0.5333993434906006,0.7992904186248779
-0.820740818977356,-0.9004981517791748,5.280220031738281,0.07939386367797852,0.3969692885875702,0.3969692885875702,0.0006205779500305653,-0.03646685183048248,0.721986711025238,-0.6909449696540833
-0.8257046937942505,-0.924328088760376,5.292046546936035,0.08209278434515,0.4104638993740082,0.41046375036239624,0.12446461617946625,-0.022668620571494102,-0.40888646245002747,0.9037734866142273
-0.8317607641220093,-0.9490801095962524,5.303084373474121,0.07095254212617874,0.3547627627849579,0.3547627627849579,0.11849839240312576,-0.2315848469734192,-0.7100721001625061,0.6543119549751282
-0.839275598526001,-0.9748955965042114,5.313503265380859,0.0827123373746872,0.4135616719722748,0.41356161236763,0.057363495230674744,-0.13666488230228424,0.6608917117118835,-0.7356998324394226
-0.8486161231994629,-1.0019158124923706,5.323472499847412,0.07608612626791,0.38043057918548584,0.38043057918548584,0.2948715090751648,-0.21774424612522125,-0.4897421598434448,0.7910694479942322
-0.8601489663124084,-1.0302821397781372,5.3331618309021,0.08373089134693146,0.4186544120311737,0.4186544418334961,0.12958252429962158,-0.08915859460830688,-0.8470160365104675,0.5077627301216125
-0.8730176091194153,-1.0583010911941528,5.341446399688721,0.07357427477836609,0.36787137389183044,0.36787134408950806,0.11033404618501663,-0.001610132516361773,-0.48448869585990906,0.8678101897239685
-0.8861260414123535,-1.084408164024353,5.347306251525879,0.0677553117275238,0.338776558637619,0.338776558637619,0.2802003026008606,-0.412331223487854,-0.6783480048179626,0.539735734462738
-0.8994982242584229,-1.1089650392532349,5.351082801818848,0.07467636466026306,0.37338176369667053,0.3733817934989929,0.027699995785951614,0.04392016679048538,0.8119632601737976,-0.581394374370575
-0.9131578803062439,-1.1323323249816895,5.35312032699585,0.07185360789299011,0.35926803946495056,0.35926803946495056,0.378574937582016,-0.18249695003032684,-0.4921324551105499,0.7623526453971863
-0.9271288514137268,-1.1548709869384766,5.353762626647949,0.06907831877470016,0.34539157152175903,0.34539157152175903,0.15864023566246033,-0.27876126766204834,-0.8505843281745911,0.41669145226478577
-0.9414346814155579,-1.176942229270935,5.35335111618042,0.0762869268655777,0.3814346194267273,0.3814346194267273,0.01828915812075138,-0.05599086359143257,-0.6757392883300781,0.7347835302352905
-0.9560993313789368,-1.1989071369171143,5.352230548858643,0.08226914703845978,0.4113457202911377,0.4113457202911377,0.36076322197914124,-0.408078134059906,-0.6299911737442017,0.5535641312599182
-0.9711463451385498,-1.2211263179779053,5.350743293762207,0.07984858006238937,0.3992427587509155,0.3992428481578827,0.04169386252760887,-0.13061641156673431,-0.8976106643676758,0.4189225137233734
-0.9865996837615967,-1.243961215019226,5.349232196807861,0.07397118955850601,0.3698558807373047,0.3698558509349823,0.23145321011543274,-0.1373591423034668,-0.5206934809684753,0.8102099895477295
-1.0024830102920532,-1.2677726745605469,5.348040580749512,0.07915827631950378,0.3957913815975189,0.3957913815975189,0.2785435616970062,-0.3500523567199707,-0.8089243769645691,0.3814685046672821
-1.01882004737854,-1.292921543121338,5.3475117683410645,0.0692521408200264,0.346260666847229,0.346260666847229,0.0010349774966016412,0.03149985522031784,-0.7533024549484253,0.6569187045097351
-1.0356347560882568,-1.319769024848938,5.347988128662109,0.07902748137712479,0.39513739943504333,0.39513736963272095,0.3776071071624756,-0.37290874123573303,-0.5186979174613953,0.6703017354011536
-1.0399638414382935,-1.326867938041687,5.34830904006958,0.07249835878610611,0.36249181628227234,0.36249178647994995,0.11939313262701035,-0.12827742099761963,-0.8973169326782227,0.4051079750061035
-0.7867676615715027,-0.7412437796592712,5.16146183013916,0.06437939405441284,0.3218969404697418,0.3218969404697418,0.8376520872116089,0.010480848141014576,-0.10088629275560379,0.5367039442062378
-0.7992911338806152,-0.7363227605819702,5.185939311981201,0.08441105484962463,0.42205527424812317,0.4220552146434784,0.678146481513977,-0.5330995321273804,-0.04658589884638786,0.5037380456924438
-0.8115826845169067,-0.7305898070335388,5.209908485412598,0.06841842085123062,0.3420920670032501,0.34209203720092773,0.6666621565818787,-0.23955677449703217,-0.44510021805763245,0.5477772951126099
-0.8237204551696777,-0.7243192791938782,5.2335429191589355,0.0775236263871193,0.38761815428733826,0.38761812448501587,0.8705991506576538,-0.2033596932888031,-0.04185739532113075,0.44603800773620605
-0.8357831239700317,-0.7177855372428894,5.2570109367370605,0.08130182325839996,0.4065091013908386,0.4065091013908386,0.7228159308433533,-0.5303708910942078,-0.2663898468017578,0.35394951701164246
-0.8478488922119141,-0.7112628817558289,5.280486583709717,0.07431977242231369,0.37159883975982666,0.37159883975982666,0.7761242985725403,-0.016169894486665726,-0.29021120071411133,0.5595954656600952
-0.8599961996078491,-0.7050254344940186,5.304140567779541,0.0756097212433815,0.3780485987663269,0.3780485987663269,0.8304500579833984,-0.39475181698799133,0.0024276357144117355,0.39308759570121765
-0.8723034858703613,-0.699347734451294,5.3281450271606445,0.07357612252235413,0.36788058280944824,0.36788058280944824,0.6943250298500061,-0.2867681086063385,-0.5037775039672852,0.4264798164367676
-0.8848491311073303,-0.6945039629936218,5.352670669555664,0.07806606590747833,0.39033034443855286,0.39033034443855286,0.8446147441864014,-0.13434523344039917,-0.02068670094013214,0.5178314447402954
-0.8977115154266357,-0.6907684803009033,5.377890586853027,0.07290826737880707,0.36454135179519653,0.36454132199287415,0.6084889769554138,-0.45521605014801025,-0.22066372632980347,0.6114140152931213
-0.9109691381454468,-0.6884155869483948,5.403974533081055,0.07993315905332565,0.3996657431125641,0.3996657431125641,0.6000152230262756,-0.108474962413311,-0.33944952487945557,0.7162324786186218
-0.9247002601623535,-0.687719464302063,5.431095123291016,0.06575588136911392,0.328779399394989,0.3287793695926666,0.7281559705734253,-0.24591325223445892,-0.040509145706892014,0.6384939551353455
-0.9389833807945251,-0.6889546513557434,5.45942497253418,0.07222605496644974,0.3611302375793457,0.3611302077770233,0.4818769693374634,-0.34059664607048035,-0.4149765968322754,0.6925192475318909
-0.9535258412361145,-0.6922613382339478,5.488391399383545,0.07697246223688126,0.3848623037338257,0.3848623037338257,0.6304807066917419,0.017459947615861893,-0.21646533906459808,0.7452060580253601
-0.9670549631118774,-0.6972122192382812,5.515452861785889,0.0690474584698677,0.34523728489875793,0.34523725509643555,0.4562281370162964,-0.3580470383167267,-0.20878052711486816,0.787444531917572
-0.9796226024627686,-0.703595757484436,5.540699005126953,0.08134535700082779,0.40672680735588074,0.40672680735588074,0.36056187748908997,-0.051317550241947174,-0.564769446849823,0.7405384182929993
-0.9914175271987915,-0.7112383842468262,5.5644917488098145,0.08057386428117752,0.4028693437576294,0.4028693437576294,0.5194018483161926,-0.1141107827425003,-0.1585777848958969,0.8318975567817688
-1.0026286840438843,-0.7199664115905762,5.58719539642334,0.06984439492225647,0.34922197461128235,0.34922197461128235,0.393941730260849,-0.37139102816581726,-0.5428983569145203,0.641981303691864
-1.0134447813034058,-0.7296062707901001,5.6091718673706055,0.06608719378709793,0.33043599128723145,0.33043599128723145,0.4225676655769348,0.04029102250933647,-0.32518184185028076,0.8450266122817993
-1.024054765701294,-0.7399845123291016,5.630786418914795,0.06764873117208481,0.33824363350868225,0.33824360370635986,0.3404778838157654,-0.3316965699195862,-0.26771843433380127,0.8380805850028992
-1.0346474647521973,-0.7509274482727051,5.652400016784668,0.07663770020008087,0.38318848609924316,0.38318848609924316,0.19114361703395844,-0.10262001305818558,-0.5749134421348572,0.7889282703399658
-1.0454118251800537,-0.7622616291046143,5.674376487731934,0.06778434664011002,0.3389217257499695,0.33892160654067993,0.281455397605896,0.045446231961250305,-0.11124266684055328,0.9520202279090881
-1.0565365552902222,-0.7738133072853088,5.697079658508301,0.06318806111812592,0.3159402906894684,0.3159402906894684,0.4384443163871765,-0.4115467369556427,-0.39457106590270996,0.6947730183601379
-1.0682107210159302,-0.7854090929031372,5.720871448516846,0.07312003523111343,0.3656001091003418,0.3656001091003418,0.353287935256958,0.11373920738697052,-0.4657042622566223,0.8033496141433716
-1.080622911453247,-0.7968752980232239,5.746115684509277,0.07696481794118881,0.38482406735420227,0.38482406735420227,0.5113939046859741,-0.2638033926486969,-0.14964205026626587,0.8040468692779541
-1.0939621925354004,-0.8080383539199829,5.773176193237305,0.07358427345752716,0.3679214119911194,0.3679214119911194,0.38516733050346375,-0.16045786440372467,-0.5595370531082153,0.7161129117012024
0.5288843512535095,-0.1304585337638855,4.449624061584473,0.08637264370918274,0.4318632483482361,0.4318632483482361,0.7848421931266785,-0.2818950116634369,0.07079703360795975,-0.5473076701164246
0.5474075675010681,-0.11900581419467926,4.469477653503418,0.08363157510757446,0.4181579053401947,0.4181578755378723,0.660495400428772,-0.43251949548721313,0.5056423544883728,-0.34784847497940063
0.5654877424240112,-0.1076221615076065,4.48916482925415,0.07756850123405457,0.3878425359725952,0.3878425061702728,0.7646600008010864,-0.5961434245109558,0.0178235936909914,-0.24411147832870483
0.5834017395973206,-0.09626439958810806,4.508789539337158,0.084367536008358,0.4218376576900482,0.4218376874923706,0.7597267627716064,-0.1411365270614624,0.247813418507576,-0.584366500377655
0.6014264225959778,-0.08488937467336655,4.528456211090088,0.08020129799842834,0.4010065495967865,0.4010065495967865,0.5972809195518494,-0.6345952153205872,0.3432011604309082,-0.3503674864768982
0.6198389530181885,-0.07345393300056458,4.5482683181762695,0.08228117972612381,0.41140589118003845,0.41140592098236084,0.8020784854888916,-0.34998780488967896,0.00828565564006567,-0.48384907841682434
0.6389161348342896,-0.061914898455142975,4.56833028793335,0.06858266144990921,0.34291326999664307,0.34291326999664307,0.6632033586502075,-0.2880319356918335,0.5572124123573303,-0.40830543637275696
0.6589351296424866,-0.050229139626026154,4.588747978210449,0.08912430703639984,0.445621520280838,0.445621520280838,0.6574848294258118,-0.6297317147254944,0.10879932343959808,-0.3991420865058899
0.6801727414131165,-0.03835347294807434,4.609623908996582,0.08491253852844238,0.4245626926422119,0.4245626628398895,0.7552340030670166,-0.25145068764686584,0.22411206364631653,-0.5622881650924683
0.7029060125350952,-0.026244748383760452,4.6310625076293945,0.09001011401414871,0.45005056262016296,0.45005056262016296,0.5548790693283081,-0.6043542623519897,0.4037790596485138,-0.4047563076019287
0.7273540496826172,-0.01391790434718132,4.653111457824707,0.07124266028404236,0.3562133014202118,0.3562132716178894,0.8468762636184692,-0.41274240612983704,0.0419183112680912,-0.3326968550682068
0.7518519163131714,-0.003117315238341689,4.674052715301514,0.08445654064416885,0.42228272557258606,0.42228272557258606,0.5997927188873291,-0.25783124566078186,0.4561789333820343,-0.6047085523605347
0.7756290435791016,0.0057528275065124035,4.693297863006592,0.07442992925643921,0.37214967608451843,0.37214967608451843,0.5771847367286682,-0.6546844244003296,0.22003903985023499,-0.4356935918331146
0.7988256216049194,0.013275379315018654,4.7111992835998535,0.07430050522089005,0.37150245904922485,0.37150245904922485,0.7950475215911865,-0.23223738372325897,0.2335243821144104,-0.5093442797660828
0.8215818405151367,0.020033201202750206,4.728105068206787,0.07497274875640869,0.37486377358436584,0.37486377358436584,0.5388033986091614,-0.47607675194740295,0.4661678969860077,-0.5154894590377808
0.8440384268760681,0.0266091488301754,4.744367599487305,0.07035854458808899,0.35179272294044495,0.35179269313812256,0.6719049215316772,-0.5334686636924744,0.06055973470211029,-0.5101837515830994
0.866335391998291,0.033586084842681885,4.760337829589844,0.08608189225196838,0.4304094612598419,0.4304094910621643,0.585934579372406,-0.32619407773017883,0.41686078906059265,-0.6136001944541931
0.8886132836341858,0.04154686629772186,4.776366233825684,0.08589635789394379,0.42948174476623535,0.42948174476623535,0.6206819415092468,-0.6509698629379272,0.2858906686306,-0.33054304122924805
0.9110121726989746,0.051074348390102386,4.792802810668945,0.06970817595720291,0.3485409617424011,0.34854090213775635,0.8470586538314819,-0.30383458733558655,0.19470420479774475,-0.39021340012550354
0.9336725473403931,0.0627513900399208,4.809999942779541,0.08307526260614395,0.41537633538246155,0.41537630558013916,0.5705652236938477,-0.45409050583839417,0.5119130611419678,-0.45409494638442993
0.9567347764968872,0.07716085016727448,4.828307628631592,0.08637130260467529,0.43185651302337646,0.4318564832210541,0.7190725803375244,-0.632835865020752,0.045056067407131195,-0.28359007835388184
0.9799442291259766,0.09468615055084229,4.847801208496094,0.07667933404445648,0.3833966553211212,0.3833966851234436,0.8399741053581238,-0.2438228875398636,0.2986008822917938,-0.3818787932395935
1.0000215768814087,0.11380021274089813,4.8662519454956055,0.07632284611463547,0.38161423802375793,0.38161423802375793,0.5037651658058167,-0.7483566999435425,0.29388922452926636,-0.31593039631843567
1.0168899297714233,0.13387510180473328,4.883311748504639,0.07005879282951355,0.350293904542923,0.35029393434524536,0.8909758925437927,-0.4142153561115265,-0.04553128033876419,-0.1803179383277893
1.0314037799835205,0.15468300879001617,4.8992414474487305,0.08128365874290466,0.4064182937145233,0.4064182937145233,0.725716769695282,-0.4863722622394562,0.3516693711280823,-0.3363121449947357
1.0444178581237793,0.17599605023860931,4.914307594299316,0.07072761654853821,0.3536381125450134,0.3536381423473358,0.6868494153022766,-0.7238029837608337,0.06590339541435242,0.001962915761396289
1.0567866563796997,0.19758646190166473,4.928772449493408,0.07207594811916351,0.36037975549697876,0.36037978529930115,0.9361041188240051,-0.287407785654068,0.04961884021759033,-0.19658030569553375
1.0693646669387817,0.2192263901233673,4.942900657653809,0.06535612791776657,0.32678061723709106,0.32678064703941345,0.6345326900482178,-0.6284647583961487,0.3593199849128723,-0.27072009444236755
1.0830066204071045,0.2406880408525467,4.956955909729004,0.08018339425325394,0.4009169638156891,0.4009169638156891,0.7439744472503662,-0.6270611882209778,-0.1563299596309662,-0.16987408697605133
1.0985666513442993,0.26174354553222656,4.971202850341797,0.08570308238267899,0.42851540446281433,0.42851540446281433,0.7881744503974915,-0.398410439491272,0.3168089687824249,-0.34595128893852234
1.1168997287750244,0.28216513991355896,4.985904693603516,0.0755600854754448,0.3778003752231598,0.3778004050254822,0.5869941115379333,-0.7308710217475891,0.23285362124443054,-0.2589297890663147
1.1388603448867798,0.30172494053840637,5.001325607299805,0.07403628528118134,0.37018147110939026,0.37018147110939026,0.8341308236122131,-0.42986536026000977,0.11441001296043396,-0.3261163532733917
1.1642502546310425,0.3197691738605499,5.01735258102417,0.06825274229049683,0.34126368165016174,0.34126371145248413,0.5884689092636108,-0.4666326940059662,0.49448639154434204,-0.43754029273986816
1.1893517971038818,0.3346728980541229,5.032593727111816,0.07016296684741974,0.3508147895336151,0.3508148193359375,0.6243219971656799,-0.7276747822761536,0.0833868533372879,-0.2715843915939331
1.2139918804168701,0.3468270003795624,5.046904563903809,0.07217887789011002,0.3608943819999695,0.3608943819999695,0.7537001371383667,-0.2461857944726944,0.3145723342895508,-0.5218936204910278
1.2384495735168457,0.3568340241909027,5.060300827026367,0.07398608326911926,0.3699304461479187,0.3699304163455963,0.4329164922237396,-0.6452395915985107,0.46330809593200684,-0.4261394143104553
1.2630043029785156,0.3652961850166321,5.072798728942871,0.07598444074392319,0.37992221117019653,0.3799222409725189,0.7349807024002075,-0.47515225410461426,0.06984715908765793,-0.4787014424800873
1.2879353761672974,0.3728160560131073,5.084414482116699,0.08214200288057327,0.410709947347641,0.4107099771499634,0.40763959288597107,-0.39823824167251587,0.5523573756217957,-0.6083893179893494
1.3135223388671875,0.3799959719181061,5.095163345336914,0.07005476206541061,0.35027387738227844,0.35027381777763367,0.6244521737098694,-0.6788238883018494,0.294404536485672,-0.25016722083091736
1.3400442600250244,0.3874383568763733,5.105063438415527,0.0753612294793129,0.3768061399459839,0.3768061101436615,0.7035155296325684,-0.3196222484111786,0.3263011872768402,-0.5444585084915161
1.3677806854248047,0.3957456350326538,5.114129066467285,0.08044689148664474,0.4022344648838043,0.4022344648838043,0.45977362990379333,-0.5787172913551331,0.5582129955291748,-0.37695184350013733
1.3970109224319458,0.4055202007293701,5.122377395629883,0.0745788961648941,0.3728944957256317,0.3728944957256317,0.6230564713478088,-0.6402186155319214,0.15214914083480835,-0.42281368374824524
1.4280142784118652,0.4173644185066223,5.129824161529541,0.08048436790704727,0.40242186188697815,0.40242186188697815,0.506716251373291,-0.43376344442367554,0.5193294286727905,-0.5342143774032593
1.4595928192138672,0.43069881200790405,5.135961055755615,0.07366986572742462,0.3683493435382843,0.3683493435382843,0.4742455780506134,-0.7787181735038757,0.3528054654598236,-0.2102794200181961
1.4890868663787842,0.4434514045715332,5.139901161193848,0.06440897285938263,0.32204487919807434,0.32204484939575195,0.6835489273071289,-0.4502694010734558,0.24115897715091705,-0.5214026570320129
1.5168811082839966,0.4557156264781952,5.141960144042969,0.06722564250230789,0.33612823486328125,0.33612820506095886,0.3404742479324341,-0.6912638545036316,0.517350971698761,-0.372262567281723
1.5434539318084717,0.4676557779312134,5.142486095428467,0.07311360538005829,0.365568071603775,0.36556801199913025,0.669696569442749,-0.6926166415214539,0.19804516434669495,-0.1804627776145935
1.5692838430404663,0.4794362485408783,5.141828536987305,0.07627163082361221,0.3813581168651581,0.3813581168651581,0.5054993033409119,-0.5484796166419983,0.48683997988700867,-0.454562783241272
1.5948495864868164,0.49122142791748047,5.140336513519287,0.08344312757253647,0.4172156751155853,0.4172156751155853,0.4324409067630768,-0.732694685459137,0.5020419955253601,-0.15526500344276428
1.620629072189331,0.5031756162643433,5.138359546661377,0.06410937011241913,0.32054683566093445,0.32054686546325684,0.7004668116569519,-0.5898076891899109,0.22068719565868378,-0.33581292629241943
1.6471009254455566,0.5154631733894348,5.136247158050537,0.07717510312795639,0.38587549328804016,0.38587552309036255,0.30448392033576965,-0.6216644644737244,0.554571807384491,-0.4618147909641266
1.67474365234375,0.5282484889030457,5.134347915649414,0.07260342687368393,0.36301717162132263,0.36301717162132263,0.5048096179962158,-0.8040655255317688,0.2167455106973648,-0.22730444371700287
1.704035758972168,0.5416958928108215,5.133011817932129,0.0700092539191246,0.3500462472438812,0.3500462472438812,0.5406312942504883,-0.5216513276100159,0.4397598206996918,-0.4921475648880005
1.7354553937911987,0.5559697151184082,5.132587909698486,0.06214458495378494,0.3107229173183441,0.3107229173183441,0.42221662402153015,-0.7192564010620117,0.5084019303321838,-0.21431492269039154
0.9829402565956116,0.08670198172330856,4.838922023773193,0.08387389034032822,0.41936948895454407,0.4193694591522217,0.5349003672599792,-0.5736706256866455,0.3968464732170105,-0.47675633430480957
1.0129433870315552,0.08496710658073425,4.837503433227539,0.08387339860200882,0.4193669855594635,0.4193669855594635,0.21415017545223236,-0.44361674785614014,0.6684406399726868,-0.5572530627250671
1.0426474809646606,0.08314085006713867,4.837328910827637,0.07377097755670547,0.36885491013526917,0.36885496973991394,0.49530860781669617,-0.6960904598236084,0.4827289879322052,-0.19261404871940613
1.0721955299377441,0.08126694709062576,4.837802410125732,0.08253300189971924,0.4126650094985962,0.4126649796962738,0.556817889213562,-0.32330942153930664,0.4502701461315155,-0.6186126470565796
1.1017309427261353,0.07938914746046066,4.838330268859863,0.0713077187538147,0.3565386235713959,0.3565386235713959,0.242580845952034,-0.460548460483551,0.788813054561615,-0.32683879137039185
1.1313966512680054,0.07755116373300552,4.838315010070801,0.07323253899812698,0.3661626875400543,0.36616265773773193,0.5742391347885132,-0.6136258840560913,0.46050795912742615,-0.2857361435890198
1.1613357067108154,0.07579672336578369,4.837162494659424,0.08299832791090012,0.4149916172027588,0.4149916470050812,0.4143199026584625,-0.3050394058227539,0.5542286038398743,-0.6543093323707581
1.1916913986206055,0.0741695687174797,4.834277153015137,0.06875867396593094,0.3437933921813965,0.3437933921813965,0.25918975472450256,-0.6269431114196777,0.6920483708381653,-0.24664165079593658
1.2226064205169678,0.07271341979503632,4.829063415527344,0.07293005287647247,0.36465024948120117,0.36465024948120117,0.46312105655670166,-0.6223561763763428,0.4305226802825928,-0.4613478481769562
1.254224419593811,0.07147200405597687,4.820925712585449,0.08001479506492615,0.4000738859176636,0.40007397532463074,0.1635906845331192,-0.4203600585460663,0.7741466164588928,-0.44410866498947144
1.2866878509521484,0.07048904895782471,4.809268951416016,0.0707411840558052,0.3537059426307678,0.3537059724330902,0.3288194239139557,-0.7849583029747009,0.5113735795021057,-0.11922795325517654
1.3184325695037842,0.06988302618265152,4.795232772827148,0.06416719406843185,0.3208359479904175,0.3208359479904175,0.41568154096603394,-0.4990628659725189,0.6133477091789246,-0.44938814640045166
1.3475031852722168,0.0697125792503357,4.780697345733643,0.08511379361152649,0.42556899785995483,0.4255690276622772,0.09559415280818939,-0.6759680509567261,0.6902903914451599,-0.23964166641235352
1.3742252588272095,0.06988991796970367,4.765433311462402,0.07212391495704651,0.36061954498291016,0.36061954498291016,0.554632306098938,-0.6421409845352173,0.5186732411384583,-0.10495776683092117
1.3989334106445312,0.07032676786184311,4.749204158782959,0.06741315871477127,0.33706575632095337,0.33706578612327576,0.16103039681911469,-0.627461314201355,0.6171333193778992,-0.4466632008552551
1.4219621419906616,0.07093485444784164,4.731772422790527,0.07424505800008774,0.3712252974510193,0.3712252974510193,0.14567862451076508,-0.8153131008148193,0.5584086775779724,-0.04713846370577812
1.4436461925506592,0.07162589579820633,4.712900161743164,0.08197569102048874,0.4098784327507019,0.4098784327507019,0.3990165889263153,-0.5993833541870117,0.5489293932914734,-0.4245019257068634
1.4643199443817139,0.07231160998344421,4.692350387573242,0.07519162446260452,0.3759581446647644,0.3759581446647644,0.04684478044509888,0.581473171710968,-0.8007756471633911,0.13584142923355103
1.4843180179595947,0.07290370762348175,4.669885158538818,0.07732049375772476,0.3866024613380432,0.3866024911403656,0.3691132366657257,-0.719061553478241,0.5809597969055176,0.09587293863296509
1.5039751529693604,0.07331391423940659,4.645267963409424,0.08070299029350281,0.40351492166519165,0.40351492166519165,0.21673844754695892,-0.5370858907699585,0.6819398999214172,-0.44667795300483704
1.5236258506774902,0.07345395535230637,4.618260860443115,0.07096462696790695,0.35482317209243774,0.3548232316970825,0.07077357172966003,0.7091923952102661,-0.7012103199958801,-0.018474241718649864
1.5430855751037598,0.07326560467481613,4.589048862457275,0.0730958953499794,0.3654794692993164,0.3654794991016388,0.2998756766319275,-0.7678804993629456,0.5388134717941284,-0.1735340803861618
1.5591943264007568,0.07290768623352051,4.560312747955322,0.06464968621730804,0.3232484459877014,0.3232484459877014,0.048668406903743744,0.5572497844696045,-0.8086774349212646,0.18205751478672028
1.5719119310379028,0.07243269681930542,4.532313346862793,0.06489457190036774,0.3244728744029999,0.32447290420532227,0.07507622987031937,-0.6277146339416504,0.7525181174278259,0.18453817069530487
1.5819084644317627,0.07185795158147812,4.504746437072754,0.08172862976789474,0.40864312648773193,0.4086432158946991,0.17397451400756836,-0.7215175628662109,0.633346438407898,-0.2191290259361267
1.5898542404174805,0.07120077311992645,4.477303981781006,0.06349704414606094,0.3174852430820465,0.3174852430820465,0.2084023356437683,0.537459135055542,-0.8169040083885193,-0.01933845318853855
1.5964198112487793,0.07047847658395767,4.449679374694824,0.07709953933954239,0.38549771904945374,0.38549771904945374,0.17662128806114197,-0.6483718156814575,0.7163851261138916,0.18764673173427582
1.6022751331329346,0.06970839947462082,4.421566963195801,0.06895575672388077,0.34477871656417847,0.34477880597114563,0.013718088157474995,-0.6027947068214417,0.753598690032959,-0.2618001401424408
1.608090877532959,0.06890785694122314,4.392660140991211,0.0823286920785904,0.41164347529411316,0.41164353489875793,0.19313712418079376,0.7158605456352234,-0.6399504542350769,-0.2017551213502884
1.6145371198654175,0.0680941566824913,4.362651824951172,0.07422823458909988,0.37114113569259644,0.3711411952972412,0.2419535368680954,-0.7021681070327759,0.6620811223983765,-0.1003347709774971
1.622284173965454,0.06728464365005493,4.331236362457275,0.07406961172819138,0.3703480660915375,0.3703480362892151,0.2822931706905365,0.67767333984375,-0.6710336804389954,0.10384175181388855
1.632002353668213,0.06649661064147949,4.298106670379639,0.07629968971014023,0.38149842619895935,0.38149839639663696,0.202004075050354,-0.6499338150024414,0.7037109732627869,0.20389018952846527
1.6320521831512451,0.06649310886859894,4.297951698303223,0.07175958156585693,0.3587978780269623,0.35879793763160706,0.052243731915950775,-0.6880714297294617,0.6855490207672119,-0.23205778002738953
-0.33009180426597595,0.8558776378631592,4.236017227172852,0.07020939886569977,0.35104700922966003,0.35104700922966003,0.5815297365188599,-0.3924092650413513,-0.3080627918243408,0.6426005363464355
-0.34671756625175476,0.8576393723487854,4.271086692810059,0.07738754898309708,0.3869377374649048,0.3869377374649048,0.7866107225418091,-0.013113363645970821,-0.2528003454208374,0.5631727576255798
-0.36344295740127563,0.8598094582557678,4.305755615234375,0.08184775710105896,0.4092387855052948,0.4092387557029724,0.6253023743629456,-0.4367079436779022,0.041276026517152786,0.6454297304153442
-0.3800737261772156,0.861591637134552,4.3408050537109375,0.08096729218959808,0.4048364460468292,0.4048364460468292,0.5916212201118469,-0.26638951897621155,-0.37350180745124817,0.6629610061645508
-0.3964155316352844,0.8621897101402283,4.37701416015625,0.0861746147274971,0.4308730959892273,0.4308730959892273,0.6424196362495422,-0.011821214109659195,-0.0936984270811081,0.760511577129364
-0.41227421164512634,0.8608074188232422,4.415163516998291,0.0832107812166214,0.4160539209842682,0.4160539209842682,0.5306814908981323,-0.4666198492050171,-0.11922082304954529,0.6974449753761292
-0.4274553656578064,0.8566484451293945,4.456032752990723,0.0900358110666275,0.4501790702342987,0.4501790702342987,0.5394952297210693,0.017218416556715965,-0.44155353307724,0.7167139649391174
-0.44135913252830505,0.8490335941314697,4.499422073364258,0.06667914241552353,0.33339568972587585,0.3333956003189087,0.40812334418296814,-0.13500536978244781,-0.06268388777971268,0.9007106423377991
-0.4514772295951843,0.8385289311408997,4.5394463539123535,0.08325811475515366,0.4162905514240265,0.4162905216217041,0.21906454861164093,-0.19332173466682434,-0.39837607741355896,0.8694446086883545
-0.458501398563385,0.8259391784667969,4.576148509979248,0.06944660097360611,0.3472330570220947,0.3472330570220947,0.29700374603271484,0.21525344252586365,-0.18451045453548431,0.911817193031311
-0.4637490212917328,0.8119827508926392,4.610935688018799,0.07901600748300552,0.39508000016212463,0.395080029964447,0.13064971566200256,-0.2980661690235138,-0.2309308648109436,0.9169286489486694
-0.46853750944137573,0.7973783016204834,4.645214557647705,0.0830572098493576,0.41528603434562683,0.4152858853340149,0.023987658321857452,0.02994835376739502,-0.4869714379310608,0.8725746273994446
-0.47418418526649475,0.7828441858291626,4.680393695831299,0.08772114664316177,0.4386056661605835,0.4386056363582611,0.2766246795654297,0.052138928323984146,-0.04348312318325043,0.9585768580436707
-0.4820064902305603,0.7690989971160889,4.7178802490234375,0.07572147250175476,0.3786073923110962,0.3786073625087738,0.35469743609428406,-0.2597866952419281,-0.36474090814590454,0.820770800113678
-0.4933217763900757,0.7568612694740295,4.7590813636779785,0.0795653760433197,0.3978268802165985,0.3978268802165985,0.30320364236831665,0.04344835504889488,-0.32951247692108154,0.8930853009223938
-0.5074034929275513,0.7461809515953064,4.800766468048096,0.07805982232093811,0.39029914140701294,0.3902990520000458,0.48873719573020935,-0.22799627482891083,-0.0027682434301823378,0.8421080708503723
-0.5220028162002563,0.7365615367889404,4.838188171386719,0.07681598514318466,0.3840799331665039,0.3840799033641815,0.36782538890838623,-0.252794474363327,-0.44455891847610474,0.7766381502151489
-0.5370863676071167,0.7282003164291382,4.872833251953125,0.08624164760112762,0.4312082529067993,0.43120819330215454,0.4488750696182251,0.08330009877681732,-0.22644932568073273,0.8604028224945068
-0.5526333451271057,0.72129887342453,4.9062180519104,0.07150690257549286,0.3575344979763031,0.3575344979763031,0.48066896200180054,-0.38755354285240173,-0.08392081409692764,0.782123327255249
-0.5686231851577759,0.7160586714744568,4.939861297607422,0.08143392205238342,0.4071695804595947,0.4071695804595947,0.46181464195251465,-0.2110716700553894,-0.49740999937057495,0.7033912539482117
-0.5850352644920349,0.712681233882904,4.975279808044434,0.07211407274007797,0.36057034134864807,0.36057034134864807,0.714983344078064,0.05267821624875069,-0.01641635037958622,0.6969607472419739
-0.6018489599227905,0.711368203163147,5.013991355895996,0.0780312716960907,0.3901562988758087,0.3901562988758087,0.6273765563964844,-0.47501394152641296,-0.21034196019172668,0.5801005363464355
-0.6190070509910583,0.7123122215270996,5.056670188903809,0.0784909799695015,0.3924548923969269,0.3924548923969269,0.7076513767242432,-0.007774941623210907,-0.36471763253211975,0.6051033735275269
-0.6360083818435669,0.7154934406280518,5.096421718597412,0.06616721302270889,0.33083605766296387,0.33083605766296387,0.7461363673210144,-0.26266252994537354,0.06553700566291809,0.6082711815834045
-0.6524025201797485,0.7206993699073792,5.13262939453125,0.07654190063476562,0.3827095031738281,0.3827095031738281,0.6998388171195984,-0.41556987166404724,-0.3438412845134735,0.4682953357696533
-0.6678102016448975,0.7277137637138367,5.166845321655273,0.06514677405357361,0.32573381066322327,0.32573381066322327,0.8894683122634888,0.020468197762966156,-0.14286237955093384,0.43360990285873413
-0.6818522214889526,0.7363201379776001,5.200621128082275,0.07776656746864319,0.38883286714553833,0.38883286714553833,0.7732444405555725,-0.4313710629940033,-0.018085427582263947,0.4644189774990082
-0.6941494345664978,0.7463021874427795,5.235507965087891,0.08264365792274475,0.41321825981140137,0.41321825981140137,0.7879864573478699,-0.2828153371810913,-0.3109935224056244,0.44986212253570557
-0.7043227553367615,0.7574436664581299,5.2730584144592285,0.06500653922557831,0.3250327408313751,0.32503271102905273,0.9664590954780579,-0.021012883633375168,0.10299050062894821,0.23432496190071106
-0.7119929194450378,0.769528329372406,5.314824104309082,0.0787653774023056,0.3938268721103668,0.3938268721103668,0.8379006385803223,-0.5249336361885071,-0.05705581605434418,0.13824562728405
-0.716231107711792,0.7820074558258057,5.358216285705566,0.08219929039478302,0.4109964668750763,0.4109964370727539,0.9794219732284546,-0.0548064187169075,-0.1939685195684433,-0.010251672938466072
-0.7164337038993835,0.7943081855773926,5.397428035736084,0.07677722722291946,0.3838861286640167,0.3838861286640167,0.9371109008789062,-0.2460106909275055,0.2472342997789383,0.013309048488736153
-0.7135090231895447,0.806605339050293,5.433769226074219,0.07133130729198456,0.3566565215587616,0.3566565215587616,0.8437569737434387,-0.4929005205631256,-0.14292293787002563,-0.15715038776397705
-0.708389163017273,0.8190867304801941,5.468687057495117,0.0675845742225647,0.3379228711128235,0.3379228711128235,0.983424723148346,-0.11451900005340576,0.03717152029275894,-0.13557077944278717
-0.7020060420036316,0.831939697265625,5.503628730773926,0.06248803436756134,0.3124401569366455,0.3124401569366455,0.8512821197509766,-0.3810388147830963,0.34531450271606445,-0.10433641076087952
-0.6952917575836182,0.8453519344329834,5.540042400360107,0.06597823649644852,0.3298912048339844,0.3298912048339844,0.8807801604270935,-0.4310815632343292,-0.18978498876094818,-0.04875113442540169
-0.6891780495643616,0.8595108985900879,5.579374313354492,0.07051322609186172,0.352566123008728,0.352566123008728,0.9700692892074585,-0.024208277463912964,0.10014559328556061,-0.21988718211650848
-0.6857852339744568,0.8698568344116211,5.609096527099609,0.07663000375032425,0.38314998149871826,0.38314998149871826,0.8594881296157837,-0.4687242805957794,0.1262711137533188,-0.16010411083698273
-0.44414690136909485,0.8629971146583557,4.4922075271606445,0.08111391216516495,0.40556952357292175,0.40556952357292175,0.8122185468673706,-0.21906085312366486,-0.3341745138168335,0.4250185489654541
-0.46265116333961487,0.88368821144104,4.519772529602051,0.07693230360746384,0.384661465883255,0.384661465883255,0.8140898942947388,-0.45058536529541016,0.08833298832178116,0.3555667996406555
-0.4806192219257355,0.9036051630973816,4.547266006469727,0.06996086984872818,0.3498043119907379,0.3498043119907379,0.653878927230835,-0.6084476113319397,-0.32248997688293457,0.313423216342926
-0.49857479333877563,0.923504114151001,4.574758052825928,0.0708121657371521,0.3540608286857605,0.3540608584880829,0.9180254936218262,-0.1309935301542282,-0.18454529345035553,0.32559624314308167
-0.5170417428016663,0.9441415071487427,4.60231876373291,0.08605848252773285,0.4302924573421478,0.4302924573421478,0.7704703211784363,-0.6218487620353699,-0.046972427517175674,0.13218621909618378
-0.5365437865257263,0.9662731885910034,4.630018711090088,0.08704371750354767,0.43521857261657715,0.4352185130119324,0.7299926280975342,-0.3859785497188568,-0.38983631134033203,0.4076260030269623
-0.5576049089431763,0.990655779838562,4.657928466796875,0.07455044239759445,0.37275221943855286,0.37275221943855286,0.835089921951294,-0.3843878507614136,0.014032116159796715,0.3932860493659973
-0.5807486176490784,1.0180455446243286,4.686119079589844,0.07951164245605469,0.39755815267562866,0.3975581228733063,0.6847271919250488,-0.6543167233467102,-0.15842460095882416,0.27914148569107056
-0.604304850101471,1.0456392765045166,4.712531089782715,0.08533033728599548,0.4266517162322998,0.4266517162322998,0.8285987973213196,-0.31657615303993225,-0.367596298456192,0.2794218361377716
-0.6265763640403748,1.070999264717102,4.735638618469238,0.07962067425251007,0.39810338616371155,0.39810335636138916,0.7803583741188049,-0.5668792128562927,0.005050682462751865,0.26393812894821167
-0.6479714512825012,1.0953028202056885,4.7562336921691895,0.06822224706411362,0.34111127257347107,0.34111127257347107,0.5123479962348938,-0.6818813681602478,-0.37880265712738037,0.3592296540737152
-0.668898344039917,1.1197270154953003,4.775106430053711,0.07882561534643173,0.39412808418273926,0.39412808418273926,0.8169381022453308,-0.2848794460296631,-0.17840947210788727,0.46864262223243713
-0.689765214920044,1.145449161529541,4.793050289154053,0.074908047914505,0.374540239572525,0.3745402693748474,0.7072859406471252,-0.6974107623100281,0.051211193203926086,0.10364443808794022
-0.7109804153442383,1.1736469268798828,4.810855865478516,0.0726519450545311,0.3632597029209137,0.3632597327232361,0.6875569820404053,-0.5585967898368835,-0.40832090377807617,0.22024786472320557
-0.7329520583152771,1.205497145652771,4.829315185546875,0.08577212691307068,0.4288606345653534,0.4288606345653534,0.8857667446136475,-0.4450411796569824,-0.018152911216020584,0.1304842233657837
-0.7549357414245605,1.241077184677124,4.849033832550049,0.07271641492843628,0.3635821044445038,0.3635821044445038,0.6435286998748779,-0.7253801226615906,-0.18391458690166473,0.16084106266498566
-0.77228844165802,1.275854468345642,4.86912727355957,0.06919272243976593,0.34596362709999084,0.34596359729766846,0.8396838307380676,-0.3375074863433838,-0.2767447233200073,0.3231595754623413
-0.7861919403076172,1.3096024990081787,4.88844108581543,0.06456317007541656,0.322815865278244,0.32281583547592163,0.7609125971794128,-0.6255210638046265,0.1370983123779297,-0.10459187626838684
-0.7986518144607544,1.342806100845337,4.905880451202393,0.07227053493261337,0.36135268211364746,0.3613526523113251,0.639657735824585,-0.6747191548347473,-0.25036418437957764,0.27001819014549255
-0.8116735219955444,1.3759500980377197,4.920351028442383,0.07233518362045288,0.3616759479045868,0.3616759181022644,0.8467225432395935,-0.5086175799369812,-0.09389875829219818,0.12470817565917969
-0.8272628784179688,1.4095196723937988,4.930757522583008,0.08441048860549927,0.4220524728298187,0.4220525026321411,0.479640930891037,-0.8735144138336182,-0.08253958821296692,0.010216828435659409
-0.847425103187561,1.4439995288848877,4.936007499694824,0.06365599483251572,0.31828004121780396,0.31828004121780396,0.640195369720459,-0.6231606006622314,-0.36105671525001526,0.2673177123069763
-0.8741189241409302,1.4798262119293213,4.935006141662598,0.08119560778141022,0.40597808361053467,0.40597808361053467,0.6531661748886108,-0.7386851906776428,-0.1662636250257492,-0.008633839897811413
-0.9029363393783569,1.5114742517471313,4.927191734313965,0.07597953081130981,0.3798976540565491,0.3798976540565491,0.19944077730178833,-0.7875962853431702,-0.5301777124404907,0.24254296720027924
-0.9304350018501282,1.53632652759552,4.9135589599609375,0.07030355930328369,0.35151782631874084,0.35151782631874084,0.5642953515052795,-0.7093055844306946,-0.2789677679538727,0.3172275424003601
-0.9572927951812744,1.556393027305603,4.895386695861816,0.0771370530128479,0.3856852352619171,0.3856852352619171,0.23689009249210358,-0.9261394143104553,-0.28080710768699646,-0.08541788905858994
-0.9841878414154053,1.573683738708496,4.873951435089111,0.06675956398248672,0.333797812461853,0.3337978422641754,0.23648853600025177,-0.7362459301948547,-0.5643388628959656,0.28902730345726013
-1.0117981433868408,1.5902085304260254,4.850531101226807,0.06729164719581604,0.3364582657814026,0.3364582657814026,0.5625646710395813,-0.7334858179092407,-0.38082724809646606,0.022140497341752052
-1.0408012866973877,1.6079773902893066,4.82640266418457,0.08122216165065765,0.4061107635498047,0.40611082315444946,0.1487857699394226,-0.8690623641014099,-0.44239336252212524,0.16395564377307892
-1.0718756914138794,1.6290004253387451,4.802844047546387,0.07371652871370316,0.3685825765132904,0.3685825765132904,0.4919241666793823,-0.6576071977615356,-0.4493364989757538,0.3516533374786377
-1.0837295055389404,1.6377747058868408,4.794728755950928,0.07521852850914001,0.3760927617549896,0.376092791557312,0.3829936981201172,-0.8922209739685059,-0.23805029690265656,0.024280793964862823
-0.7363296151161194,0.7763155102729797,5.345508575439453,0.06800111383199692,0.3400055468082428,0.3400055468082428,0.5317448973655701,-0.3403095304965973,-0.5078612565994263,0.5861005187034607
-0.7632998824119568,0.7819088101387024,5.372901916503906,0.0697188675403595,0.3485943078994751,0.3485943377017975,0.8120043277740479,-0.2357504516839981,-0.15753932297229767,0.5101490616798401
-0.7898633480072021,0.7874178290367126,5.3998823165893555,0.0795159712433815,0.3975798189640045,0.3975798189640045,0.6109620928764343,-0.525201141834259,-0.3412497043609619,0.4841877222061157
-0.8163889050483704,0.7929189205169678,5.426824569702148,0.0811314731836319,0.4056573212146759,0.4056573212146759,0.5769754648208618,-0.14187970757484436,-0.4117194712162018,0.6909823417663574
-0.8432453870773315,0.7984885573387146,5.454102516174316,0.07757047563791275,0.38785243034362793,0.38785237073898315,0.7053531408309937,-0.40255478024482727,-0.12236990034580231,0.5704842209815979
-0.8708013296127319,0.804203450679779,5.482090950012207,0.06909094750881195,0.34545475244522095,0.34545475244522095,0.5589704513549805,-0.4875338673591614,-0.49477681517601013,0.4528343081474304
-0.8994256854057312,0.8101397752761841,5.511164665222168,0.07302647083997726,0.3651323616504669,0.3651323616504669,0.7943248152732849,-0.12461299449205399,-0.24411620199680328,0.5421503186225891
-0.9294871091842651,0.8163741827011108,5.541697978973389,0.07704660296440125,0.38523298501968384,0.3852330148220062,0.6268625259399414,-0.5468776822090149,-0.21603786945343018,0.5111710429191589
-0.9613543748855591,0.8229831457138062,5.574065685272217,0.0752701535820961,0.3763507604598999,0.3763507902622223,0.6419166326522827,-0.23540553450584412,-0.5024521946907043,0.5292156338691711
-0.8728772401809692,1.479878544807434,4.935611724853516,0.06998609751462936,0.3499305248260498,0.3499305248260498,0.8040401935577393,-0.5828028917312622,0.06682362407445908,0.09692602604627609
-0.8892095685005188,1.5157874822616577,4.937817573547363,0.0635247454047203,0.31762373447418213,0.31762370467185974,0.46417295932769775,-0.86907958984375,-0.11984480917453766,0.12198935449123383
-0.9051121473312378,1.550751805305481,4.939966201782227,0.08350559324026108,0.417527973651886,0.4175279438495636,0.6808578372001648,-0.6261484622955322,-0.27302655577659607,0.2642483115196228
-0.920893669128418,1.5854498147964478,4.942098140716553,0.07971324026584625,0.39856618642807007,0.39856618642807007,0.6817346215248108,-0.7282726168632507,0.06463851779699326,0.02605283074080944
-0.9368625283241272,1.6205600500106812,4.944255352020264,0.07754618674516678,0.3877309262752533,0.3877309262752533,0.49198615550994873,-0.7989409565925598,-0.3233349919319153,0.12287174165248871
-0.9533272981643677,1.656760334968567,4.946479320526123,0.06691040843725204,0.3345520496368408,0.3345520496368408,0.8493685722351074,-0.48282575607299805,-0.1117689460515976,0.18154892325401306
-0.9705966711044312,1.6947295665740967,4.948812484741211,0.07329989224672318,0.36649951338768005,0.36649951338768005,0.5043646097183228,-0.8590347170829773,0.024764150381088257,0.08403860032558441
-0.9889788627624512,1.7351456880569458,4.951295852661133,0.06966257840394974,0.3483128845691681,0.3483129143714905,0.49335286021232605,-0.7216634154319763,-0.3058699071407318,0.3771584630012512
-0.996071457862854,1.7507398128509521,4.952253818511963,0.07729791104793549,0.3864895701408386,0.38648954033851624,0.7868093252182007,-0.5885006189346313,-0.0031520798802375793,0.18597890436649323
0.059625547379255295,-0.4594748616218567,4.750349998474121,0.0786624476313591,0.3933122456073761,0.3933122456073761,0.3601134121417999,-0.20336508750915527,-0.45507729053497314,0.7885845899581909
0.05442662537097931,-0.467130571603775,4.769522666931152,0.07558506727218628,0.377925306558609,0.3779252767562866,0.360041081905365,0.16388458013534546,-0.21106961369514465,0.8938466906547546
0.049249034374952316,-0.4746891260147095,4.7884016036987305,0.08494437485933304,0.4247218370437622,0.4247218668460846,0.41104406118392944,-0.4021894633769989,-0.2505166232585907,0.7787989974021912
0.04408497363328934,-0.48218607902526855,4.807094573974609,0.08237337321043015,0.41186681389808655,0.41186678409576416,0.1421988159418106,0.1103394627571106,-0.5109499096870422,0.8405563235282898
0.038926638662815094,-0.4896570146083832,4.825708866119385,0.08204235881567001,0.4102117717266083,0.4102117717266083,0.21621164679527283,-0.05734466761350632,-0.027549536898732185,0.9742715954780579
0.03376621752977371,-0.4971373975276947,4.844351291656494,0.09014899283647537,0.45074498653411865,0.45074498653411865,0.3398975729942322,-0.3411417007446289,-0.4837328791618347,0.7308176755905151
0.02859591878950596,-0.504662811756134,4.86313009262085,0.07028994709253311,0.3514496982097626,0.3514496684074402,0.21638347208499908,0.22675777971744537,-0.3036345839500427,0.8997583985328674
0.02340792305767536,-0.5122687816619873,4.882152557373047,0.08027256280183792,0.4013627767562866,0.40136274695396423,0.2875070571899414,-0.277334600687027,-0.11405149847269058,0.9096249341964722
0.018194429576396942,-0.5199907422065735,4.901525974273682,0.06788472831249237,0.33942362666130066,0.3394235670566559,0.18905450403690338,-0.10258304327726364,-0.5622946619987488,0.7984734177589417
0.01294763945043087,-0.527864396572113,4.92135763168335,0.08226794749498367,0.4113397002220154,0.411339670419693,0.2573261559009552,0.11383682489395142,-0.11791327595710754,0.9523239731788635
0.007659739349037409,-0.5359251499176025,4.941755294799805,0.08282586932182312,0.4141293168067932,0.4141292870044708,0.28082647919654846,-0.28852441906929016,-0.2942116856575012,0.8667927384376526
0.0023229261860251427,-0.5442086458206177,4.962826728820801,0.06898298114538193,0.34491488337516785,0.34491485357284546,0.2073710858821869,0.06959862262010574,-0.4448999762535095,0.8684568405151367
-0.003070601262152195,-0.5527503490447998,4.984678268432617,0.0833175778388977,0.4165878891944885,0.4165878891944885,0.36610186100006104,-0.11697861552238464,0.01929592154920101,0.9229913949966431
-0.008528650738298893,-0.5615858435630798,5.007418632507324,0.07091481238603592,0.3545739948749542,0.3545739948749542,0.34440428018569946,-0.15059387683868408,-0.4803476631641388,0.7924476861953735
-0.013925377279520035,-0.5704103708267212,5.030399322509766,0.07361482083797455,0.3680741488933563,0.36807411909103394,0.1863456666469574,0.12518249452114105,-0.1824016571044922,0.9572535157203674
-0.019007008522748947,-0.5786006450653076,5.052215576171875,0.06791277974843979,0.33956393599510193,0.33956393599510193,0.23662890493869781,-0.39900097250938416,-0.14859600365161896,0.8733407855033875
-0.023798897862434387,-0.5862492918968201,5.0730109214782715,0.06957562267780304,0.347878098487854,0.347878098487854,0.19633100926876068,0.04759147763252258,-0.5745099782943726,0.7931755185127258
-0.028334930539131165,-0.5934709310531616,5.0929789543151855,0.07598910480737686,0.3799454867839813,0.3799454867839813,0.39254796504974365,-0.003299638396129012,-0.01811244711279869,0.9195472598075867
-0.03264899179339409,-0.600380003452301,5.112309455871582,0.06746679544448853,0.33733391761779785,0.33733388781547546,0.19725491106510162,-0.2717183232307434,-0.41547155380249023,0.8453656435012817
-0.036774955689907074,-0.6070908308029175,5.131194591522217,0.06969097256660461,0.34845486283302307,0.34845486283302307,0.17781910300254822,0.20446956157684326,-0.3267427980899811,0.9054345488548279
-0.040746718645095825,-0.6137182116508484,5.149826526641846,0.07871580868959427,0.39357906579971313,0.39357900619506836,0.22595418989658356,-0.24392235279083252,-0.010607503354549408,0.9430451393127441
-0.04459815472364426,-0.6203764081001282,5.16839599609375,0.08323170244693756,0.4161584675312042,0.4161583483219147,0.18850177526474,-0.12417210638523102,-0.4410361349582672,0.8686400651931763
-0.04836314544081688,-0.6271798610687256,5.187096118927002,0.07624351978302002,0.3812175393104553,0.38121750950813293,0.1529790163040161,0.15582868456840515,-0.1711665391921997,0.9607377052307129
-0.0520755797624588,-0.6342433094978333,5.206117153167725,0.07503686100244522,0.3751842975616455,0.3751842677593231,0.29542815685272217,-0.34770968556404114,-0.19190679490566254,0.8689027428627014
-0.055769335478544235,-0.6416810750961304,5.225651741027832,0.0673217847943306,0.3366089165210724,0.33660888671875,0.19727928936481476,0.0680176243185997,-0.4643736481666565,0.8607041239738464
-0.05947830528020859,-0.64960777759552,5.245891571044922,0.0874718576669693,0.4373593032360077,0.4373593032360077,0.25776004791259766,-0.04400600492954254,0.02850622683763504,0.9647852182388306
-0.06323635578155518,-0.6581376791000366,5.267028331756592,0.07501233369112015,0.37506163120269775,0.37506166100502014,0.2620466649532318,-0.23166516423225403,-0.5230852961540222,0.7772030234336853
-0.06707737594842911,-0.667385458946228,5.289253234863281,0.08168800175189972,0.4084399938583374,0.4084399938583374,0.06329729408025742,0.2214878797531128,-0.237930566072464,0.9435706734657288
-0.07092101871967316,-0.6772430539131165,5.312239646911621,0.082157202064991,0.4107860028743744,0.41078606247901917,0.25249987840652466,-0.23358669877052307,-0.19211187958717346,0.9191159605979919
-0.0743456482887268,-0.6868854761123657,5.334057331085205,0.08212293684482574,0.41061466932296753,0.41061463952064514,0.2338608056306839,0.04461580887436867,-0.47027915716171265,0.8497976660728455
-0.07736656814813614,-0.6962719559669495,5.3546881675720215,0.08356259018182755,0.41781294345855713,0.4178127944469452,0.23281098902225494,-0.017599165439605713,-0.04750857874751091,0.9712014198303223
-0.0800507441163063,-0.70545893907547,5.3743438720703125,0.07647603005170822,0.3823802173137665,0.3823801875114441,0.10700514912605286,-0.20295394957065582,-0.47775840759277344,0.8480014801025391
-0.08246514201164246,-0.7145029306411743,5.393237113952637,0.08351201564073563,0.41756007075309753,0.41756007075309753,0.19220295548439026,0.276144415140152,-0.25655505061149597,0.906080424785614
-0.08467674255371094,-0.7234605550765991,5.411581039428711,0.07469414174556732,0.3734707236289978,0.373470664024353,0.13764400780200958,-0.31593412160873413,-0.19239038228988647,0.9188175797462463
-0.0867525115609169,-0.7323881387710571,5.429587364196777,0.0769105926156044,0.3845529556274414,0.3845529556274414,0.030913610011339188,0.0019958303309977055,0.48847535252571106,-0.8720276355743408
-0.0887594074010849,-0.741342306137085,5.4474687576293945,0.07519812136888504,0.3759905993938446,0.3759904205799103,0.09058144688606262,0.13165928423404694,-0.0775584802031517,0.9840962886810303
-0.09076441079378128,-0.7503795623779297,5.465436935424805,0.06881415098905563,0.34407076239585876,0.34407076239585876,0.2341732233762741,-0.20168273150920868,-0.3916935622692108,0.8666390180587769
-0.09283447265625,-0.7595563530921936,5.483705043792725,0.06984665244817734,0.3492332398891449,0.3492332398891449,0.09698392450809479,0.2367577850818634,-0.3812727630138397,0.8883529305458069
-0.0950365737080574,-0.7689293622970581,5.502485275268555,0.08398198336362839,0.4199099540710449,0.41990989446640015,0.20243658125400543,-0.19381660223007202,-0.13493002951145172,0.9503938555717468
-0.09743768721818924,-0.7785549163818359,5.5219902992248535,0.07803816348314285,0.3901907503604889,0.3901907503604889,0.19857610762119293,0.008703229948878288,-0.5711421370506287,0.7964223027229309
-0.10010476410388947,-0.7884894609451294,5.5424323081970215,0.08484602719545364,0.42423009872436523,0.4242301285266876,0.10764861106872559,0.07870038598775864,-0.11383556574583054,0.9845097661018372
-0.10310478508472443,-0.7987897992134094,5.564023971557617,0.06864703446626663,0.34323516488075256,0.34323516488075256,0.19949160516262054,-0.3055849075317383,-0.3924177587032318,0.844292163848877
-0.10653480887413025,-0.8094297051429749,5.5867390632629395,0.08581870794296265,0.42909353971481323,0.42909350991249084,0.018748031929135323,0.1389760971069336,-0.4237881600856781,0.8948395252227783
-0.11065839976072311,-0.8197057843208313,5.608582496643066,0.0649736076593399,0.32486802339553833,0.32486802339553833,0.16049189865589142,-0.10950327664613724,-0.003837392432615161,0.980936586856842
-0.11537482589483261,-0.8294996619224548,5.629235744476318,0.07985768467187881,0.3992884159088135,0.3992883861064911,0.21656906604766846,-0.26089799404144287,-0.5177174210548401,0.7854927182197571
-0.1205005943775177,-0.8388793468475342,5.648913383483887,0.06964554637670517,0.34822773933410645,0.34822770953178406,0.18699222803115845,0.1616029441356659,-0.31247371435165405,0.9172124266624451
-0.12585224211215973,-0.8479130864143372,5.667834281921387,0.06374058872461319,0.31870296597480774,0.31870293617248535,0.17190253734588623,-0.28146010637283325,-0.1378028392791748,0.9339379668235779
-0.13124628365039825,-0.8566687703132629,5.686214923858643,0.08262456953525543,0.41312283277511597,0.41312283277511597,0.11456001549959183,-0.17371350526809692,-0.5919325351715088,0.7786626219749451
-0.13649925589561462,-0.865214467048645,5.70427131652832,0.07364975661039352,0.36824876070022583,0.36824867129325867,0.20900480449199677,0.09659814834594727,-0.2390899956226349,0.943303644657135
-0.1414276510477066,-0.8736183643341064,5.7222208976745605,0.06636878103017807,0.33184388279914856,0.33184391260147095,0.18954841792583466,-0.3540724813938141,-0.209755539894104,0.8914632201194763
-0.14584800601005554,-0.8819483518600464,5.740281105041504,0.07078725099563599,0.35393625497817993,0.35393622517585754,0.09839139878749847,-0.017784183844923973,-0.5157610774040222,0.8508780002593994
-0.1495768427848816,-0.8902726173400879,5.758667945861816,0.07280758768320084,0.36403796076774597,0.3640378415584564,0.2490590512752533,0.05900777131319046,-0.06771717965602875,0.9643142819404602
-0.15243065357208252,-0.8986591696739197,5.7775983810424805,0.07307600975036621,0.36538004875183105,0.36538001894950867,0.044542472809553146,-0.2254486382007599,-0.3787902891635895,0.8964969515800476
-0.15422600507736206,-0.9071760177612305,5.797289848327637,0.08217231929302216,0.4108615815639496,0.4108615815639496,0.008644585497677326,-0.2646210193634033,0.39654412865638733,-0.8790072202682495
-0.15477940440177917,-0.9158912897109985,5.817958354949951,0.06850586831569672,0.3425293266773224,0.3425293266773224,0.13263288140296936,-0.18045739829540253,-0.016553683206439018,0.974458634853363
-0.15390734374523163,-0.9248729944229126,5.839821815490723,0.07587753236293793,0.37938764691352844,0.37938761711120605,0.0235136728733778,0.09427254647016525,-0.5779832601547241,0.8102439045906067
-0.15143635869026184,-0.9341621994972229,5.863030433654785,0.08392276614904404,0.41961386799812317,0.4196138083934784,0.09510110318660736,-0.1282426118850708,0.042616430670022964,-0.9862522482872009
-0.14758352935314178,-0.9429460763931274,5.885622024536133,0.07498849928379059,0.37494248151779175,0.37494251132011414,0.17566612362861633,0.05927545204758644,0.4087226986885071,-0.8936294317245483
-0.1425906866788864,-0.9509049654006958,5.906768321990967,0.07820199429988861,0.39100998640060425,0.39100995659828186,0.37400683760643005,-0.37651318311691284,0.2768861949443817,-0.8010560274124146
-0.1365717500448227,-0.9581579566001892,5.926701068878174,0.06335677206516266,0.3167838752269745,0.3167838454246521,0.33541572093963623,0.08518620580434799,0.11923538148403168,-0.9306033253669739
-0.12964054942131042,-0.9648237824440002,5.945650100708008,0.07622156292200089,0.38110780715942383,0.38110780715942383,0.25136038661003113,-0.20546680688858032,0.5060073733329773,-0.7990981340408325
-0.12191107124090195,-0.9710215926170349,5.9638471603393555,0.08108008652925491,0.40540042519569397,0.4054003953933716,0.3660961985588074,-0.21944084763526917,0.10291102528572083,-0.8984590172767639
-0.11349716037511826,-0.9768700003623962,5.981524467468262,0.06387363374233246,0.3193681240081787,0.3193680942058563,0.27465537190437317,0.02493361197412014,0.5130665898323059,-0.8128378391265869
-0.10451271384954453,-0.9824880957603455,5.998910427093506,0.06886214017868042,0.3443106710910797,0.3443106412887573,0.39466920495033264,-0.45419976115226746,0.2160491943359375,-0.7689353227615356
-0.09507165104150772,-0.9879946708679199,6.016237258911133,0.07177789509296417,0.3588894307613373,0.3588893413543701,0.43734124302864075,0.04077814146876335,0.24907861649990082,-0.863150954246521
-0.08528786897659302,-0.9935087561607361,6.0337371826171875,0.073802150785923,0.3690107464790344,0.36901071667671204,0.29195570945739746,-0.3880951404571533,0.5399889349937439,-0.6874271035194397
-0.0752752497792244,-0.9991490840911865,6.051638603210449,0.0801883414387703,0.4009416997432709,0.4009415805339813,0.5506676435470581,-0.18818658590316772,0.07389955222606659,-0.8098702430725098
-0.06514771282672882,-1.0050348043441772,6.0701751708984375,0.06299268454313278,0.3149634003639221,0.3149634003639221,0.41046142578125,-0.009342414326965809,0.46882686018943787,-0.7820712924003601
-0.05501914769411087,-1.011284589767456,6.089576721191406,0.08232642710208893,0.41163209080696106,0.41163209080696106,0.37202879786491394,-0.38146254420280457,0.2903181314468384,-0.7948561310768127
-0.04500344768166542,-1.0180175304412842,6.110074996948242,0.07314912229776382,0.3657456040382385,0.3657456040382385,0.38157975673675537,0.09626427292823792,0.1446109414100647,-0.9078643918037415
-0.03521452099084854,-1.0253522396087646,6.131899356842041,0.06853318959474564,0.3426659107208252,0.3426659107208252,0.43245208263397217,-0.17743106186389923,0.5315061807632446,-0.706402599811554
-0.15407665073871613,-0.9358183145523071,5.859962463378906,0.07308103889226913,0.3654051721096039,0.3654051423072815,0.048150185495615005,0.055095043033361435,-0.5594568848609924,0.8256234526634216
-0.16402237117290497,-0.9531905055046082,5.868074417114258,0.07958296686410904,0.397914856672287,0.397914856672287,0.38299494981765747,-0.2679238021373749,-0.5359792113304138,0.7030348181724548
-0.1737808734178543,-0.9702355861663818,5.876033782958984,0.07224541157484055,0.3612270951271057,0.3612270653247833,0.1311289221048355,-0.07615527510643005,-0.7453919053077698,0.649150550365448
-0.18340837955474854,-0.9870518445968628,5.883885860443115,0.08041667938232422,0.4020833671092987,0.4020833671092987,0.15173354744911194,-0.12014996260404587,-0.3898497521877289,0.9003099799156189
-0.19296105206012726,-1.003737449645996,5.891676425933838,0.07548194378614426,0.37740975618362427,0.37740975618362427,0.2535935044288635,-0.4245358407497406,-0.6648839116096497,0.5598115921020508
-0.20249514281749725,-1.0203906297683716,5.899452209472656,0.076180599629879,0.3809029757976532,0.3809029459953308,0.08070217072963715,0.15600888431072235,-0.685941219329834,0.7061395645141602
-0.2120668739080429,-1.037109375,5.907258987426758,0.07683499902486801,0.38417497277259827,0.38417500257492065,0.20117750763893127,-0.2884182333946228,-0.44897615909576416,0.8214395642280579
-0.22173243761062622,-1.0539922714233398,5.91514253616333,0.07309912145137787,0.36549559235572815,0.36549559235572815,0.25367140769958496,-0.1481894850730896,-0.7757270336151123,0.5585143566131592
-0.23154804110527039,-1.0711370706558228,5.923148155212402,0.0783505067229271,0.3917525112628937,0.3917525112628937,0.06990903615951538,0.020140334963798523,-0.4511377513408661,0.8894839882850647
-0.24156992137432098,-1.0886422395706177,5.93132209777832,0.06870820373296738,0.3435409963130951,0.3435409665107727,0.3930075466632843,-0.30241185426712036,-0.5937220454216003,0.6337082982063293
-0.2518543004989624,-1.1066057682037354,5.939709663391113,0.07461344450712204,0.3730672597885132,0.3730672597885132,0.17158958315849304,0.09313510358333588,-0.7223578691482544,0.6633867621421814
-0.26245731115341187,-1.1251261234283447,5.948357105255127,0.07399003952741623,0.36995017528533936,0.36995014548301697,0.2310936003923416,-0.2772921323776245,-0.3753441274166107,0.8537105321884155
-0.2734352946281433,-1.144301176071167,5.957310676574707,0.061470143496990204,0.30735069513320923,0.30735069513320923,0.1829289048910141,-0.26212990283966064,-0.7834441065788269,0.532954216003418
-0.2848443388938904,-1.164229393005371,5.966616153717041,0.08210469782352448,0.4105234146118164,0.41052335500717163,0.0015444427262991667,-0.03365291655063629,0.5350643396377563,-0.8441393375396729
-0.28944629430770874,-1.1722675561904907,5.970369338989258,0.07053876668214798,0.3526938259601593,0.3526937961578369,0.36899060010910034,-0.26637783646583557,-0.5365164875984192,0.7106608748435974
0.6100608706474304,0.8594287037849426,3.9226784706115723,0.08916245400905609,0.44581228494644165,0.44581225514411926,0.39148035645484924,-0.43472880125045776,0.4803510904312134,-0.6534652709960938
0.618979275226593,0.8525190353393555,3.937793731689453,0.08394144475460052,0.4197072684764862,0.41970720887184143,0.457215279340744,-0.10905458778142929,0.15214918553829193,-0.8694319725036621
0.6276946663856506,0.8456290364265442,3.9527273178100586,0.0841173455119133,0.4205867350101471,0.4205867052078247,0.3049885928630829,-0.02563055045902729,0.6067468523979187,-0.7336097359657288
0.6362634897232056,0.838753342628479,3.967529058456421,0.07481544464826584,0.3740772306919098,0.374077171087265,0.3625592887401581,-0.3654590845108032,0.2794111669063568,-0.8105059266090393
0.6447420120239258,0.8318864703178406,3.9822499752044678,0.07238560169935226,0.36192798614501953,0.36192798614501953,0.4312369227409363,0.13828615844249725,0.26189589500427246,-0.8522453904151917
0.6531868577003479,0.82502281665802,3.996941089630127,0.08864422142505646,0.4432210922241211,0.4432210624217987,0.26898568868637085,-0.29617640376091003,0.5700675845146179,-0.717599630355835
0.6616541743278503,0.8181569576263428,4.011651992797852,0.08032789081335068,0.4016394019126892,0.4016394019126892,0.3986864984035492,-0.22669115662574768,0.066251739859581,-0.8861551284790039
0.6702004671096802,0.8112834692001343,4.026433944702148,0.09007742255926132,0.45038706064224243,0.4503870904445648,0.2085479199886322,-0.03211677446961403,0.5323466062545776,-0.8198069334030151
0.6788820624351501,0.8043968081474304,4.041337013244629,0.07729670405387878,0.3864835500717163,0.3864835202693939,0.5221084952354431,-0.3968283236026764,0.3252445161342621,-0.681282639503479
0.6877553462982178,0.7974915504455566,4.0564117431640625,0.07937970757484436,0.3968985378742218,0.3968985378742218,0.42485424876213074,-0.014557546004652977,0.22502726316452026,-0.8767266869544983
0.696876585483551,0.7905620336532593,4.071708679199219,0.07986744493246078,0.3993372321128845,0.39933720231056213,0.36100882291793823,-0.18758583068847656,0.5563263893127441,-0.7245585918426514
0.7063024044036865,0.7836030721664429,4.087278842926025,0.07381768524646759,0.36908847093582153,0.36908844113349915,0.43883585929870605,-0.3856816589832306,0.08375070989131927,-0.8072537183761597
0.7160889506340027,0.7766088843345642,4.103172302246094,0.08482342958450317,0.42411714792251587,0.42411714792251587,0.4202865660190582,0.02864660881459713,0.41137415170669556,-0.8082758784294128
0.7262926697731018,0.7695741653442383,4.119439601898193,0.08728275448083878,0.4364137649536133,0.4364137649536133,0.3059919476509094,-0.45795854926109314,0.4604969620704651,-0.6961217522621155
0.7369700074195862,0.762493371963501,4.136131286621094,0.08184196054935455,0.4092097580432892,0.40920981764793396,0.5310347080230713,-0.06895944476127625,0.09198439121246338,-0.8395150899887085
0.7481772899627686,0.755361020565033,4.1532979011535645,0.08661090582609177,0.43305450677871704,0.43305450677871704,0.4365440309047699,-0.09735260903835297,0.5304356217384338,-0.7201318144798279
0.75994473695755,0.7481759190559387,4.170961380004883,0.07838056236505508,0.3919028043746948,0.39190277457237244,0.5062572360038757,-0.35988253355026245,0.32433032989501953,-0.713441014289856
0.7714728116989136,0.7410745024681091,4.188215732574463,0.0752265676856041,0.37613287568092346,0.37613287568092346,0.4545576870441437,0.071439228951931,0.1913081556558609,-0.8669918775558472
0.7824397683143616,0.734135627746582,4.204686641693115,0.0712595283985138,0.35629767179489136,0.3562976121902466,0.4778955578804016,-0.19053146243095398,0.5373355746269226,-0.6682694554328918
0.7929490804672241,0.7273730039596558,4.2204742431640625,0.06706157326698303,0.33530786633491516,0.3353078365325928,0.4185754358768463,-0.33793503046035767,0.2110549658536911,-0.8161190748214722
0.8031039834022522,0.7208001613616943,4.235677242279053,0.07208531349897385,0.36042651534080505,0.3604264259338379,0.4362635910511017,0.025866588577628136,0.4110773801803589,-0.8000127673149109
0.8130081295967102,0.7144313454627991,4.250394344329834,0.08141408860683441,0.40707045793533325,0.40707042813301086,0.3798702657222748,-0.3822796046733856,0.4762119948863983,-0.6948258876800537
0.8227646946907043,0.7082798480987549,4.2647271156311035,0.07748599350452423,0.38743001222610474,0.38742998242378235,0.572378933429718,-0.1331002563238144,0.05464976280927658,-0.8072670102119446
0.8324772715568542,0.7023599147796631,4.278773307800293,0.07298757135868073,0.36493781208992004,0.36493781208992004,0.24620914459228516,-0.054296184331178665,0.597441554069519,-0.7612467408180237
0.8422491550445557,0.6966851949691772,4.292632102966309,0.06816085427999496,0.3408042788505554,0.34080424904823303,0.38506245613098145,-0.3848499655723572,0.2680886685848236,-0.7948244214057922
0.8521838188171387,0.6912693977355957,4.306403636932373,0.0799160897731781,0.3995804190635681,0.3995804190635681,0.31729596853256226,0.08591771125793457,0.3519202172756195,-0.8764094710350037
0.8623846769332886,0.6861263513565063,4.320187091827393,0.07175923138856888,0.3587961792945862,0.35879620909690857,0.3339475095272064,-0.4857321083545685,0.4449082911014557,-0.6742402911186218
0.8729551434516907,0.6812698841094971,4.334081649780273,0.0699407234787941,0.3497036099433899,0.3497036099433899,0.5511147379875183,-0.09196953475475311,0.10329508036375046,-0.8228877782821655
0.8839986324310303,0.6767138242721558,4.348187446594238,0.08286676555871964,0.4143338203430176,0.4143337905406952,0.390704870223999,-0.21532878279685974,0.5346437692642212,-0.7177320122718811
0.8956185579299927,0.6724718809127808,4.362602233886719,0.08724977821111679,0.43624886870384216,0.4362488389015198,0.6379045248031616,-0.44841501116752625,0.20025478303432465,-0.5932114720344543
0.9079182744026184,0.6685580015182495,4.377427577972412,0.07244837284088135,0.3622418940067291,0.36224186420440674,0.5805464386940002,-0.08485530316829681,0.32180532813072205,-0.7431061267852783
0.9210013747215271,0.6649858951568604,4.39276123046875,0.06662021577358246,0.3331010937690735,0.3331010937690735,0.46803945302963257,-0.37551993131637573,0.5677375793457031,-0.5635582208633423
0.934971034526825,0.6617692708969116,4.408702850341797,0.07188583165407181,0.35942915081977844,0.35942912101745605,0.689756453037262,-0.3565770983695984,0.10674058645963669,-0.6210437417030334
0.9498100876808167,0.6589450836181641,4.425199031829834,0.07519528269767761,0.3759763538837433,0.3759763538837433,0.6065917015075684,-0.0009819387923926115,0.44108766317367554,-0.6614282131195068
0.9644914269447327,0.6567198038101196,4.440940856933594,0.08682399243116379,0.43411993980407715,0.43411993980407715,0.4426230192184448,-0.5127428770065308,0.40559864044189453,-0.6137339472770691
0.9788084626197815,0.6551012992858887,4.455711364746094,0.07066084444522858,0.3533041775226593,0.3533041775226593,0.7154352068901062,-0.22103150188922882,0.18577516078948975,-0.6362272500991821
0.9928239583969116,0.6540421843528748,4.469640731811523,0.06502817571163177,0.3251408338546753,0.3251408338546753,0.43198561668395996,-0.2988356351852417,0.48340535163879395,-0.7002891898155212
1.0066004991531372,0.6534950733184814,4.482857704162598,0.07268766313791275,0.36343830823898315,0.36343830823898315,0.6502116322517395,-0.4845091998577118,0.2162122279405594,-0.5438086986541748
1.0202007293701172,0.6534122228622437,4.495491981506348,0.08435145765542984,0.4217572510242462,0.42175719141960144,0.6769533157348633,-0.12915775179862976,0.33880704641342163,-0.6405171751976013
1.0336873531341553,0.6537465453147888,4.507673263549805,0.08598911762237549,0.42994561791419983,0.42994558811187744,0.4321770966053009,-0.5223754644393921,0.4622111916542053,-0.5715835094451904
1.0471231937408447,0.6544502973556519,4.519532203674316,0.08439616858959198,0.4219807982444763,0.42198076844215393,0.6168166399002075,-0.3442232310771942,0.14267101883888245,-0.6933199763298035
1.0605705976486206,0.6554760932922363,4.531197547912598,0.08053156733512878,0.40265780687332153,0.40265780687332153,0.5854170918464661,-0.24496017396450043,0.5652014017105103,-0.5270946025848389
1.0740927457809448,0.656776487827301,4.542799472808838,0.06491071730852127,0.32455360889434814,0.32455354928970337,0.6083924770355225,-0.5476965308189392,0.2544073462486267,-0.5149407982826233
1.087751865386963,0.6583040356636047,4.55446720123291,0.06598848104476929,0.32994240522384644,0.32994240522384644,0.7292256355285645,-0.08452307432889938,0.2376948744058609,-0.636071503162384
1.101610779762268,0.6600112318992615,4.566330909729004,0.06804392486810684,0.340219646692276,0.3402196168899536,0.5114673376083374,-0.45413732528686523,0.5236916542053223,-0.5078458786010742
1.1157323122024536,0.6618506908416748,4.57852029800415,0.07739517837762833,0.3869759142398834,0.3869759440422058,0.6352514028549194,-0.4442065954208374,0.0755002424120903,-0.6272446513175964
1.1301789283752441,0.6637747883796692,4.591164588928223,0.07448378205299377,0.3724188804626465,0.3724188506603241,0.5295031666755676,-0.13903288543224335,0.5423558950424194,-0.6372961401939392
1.1450133323669434,0.665736198425293,4.604393482208252,0.06501151621341705,0.3250575661659241,0.3250575661659241,0.6255378127098083,-0.62054842710495,0.3254472315311432,-0.34308335185050964
1.1602983474731445,0.6676874756813049,4.6183366775512695,0.07548124343156815,0.37740617990493774,0.37740617990493774,0.7738824486732483,-0.21690751612186432,0.15349704027175903,-0.5748876333236694
1.1760965585708618,0.6695810556411743,4.633124351501465,0.07495281100273132,0.3747640550136566,0.3747640550136566,0.6341754794120789,-0.2932108938694,0.49488478899002075,-0.5166603326797485
1.1921842098236084,0.6713328957557678,4.648601531982422,0.08369673788547516,0.4184836745262146,0.4184836745262146,0.6991817355155945,-0.5231017470359802,0.2555595338344574,-0.414968341588974
1.207471489906311,0.6727979183197021,4.663694858551025,0.07445625215768814,0.37228119373321533,0.3722812235355377,0.6726081967353821,-0.21134892106056213,0.24397116899490356,-0.6658887267112732
1.221950888633728,0.6740335822105408,4.6783318519592285,0.08345545828342438,0.4172773063182831,0.4172772765159607,0.5992544889450073,-0.3663216829299927,0.5363309383392334,-0.46802958846092224
1.2357439994812012,0.6751168966293335,4.692563533782959,0.07576730102300644,0.3788365125656128,0.3788365125656128,0.6050539016723633,-0.44305840134620667,0.11747986823320389,-0.6510050296783447
1.248971939086914,0.6761246919631958,4.706442832946777,0.0844184085726738,0.4220920503139496,0.4220920503139496,0.61199551820755,-0.15737977623939514,0.4134703278541565,-0.6555421352386475
1.261756420135498,0.6771339178085327,4.720020294189453,0.07184798270463943,0.3592399060726166,0.3592399060726166,0.6018640995025635,-0.4944365918636322,0.334917277097702,-0.5302099585533142
1.2742185592651367,0.6782216429710388,4.733348846435547,0.0757642537355423,0.3788212835788727,0.3788212835788727,0.7336361408233643,-0.1779799908399582,0.08789818733930588,-0.6499038934707642
1.2864799499511719,0.6794647574424744,4.746479034423828,0.0854436531662941,0.4272181987762451,0.4272181987762451,0.5033296346664429,-0.34847086668014526,0.46884751319885254,-0.636717677116394
1.2986620664596558,0.6809402108192444,4.759463310241699,0.0731419175863266,0.3657095730304718,0.3657095432281494,0.7179111242294312,-0.5058792233467102,0.07087051868438721,-0.47293463349342346
1.310886025428772,0.6827250123023987,4.772353172302246,0.07689253985881805,0.3844626843929291,0.3844626843929291,0.673638641834259,-0.14485493302345276,0.3361903727054596,-0.642031192779541
1.3232733011245728,0.6848961114883423,4.785200119018555,0.06675904989242554,0.3337952196598053,0.3337952494621277,0.6411322951316833,-0.4904729723930359,0.44941219687461853,-0.3826412558555603
1.3359456062316895,0.6875303983688354,4.798056602478027,0.07834889739751816,0.391744464635849,0.391744464635849,0.7214543223381042,-0.35880574584007263,0.022091878578066826,-0.5918395519256592
1.3490240573883057,0.6907049417495728,4.810973167419434,0.0777473896741867,0.38873693346977234,0.38873690366744995,0.6607584953308105,-0.16895024478435516,0.5388239026069641,-0.4944925010204315
1.3626301288604736,0.694496750831604,4.824003219604492,0.07784231007099152,0.3892115652561188,0.3892115652561188,0.5788716077804565,-0.668456494808197,0.22175626456737518,-0.41097182035446167
1.376885175704956,0.6989825367927551,4.837196350097656,0.07721642404794693,0.38608217239379883,0.38608214259147644,0.8213857412338257,-0.2631112337112427,0.22817952930927277,-0.45169907808303833
1.3919105529785156,0.7042394876480103,4.8506059646606445,0.07070731371641159,0.35353654623031616,0.35353654623031616,0.6088102459907532,-0.3900856673717499,0.5314655303955078,-0.4412795603275299
1.4078278541564941,0.7103444337844849,4.864283561706543,0.07879108935594559,0.3939554989337921,0.3939554989337921,0.7405702471733093,-0.5534566044807434,0.1867416352033615,-0.3322184681892395
1.4241503477096558,0.7171676158905029,4.877799987792969,0.06497883051633835,0.32489416003227234,0.32489416003227234,0.7752721309661865,-0.16296088695526123,0.2655283212661743,-0.5494466423988342
1.4397350549697876,0.7243114709854126,4.890254020690918,0.0661432296037674,0.3307161331176758,0.3307161331176758,0.5345563292503357,-0.5914278626441956,0.49910375475883484,-0.3396441340446472
1.4546470642089844,0.7317511439323425,4.901741027832031,0.08358399569988251,0.41791996359825134,0.41791996359825134,0.7613468170166016,-0.48777660727500916,0.0019325792090967298,-0.4271080791950226
1.468988060951233,0.7394744753837585,4.912384510040283,0.06865565478801727,0.34327825903892517,0.34327828884124756,0.5857462286949158,-0.3385910391807556,0.470689594745636,-0.5663116574287415
1.4828611612319946,0.7474690675735474,4.922307968139648,0.07644299417734146,0.3822149634361267,0.3822149634361267,0.6322935819625854,-0.6607590913772583,0.1759263426065445,-0.3642144799232483
1.496368169784546,0.7557225227355957,4.93163537979126,0.076280377805233,0.3814018964767456,0.3814018964767456,0.7815136909484863,-0.31491997838020325,0.23554840683937073,-0.48433324694633484
1.5096123218536377,0.7642226815223694,4.940492153167725,0.07125458121299744,0.3562729060649872,0.3562729060649872,0.5082589387893677,-0.6511499285697937,0.3881998360157013,-0.40862882137298584
1.5226954221725464,0.7729571461677551,4.949000358581543,0.0711316391825676,0.35565823316574097,0.3556582033634186,0.8223742246627808,-0.4883922338485718,-0.02125556580722332,-0.2910701632499695
1.5357201099395752,0.7819135189056396,4.957285404205322,0.06258328258991241,0.3129163682460785,0.3129163980484009,0.6530738472938538,-0.3343207836151123,0.49778372049331665,-0.4625316858291626
1.5487890243530273,0.791079580783844,4.965470790863037,0.0754910260438919,0.3774551451206207,0.3774551451206207,0.6160063743591309,-0.6866567730903625,0.22099706530570984,-0.3165421485900879
1.562004566192627,0.8004429936408997,4.9736809730529785,0.07827774435281754,0.3913887143135071,0.3913887143135071,0.8411654829978943,-0.35189661383628845,0.18498840928077698,-0.36659061908721924
1.5754690170288086,0.8099913597106934,4.982039451599121,0.06820899248123169,0.34104496240615845,0.3410450220108032,0.5038426518440247,-0.5851760506629944,0.4604874849319458,-0.4377930462360382
1.5892847776412964,0.8197124004364014,4.990670204162598,0.07675337791442871,0.38376685976982117,0.38376685976982117,0.7315828800201416,-0.6060131788253784,0.045348335057497025,-0.30899518728256226
1.603554606437683,0.8295937776565552,4.999698638916016,0.07750442624092102,0.3875221312046051,0.3875221312046051,0.7066325545310974,-0.379072904586792,0.37251272797584534,-0.46712785959243774
1.6183807849884033,0.8396233320236206,5.009246826171875,0.06433505564928055,0.3216753304004669,0.32167530059814453,0.5384306311607361,-0.7230421304702759,0.23030506074428558,-0.3664180040359497
1.6338658332824707,0.8497884273529053,5.019440650939941,0.06658711284399033,0.3329355716705322,0.3329355716705322,0.8181665539741516,-0.3667345941066742,0.15836432576179504,-0.41355764865875244
1.6501120328903198,0.8600769639015198,5.030402660369873,0.07645653188228607,0.3822825849056244,0.3822826147079468,0.6205482482910156,-0.4932357966899872,0.47988367080688477,-0.3759654760360718
-1.1279540061950684,-0.09946329146623611,4.261414051055908,0.07651137560606003,0.38255685567855835,0.38255685567855835,0.7210566997528076,-0.2909116744995117,-0.3340386152267456,0.5327906012535095
-1.13573157787323,-0.09382389485836029,4.278027534484863,0.08341208100318909,0.41706040501594543,0.41706040501594543,0.9306929111480713,-0.16725440323352814,0.023923175409436226,0.3244447708129883
-1.1433902978897095,-0.08825671672821045,4.2944231033325195,0.08902371674776077,0.44511857628822327,0.44511857628822327,0.7747169733047485,-0.5005578994750977,-0.26452216506004333,0.28157326579093933
-1.1509636640548706,-0.08274168521165848,4.310660362243652,0.0897175595164299,0.4485878348350525,0.4485877752304077,0.7831112742424011,-0.013654936105012894,-0.24414199590682983,0.5717910528182983
-1.1584843397140503,-0.07725876569747925,4.326801300048828,0.0690237432718277,0.3451187014579773,0.3451187014579773,0.8501983284950256,-0.4347459077835083,0.105991892516613,0.27735257148742676
-1.165985107421875,-0.07178787142038345,4.342905521392822,0.07084988802671432,0.3542494475841522,0.35424941778182983,0.7290425300598145,-0.35803166031837463,-0.35051822662353516,0.466312438249588
-1.1734991073608398,-0.06630896031856537,4.359034061431885,0.08913759142160416,0.4456879496574402,0.4456879198551178,0.9196581840515137,-0.050745293498039246,0.008457263931632042,0.3893356919288635
-1.1810593605041504,-0.06080196425318718,4.375247001647949,0.07798794656991959,0.38993972539901733,0.38993969559669495,0.7353528738021851,-0.5399327278137207,-0.12077531218528748,0.3913336992263794
-1.188698410987854,-0.05524681508541107,4.391605854034424,0.08291201293468475,0.4145600497722626,0.4145600497722626,0.7767049074172974,-0.14564718306064606,-0.37404191493988037,0.48539575934410095
-1.196449637413025,-0.04962347820401192,4.408170700073242,0.06747664511203766,0.3373832106590271,0.3373831808567047,0.8372998237609863,-0.26795342564582825,0.09765450656414032,0.46646925806999207
-1.204345703125,-0.04391186684370041,4.425002098083496,0.08172750473022461,0.40863746404647827,0.40863752365112305,0.7275198101997375,-0.5234871506690979,-0.3422592580318451,0.28201910853385925
-1.2124196290969849,-0.03809193894267082,4.442161560058594,0.06794486939907074,0.3397243022918701,0.3397243022918701,0.807997465133667,-0.13989078998565674,-0.16935978829860687,0.5467064380645752
-1.2207043170928955,-0.03214362636208534,4.4597086906433105,0.07370539754629135,0.3685269355773926,0.3685269355773926,0.8143176436424255,-0.5017431974411011,0.08573974668979645,0.2789072096347809
-1.229232668876648,-0.0260468702763319,4.477704048156738,0.0687856525182724,0.3439282476902008,0.3439282178878784,0.7159931659698486,-0.3048260509967804,-0.42980849742889404,0.45792967081069946
-1.2380378246307373,-0.01978161558508873,4.496209144592285,0.07975737750530243,0.39878687262535095,0.39878687262535095,0.8399519920349121,-0.08303500711917877,0.044907744973897934,0.5343866944313049
-1.2471524477005005,-0.013327796943485737,4.515284061431885,0.08215418457984924,0.410770982503891,0.410770982503891,0.7588307857513428,-0.5787312388420105,-0.14373722672462463,0.26188862323760986
-1.2565892934799194,-0.006672857329249382,4.5349555015563965,0.06951513141393661,0.34757566452026367,0.34757566452026367,0.8684434294700623,-0.13357064127922058,-0.30179792642593384,0.3699769079685211
-1.265724778175354,-4.783306940225884e-05,4.5541815757751465,0.08548315614461899,0.42741578817367554,0.42741575837135315,0.8627752661705017,-0.4086776673793793,0.07541820406913757,0.28794702887535095
-1.2743173837661743,0.006433800328522921,4.57253360748291,0.08952632546424866,0.4476316571235657,0.4476316571235657,0.7576516270637512,-0.330081045627594,-0.47873562574386597,0.2963489890098572
-1.282456636428833,0.012776922434568405,4.590130805969238,0.08428013324737549,0.42140069603919983,0.4214007258415222,0.9164583086967468,-0.15543292462825775,0.029464511200785637,0.36752787232398987
-1.2902323007583618,0.01898641511797905,4.607089042663574,0.08032368868589401,0.40161848068237305,0.40161848068237305,0.6651797294616699,-0.6192047595977783,-0.1553744524717331,0.38727283477783203
-1.2977339029312134,0.02506716176867485,4.623528957366943,0.07890596985816956,0.3945298194885254,0.3945297300815582,0.753292977809906,-0.1404966413974762,-0.34888672828674316,0.539526104927063
-1.3050512075424194,0.031024035066366196,4.6395673751831055,0.07074304670095444,0.3537152409553528,0.3537152111530304,0.8598246574401855,-0.27591127157211304,0.08905954658985138,0.42028912901878357
-1.312273621559143,0.03686192259192467,4.6553239822387695,0.06770830601453781,0.33854153752326965,0.33854153752326965,0.6903676986694336,-0.5549473762512207,-0.30300644040107727,0.3515864312648773
-1.3194907903671265,0.04258570075035095,4.670915603637695,0.08444129675626755,0.42220646142959595,0.42220649123191833,0.8363478779792786,-0.12360444664955139,-0.20244285464286804,0.4942277669906616
-1.3267923593521118,0.048200253397226334,4.68646240234375,0.08616140484809875,0.43080708384513855,0.43080708384513855,0.8318521976470947,-0.4732733964920044,0.07852298021316528,0.2790490984916687
-1.3342678546905518,0.0537104606628418,4.702081680297852,0.07360439002513885,0.36802196502685547,0.36802196502685547,0.7406019568443298,-0.3322288691997528,-0.3579332232475281,0.4615371525287628
-1.3420071601867676,0.05912120267748833,4.717891693115234,0.06895805150270462,0.3447902500629425,0.3447902202606201,0.9023852348327637,-0.09561257809400558,0.03365197777748108,0.4188396632671356
-1.3500993251800537,0.06443735957145691,4.734010696411133,0.07442542165517807,0.37212708592414856,0.37212708592414856,0.6568140387535095,-0.6147345900535583,-0.14714191854000092,0.41115209460258484
-1.3586344718933105,0.06966380774974823,4.750556945800781,0.07158620655536652,0.3579310476779938,0.3579310476779938,0.8313538432121277,-0.10515686869621277,-0.3602619469165802,0.4098831117153168
-1.3677020072937012,0.07480543851852417,4.767649173736572,0.0864279493689537,0.43213969469070435,0.43213972449302673,0.8290136456489563,-0.3968523144721985,0.13040709495544434,0.3718045651912689
-1.3773915767669678,0.07986712455749512,4.785406112670898,0.08070444315671921,0.403522253036499,0.40352219343185425,0.6556459069252014,-0.40396448969841003,-0.38758665323257446,0.5066731572151184
-1.387792706489563,0.08485374599695206,4.803945541381836,0.07203226536512375,0.3601612448692322,0.36016130447387695,0.8716386556625366,-0.09788058698177338,-0.11995138227939606,0.46505603194236755
-1.3989003896713257,0.08972327411174774,4.823219299316406,0.08567560464143753,0.42837804555892944,0.42837798595428467,0.7008162140846252,-0.5551877617835999,-0.1396515965461731,0.4255827069282532
-1.4099138975143433,0.09406780451536179,4.84181547164917,0.07380254566669464,0.3690127432346344,0.369012713432312,0.7572606801986694,-0.08608661592006683,-0.4407828450202942,0.4741896986961365
-1.4206714630126953,0.0978478491306305,4.859487056732178,0.07400045543909073,0.37000226974487305,0.37000226974487305,0.7419561147689819,-0.3204617202281952,0.12007291615009308,0.576530933380127
-1.431221604347229,0.1011333167552948,4.876360893249512,0.08098354190587997,0.4049176871776581,0.40491771697998047,0.5225032567977905,-0.5440065264701843,-0.39941132068634033,0.5210736393928528
-1.4416130781173706,0.10399416834115982,4.892563343048096,0.08430963009595871,0.42154815793037415,0.42154815793037415,0.7943484783172607,-0.12339286506175995,-0.26327189803123474,0.5333597660064697
-1.4518941640853882,0.10650035738945007,4.908222198486328,0.06932287663221359,0.34661436080932617,0.34661436080932617,0.6855317950248718,-0.4524069130420685,-0.09052171558141708,0.5631872415542603
-1.4621142148971558,0.10872182250022888,4.923464298248291,0.07941089570522308,0.39705443382263184,0.39705443382263184,0.5706184506416321,-0.2774246335029602,-0.5470600724220276,0.5460362434387207
-1.4723212718963623,0.11072850972414017,4.938416004180908,0.07759080827236176,0.3879539966583252,0.3879539966583252,0.7101646065711975,-0.11485586315393448,-0.05278017371892929,0.6925955414772034
-1.4825644493103027,0.11259036511182785,4.95320463180542,0.08001945167779922,0.4000972807407379,0.4000972807407379,0.609219491481781,-0.5667734146118164,-0.19666175544261932,0.5185977220535278
-1.4928925037384033,0.11437734216451645,4.967957496643066,0.08174628764390945,0.4087314307689667,0.40873146057128906,0.5764483213424683,-0.22653131186962128,-0.383226215839386,0.6852215528488159
-1.503353476524353,0.1161593645811081,4.9828009605407715,0.07871664315462112,0.3935832381248474,0.393583208322525,0.7618401646614075,-0.20469889044761658,0.034310899674892426,0.6136128306388855
-1.5139964818954468,0.11800640821456909,4.997862339019775,0.06724128872156143,0.33620643615722656,0.33620643615722656,0.5476698875427246,-0.5258806347846985,-0.3103455603122711,0.5720078349113464
-1.5248701572418213,0.11998841166496277,5.01326847076416,0.06527363508939743,0.32636818289756775,0.32636818289756775,0.7462364435195923,-0.11013884842395782,-0.34767043590545654,0.5568894743919373
-1.5360232591629028,0.12217530608177185,5.029146194458008,0.06634841859340668,0.3317421078681946,0.3317420780658722,0.7019746899604797,-0.3975768983364105,-0.07621713727712631,0.585965096950531
-1.5475043058395386,0.12463705241680145,5.0456223487854,0.08609309792518616,0.4304654598236084,0.4304654896259308,0.5767029523849487,-0.39274853467941284,-0.4565489888191223,0.5520192980766296
-1.5593619346618652,0.1274435818195343,5.062824249267578,0.07554338127374649,0.37771689891815186,0.37771689891815186,0.733544647693634,-0.006634386721998453,-0.13115742802619934,0.6668328046798706
-1.5716450214385986,0.1306648552417755,5.080878734588623,0.07181694358587265,0.35908472537994385,0.35908472537994385,0.7160139679908752,-0.4883652627468109,-0.1413092315196991,0.4783879220485687
-1.584166169166565,0.1343209147453308,5.0995564460754395,0.06564370542764664,0.328218549489975,0.3282185196876526,0.671942412853241,-0.20901401340961456,-0.466675341129303,0.5357430577278137
-1.5960294008255005,0.13822653889656067,5.117515563964844,0.07783625274896622,0.3891812860965729,0.3891812860965729,0.8536931276321411,-0.2591191828250885,-0.04900642856955528,0.4490697681903839
-1.6072367429733276,0.1423153132200241,5.134703636169434,0.06755158305168152,0.33775794506073,0.3377579152584076,0.5783648490905762,-0.5307869911193848,-0.3210376501083374,0.5298057794570923
-1.6178966760635376,0.1465398520231247,5.1512298583984375,0.08608008921146393,0.43040043115615845,0.43040040135383606,0.8290420770645142,-0.021660858765244484,-0.29558759927749634,0.4741814434528351
-1.628117561340332,0.150852769613266,5.167200088500977,0.06460385024547577,0.32301923632621765,0.32301923632621765,0.8081499338150024,-0.4589853584766388,-0.09386088699102402,0.35695409774780273
-1.6380079984664917,0.15520671010017395,5.182723522186279,0.08424457162618637,0.42122286558151245,0.42122286558151245,0.7398465871810913,-0.24887393414974213,-0.4383006989955902,0.44562453031539917
-1.6476761102676392,0.15955425798892975,5.19790506362915,0.08173484355211258,0.4086742401123047,0.4086742103099823,0.7685242295265198,-0.2537117302417755,-0.02528529055416584,0.5868232846260071
-1.6572304964065552,0.16384807229042053,5.212854385375977,0.0834435224533081,0.4172176122665405,0.41721758246421814,0.7080088257789612,-0.5459914803504944,-0.3088013231754303,0.324435830116272
-1.6667797565460205,0.16804075241088867,5.227677345275879,0.07752612978219986,0.3876306414604187,0.3876306712627411,0.7589346766471863,-0.07661128789186478,-0.2924710810184479,0.5767230987548828
-1.6764320135116577,0.1720849573612213,5.242481708526611,0.0772690400481224,0.386345237493515,0.38634517788887024,0.7545649409294128,-0.4186600148677826,-0.04870695248246193,0.5029743313789368
-1.686295747756958,0.17593324184417725,5.257374286651611,0.0695769414305687,0.3478847146034241,0.3478847146034241,0.5501291751861572,-0.4237474203109741,-0.4813459515571594,0.5348852276802063
-1.6964797973632812,0.1795383095741272,5.272463321685791,0.06858138740062714,0.3429069519042969,0.3429069221019745,0.802173376083374,-0.0438339002430439,-0.12363943457603455,0.5825030207633972
-1.707092046737671,0.18285271525382996,5.287856101989746,0.06527452170848846,0.3263726234436035,0.3263726234436035,0.6211219429969788,-0.6122729182243347,-0.07720658928155899,0.48308244347572327
-1.7182414531707764,0.18582913279533386,5.303658962249756,0.06737516820430756,0.336875855922699,0.336875855922699,0.6207364797592163,-0.19082267582416534,-0.5191375613212585,0.555669903755188
-1.7300359010696411,0.1884201467037201,5.319980144500732,0.0784691721200943,0.3923458456993103,0.3923458456993103,0.780574381351471,-0.22305528819561005,0.010672686621546745,0.5838117003440857
-1.7425841093063354,0.1905784010887146,5.336925983428955,0.08024951815605164,0.4012475907802582,0.4012475907802582,0.5534337759017944,-0.5373229384422302,-0.37190309166908264,0.5164138674736023
-1.755994439125061,0.19225651025772095,5.354605197906494,0.07378312945365906,0.3689156174659729,0.3689155876636505,0.634516716003418,-0.1243540570139885,-0.33517131209373474,0.6852625608444214
-1.7698849439620972,0.19339147210121155,5.372490406036377,0.08046778291463852,0.4023389220237732,0.4023389220237732,0.763077974319458,-0.44413965940475464,-0.057417962700128555,0.465999037027359
-1.7833318710327148,0.19395753741264343,5.3893914222717285,0.07481670379638672,0.3740835189819336,0.3740835189819336,0.6093437671661377,-0.27374961972236633,-0.47941961884498596,0.5691379904747009
-1.7963755130767822,0.19400519132614136,5.405396461486816,0.08066337555646896,0.4033169150352478,0.4033168852329254,0.6608803868293762,-0.1471308469772339,-0.08297953754663467,0.731234610080719
-1.8090875148773193,0.19358663260936737,5.420633316040039,0.08061974495649338,0.4030987322330475,0.4030986726284027,0.5345609784126282,-0.5061012506484985,-0.30633145570755005,0.6035454273223877
-1.8215383291244507,0.19275401532649994,5.435229301452637,0.0633387416601181,0.3166936933994293,0.3166936933994293,0.5861677527427673,-0.10948260873556137,-0.4667415916919708,0.6531257033348083
-1.8337987661361694,0.19155949354171753,5.449311256408691,0.07261128723621368,0.3630564510822296,0.3630564510822296,0.6149475574493408,-0.34391143918037415,-0.11925391852855682,0.6995304822921753
-1.845940351486206,0.19005528092384338,5.463006973266602,0.07387606799602509,0.3693803548812866,0.3693803548812866,0.38167786598205566,-0.48390430212020874,-0.4939803183078766,0.6133041381835938
-1.8580336570739746,0.18829350173473358,5.476443290710449,0.06296534091234207,0.3148266673088074,0.3148266077041626,0.48330801725387573,-0.064232736825943,-0.35951170325279236,0.7956373691558838
-1.8701497316360474,0.18632638454437256,5.489748477935791,0.07098410278558731,0.35492053627967834,0.35492053627967834,0.6093191504478455,-0.4543037712574005,-0.08177397400140762,0.6447102427482605
-1.8823597431182861,0.1842060089111328,5.503048896789551,0.07154221832752228,0.3577110767364502,0.3577110767364502,0.4618149697780609,-0.33362823724746704,-0.5201144814491272,0.6363176107406616
-1.8947341442108154,0.18198463320732117,5.516472816467285,0.08192059397697449,0.40960296988487244,0.40960296988487244,0.5245785117149353,-0.14700788259506226,-0.2550777196884155,0.7988375425338745
-1.9073443412780762,0.1797143816947937,5.530147552490234,0.07528754323720932,0.3764377236366272,0.3764376938343048,0.5076746344566345,-0.5197443962097168,-0.21077974140644073,0.6539909839630127
-1.920261263847351,0.17744743824005127,5.5441999435424805,0.06365697830915451,0.3182848393917084,0.3182848393917084,0.4285203218460083,-0.19451311230659485,-0.6265993714332581,0.6212151646614075
-1.9335556030273438,0.17523595690727234,5.558757781982422,0.06591542065143585,0.32957711815834045,0.32957708835601807,0.6614549160003662,-0.21573632955551147,-0.2050238847732544,0.6884042620658875
-1.9472987651824951,0.17313212156295776,5.573948383331299,0.07153382152318954,0.35766908526420593,0.3576691150665283,0.5444182753562927,-0.5238202810287476,-0.4796674847602844,0.44625118374824524
-1.9615614414215088,0.1711881160736084,5.589899063110352,0.07875065505504608,0.3937532603740692,0.3937532603740692,0.6033419370651245,-0.02237556502223015,-0.3667237460613251,0.7078076004981995
-1.9764145612716675,0.16945607960224152,5.60673713684082,0.07496288418769836,0.37481439113616943,0.3748144507408142,0.6008728742599487,-0.4592716693878174,-0.1389397829771042,0.6393098831176758
0.8134320378303528,-0.8561972975730896,4.193261623382568,0.09039366245269775,0.45196834206581116,0.45196834206581116,0.6444637179374695,-0.4936951994895935,0.19676654040813446,-0.5497403740882874
0.8343364596366882,-0.8519686460494995,4.2391839027404785,0.09009557962417603,0.4504778981208801,0.45047783851623535,0.7155600786209106,-0.04594007134437561,0.044140301644802094,-0.6956399083137512
0.8553601503372192,-0.8480234742164612,4.2851433753967285,0.08066199719905853,0.4033099412918091,0.4033099412918091,0.7258517742156982,-0.245904341340065,0.40825024247169495,-0.49598589539527893
0.8778882622718811,-0.8476518392562866,4.33156156539917,0.08551471680402756,0.427573561668396,0.427573561668396,0.5835398435592651,-0.3530673086643219,0.10621120035648346,-0.7235633730888367
0.9033058881759644,-0.8541438579559326,4.378862380981445,0.08545529097318649,0.4272764325141907,0.4272763729095459,0.5558539032936096,0.07889792323112488,0.290365070104599,-0.7749127149581909
0.9326245784759521,-0.8705263733863831,4.427055358886719,0.07099287211894989,0.35496431589126587,0.35496434569358826,0.2883008122444153,-0.37899795174598694,0.5894542932510376,-0.6525234580039978
0.9597592353820801,-0.8935853242874146,4.468628406524658,0.07189038395881653,0.35945191979408264,0.3594518303871155,0.3338519036769867,-0.20761984586715698,0.24370482563972473,-0.8865917325019836
0.9839358329772949,-0.9208385348320007,4.502763748168945,0.0886319950222969,0.44315993785858154,0.44315990805625916,0.20867688953876495,-0.018896615132689476,0.6056084632873535,-0.7676817178726196
1.007548451423645,-0.951610267162323,4.532269477844238,0.07786065340042114,0.3893032670021057,0.3893032371997833,0.28713008761405945,-0.3666151165962219,0.49993252754211426,-0.7302171587944031
1.0329912900924683,-0.9852242469787598,4.559950828552246,0.07409346103668213,0.37046730518341064,0.37046727538108826,0.14860756695270538,0.0041663204319775105,0.38025692105293274,-0.9128543734550476
1.062658429145813,-1.0210046768188477,4.588613986968994,0.07566417008638382,0.3783208429813385,0.3783207833766937,0.23072095215320587,-0.2705049514770508,0.6656678915023804,-0.6561106443405151
1.0977250337600708,-1.0572916269302368,4.619149684906006,0.08060586452484131,0.40302929282188416,0.40302932262420654,0.4712654650211334,-0.3050665557384491,0.2657785713672638,-0.7837122678756714
1.1328858137130737,-1.0892010927200317,4.643645286560059,0.07828053086996078,0.3914026618003845,0.39140263199806213,0.07181628048419952,-0.06047452986240387,0.6666718125343323,-0.7394145727157593
1.1673212051391602,-1.1184898614883423,4.66331672668457,0.08628185093402863,0.4314092695713043,0.43140923976898193,0.29063472151756287,-0.528006374835968,0.4965900480747223,-0.6246110200881958
1.2011891603469849,-1.147907018661499,4.681057453155518,0.0775066688656807,0.3875333368778229,0.3875333070755005,0.20995420217514038,-0.054059047251939774,0.4678424894809723,-0.8568081855773926
1.2346482276916504,-1.1802022457122803,4.699760437011719,0.06512482464313507,0.32562410831451416,0.32562410831451416,0.200298473238945,-0.3337751626968384,0.7054293751716614,-0.5923208594322205
1.2678567171096802,-1.2181251049041748,4.722320079803467,0.08650120347738266,0.4325059652328491,0.4325059652328491,0.371947318315506,-0.23978404700756073,0.41266870498657227,-0.7961553335189819
1.2973780632019043,-1.2605785131454468,4.749163627624512,0.0805790051817894,0.40289506316185,0.4028950333595276,0.17841660976409912,0.012542889453470707,0.6265789270401001,-0.7585572004318237
1.3177745342254639,-1.3009113073349,4.775813102722168,0.07980301231145859,0.39901503920555115,0.39901500940322876,0.1499537080526352,-0.4236377775669098,0.6068638563156128,-0.6555616855621338
1.333564281463623,-1.3400942087173462,4.801490783691406,0.07630995661020279,0.38154974579811096,0.3815496265888214,0.19659608602523804,0.029875440523028374,0.3793802261352539,-0.9036194086074829
1.3496067523956299,-1.3794087171554565,4.825594425201416,0.06926220655441284,0.3463110327720642,0.3463110327720642,0.09839221090078354,-0.057269543409347534,0.7511579990386963,-0.6502313613891602
1.3707611560821533,-1.4201364517211914,4.847522735595703,0.06639379262924194,0.3319689631462097,0.33196893334388733,0.38369020819664,-0.31739866733551025,0.5039820671081543,-0.7057209014892578
1.4018782377243042,-1.4635506868362427,4.866671085357666,0.08291971683502197,0.4145985543727875,0.4145985245704651,0.15241944789886475,0.034671589732170105,0.5640888810157776,-0.8107835650444031
1.438879132270813,-1.5038366317749023,4.879974842071533,0.0751914232969284,0.37595710158348083,0.37595707178115845,0.18883216381072998,-0.4036532938480377,0.7288872003555298,-0.5197402238845825
1.475996494293213,-1.5373371839523315,4.886767387390137,0.06345445662736893,0.3172723054885864,0.31727224588394165,0.3521466851234436,-0.3169559836387634,0.5213939547538757,-0.7097041010856628
1.5140337944030762,-1.567196249961853,4.889488220214844,0.06278949230909348,0.3139474391937256,0.313947468996048,0.10652719438076019,-0.22387219965457916,0.8117440342903137,-0.5287767648696899
1.5537948608398438,-1.5965585708618164,4.890578269958496,0.07695244252681732,0.3847622275352478,0.3847622275352478,0.4051946997642517,-0.6039354205131531,0.5368576049804688,-0.42762503027915955
1.596083402633667,-1.628568410873413,4.892478942871094,0.0814361721277237,0.4071807861328125,0.4071807861328125,0.20167282223701477,-0.11776001006364822,0.5904703736305237,-0.7725318670272827
1.6279850006103516,-1.6545435190200806,4.8956451416015625,0.07940111309289932,0.39700552821159363,0.39700552821159363,0.2507938742637634,-0.34414318203926086,0.7784261107444763,-0.4612165093421936
0.9278610348701477,-0.8602639436721802,4.426821708679199,0.08552882075309753,0.42764413356781006,0.42764410376548767,0.9291823506355286,-0.14986084401607513,-0.1347917914390564,-0.3098275363445282
0.93603515625,-0.8396022319793701,4.473221778869629,0.07215377688407898,0.3607688844203949,0.3607688844203949,0.8812320828437805,-0.3491692841053009,0.24948059022426605,-0.19816727936267853
0.9414891004562378,-0.8181295990943909,4.519409656524658,0.0732736885547638,0.36636844277381897,0.36636844277381897,0.8556830286979675,-0.429658442735672,-0.2596825957298279,-0.12555932998657227
0.9480463266372681,-0.7969858050346375,4.565683841705322,0.07944466918706894,0.3972233235836029,0.3972233235836029,0.9625182151794434,0.004014192149043083,0.18768265843391418,-0.1957494020462036
0.9595303535461426,-0.7773107290267944,4.612342834472656,0.0744476467370987,0.37223824858665466,0.37223824858665466,0.8141744136810303,-0.46302303671836853,0.20742526650428772,-0.2823198437690735
0.9797650575637817,-0.7602442502975464,4.6596879959106445,0.06790871173143387,0.33954358100891113,0.33954358100891113,0.8580585718154907,-0.3127480447292328,0.01400012243539095,-0.4070972800254822
1.011765480041504,-0.746891438961029,4.7071919441223145,0.07542648911476135,0.37713247537612915,0.37713247537612915,0.6356296539306641,-0.17534089088439941,0.419594407081604,-0.6238358020782471
1.0485965013504028,-0.7376286387443542,4.746203422546387,0.06806927174329758,0.3403463363647461,0.3403463661670685,0.5655739903450012,-0.6660818457603455,0.253009170293808,-0.4152678847312927
1.0879098176956177,-0.7324066162109375,4.776926517486572,0.07630268484354019,0.381513386964798,0.381513386964798,0.7180274724960327,-0.16097502410411835,0.18425969779491425,-0.6515918374061584
1.1299200057983398,-0.7312164306640625,4.802651405334473,0.0785875916481018,0.39293795824050903,0.39293792843818665,0.48090970516204834,-0.3813192546367645,0.6092143654823303,-0.5021746158599854
1.1748417615890503,-0.7340488433837891,4.826669216156006,0.06705791503190994,0.3352895975112915,0.3352895975112915,0.6148754954338074,-0.5186361074447632,0.33817461133003235,-0.48844924569129944
1.2228895425796509,-0.7408947944641113,4.85227108001709,0.08475637435913086,0.4237819015979767,0.4237819015979767,0.4257310926914215,-0.12217571586370468,0.41578373312950134,-0.7943236231803894
1.2731183767318726,-0.7516758441925049,4.8817315101623535,0.06399780511856079,0.31998899579048157,0.31998899579048157,0.4764949083328247,-0.44453054666519165,0.6020499467849731,-0.46139028668403625
1.3177934885025024,-0.7657543420791626,4.909377098083496,0.07812313735485077,0.39061570167541504,0.39061570167541504,0.6612163186073303,-0.3635691702365875,0.20257709920406342,-0.6241578459739685
1.3580482006072998,-0.7827556729316711,4.933786392211914,0.08107838779687881,0.4053919017314911,0.4053919017314911,0.319317489862442,-0.12077251076698303,0.5936970114707947,-0.7286797761917114
1.397062063217163,-0.802403450012207,4.955024719238281,0.0722941979765892,0.3614709675312042,0.3614709973335266,0.4259199798107147,-0.5041137337684631,0.5881004929542542,-0.4675460457801819
1.4380152225494385,-0.824422299861908,4.973156929016113,0.0820610448718071,0.4103052020072937,0.4103052020072937,0.5870596170425415,-0.20115232467651367,0.3347056806087494,-0.7091339230537415
1.4840868711471558,-0.8485360145568848,4.988248348236084,0.08107224106788635,0.40536120533943176,0.40536123514175415,0.19494877755641937,-0.30230453610420227,0.7037804126739502,-0.6126173734664917
1.535974144935608,-0.8738762736320496,4.999588489532471,0.07501734793186188,0.3750867247581482,0.3750867545604706,0.4107646048069,-0.6063699722290039,0.45141831040382385,-0.5097150802612305
1.5833929777145386,-0.8975211977958679,5.003951549530029,0.07862461358308792,0.3931230306625366,0.39312300086021423,0.2829708158969879,-0.15232935547828674,0.623359739780426,-0.7128435373306274
1.6270703077316284,-0.9200077056884766,5.002880096435547,0.07038899511098862,0.3519449830055237,0.3519449830055237,0.29416340589523315,-0.4004601240158081,0.811957836151123,-0.30630701780319214
1.6696733236312866,-0.942389965057373,4.998604774475098,0.06440243124961853,0.32201215624809265,0.32201215624809265,0.3798518180847168,-0.520003080368042,0.4771498143672943,-0.5980279445648193
1.7138690948486328,-0.965721607208252,4.993359088897705,0.07802508771419525,0.39012545347213745,0.39012542366981506,0.1872340738773346,-0.16761553287506104,0.8179038763046265,-0.517572820186615
1.762324571609497,-0.9910566806793213,4.989374160766602,0.06396058201789856,0.3198028802871704,0.3198028802871704,0.3823367655277252,-0.5039739012718201,0.7145846486091614,-0.2986598312854767
1.782411813735962,-1.0014296770095825,4.988654613494873,0.07174180448055267,0.3587089776992798,0.358708918094635,0.4473320245742798,-0.316640704870224,0.47716715931892395,-0.6869819164276123
1.000217080116272,-0.7411758303642273,4.706134796142578,0.06776406615972519,0.33882030844688416,0.33882030844688416,0.8005954623222351,-0.5528930425643921,0.17697006464004517,-0.14845140278339386
0.9991817474365234,-0.7120320796966553,4.748061180114746,0.08737727999687195,0.43688639998435974,0.43688642978668213,0.8805626630783081,-0.34771424531936646,-0.27710604667663574,0.1640622466802597
0.9964125156402588,-0.6824738383293152,4.789239406585693,0.08009285479784012,0.40046426653862,0.40046426653862,0.948500394821167,-0.27898290753364563,0.13542716205120087,0.06461410969495773
0.9957503080368042,-0.6534193158149719,4.831327438354492,0.06750021874904633,0.3375011086463928,0.3375011086463928,0.8104156255722046,-0.5834910273551941,0.04097512736916542,0.03295201435685158
1.0010359287261963,-0.6257869601249695,4.875980377197266,0.0772375762462616,0.386187881231308,0.386187881231308,0.9517216086387634,-0.19778743386268616,-0.21231558918952942,-0.10014116019010544
1.0161107778549194,-0.6004951000213623,4.924857139587402,0.08387229591608047,0.41936150193214417,0.4193614721298218,0.7573757767677307,-0.237209752202034,0.3958013355731964,-0.4620117247104645
1.040418028831482,-0.5794782042503357,4.97188663482666,0.07751046866178513,0.3875523507595062,0.38755232095718384,0.781583845615387,-0.5126698613166809,0.11774768680334091,-0.3353085219860077
1.0693589448928833,-0.5639686584472656,5.01090145111084,0.06509881466627121,0.32549405097961426,0.3254939913749695,0.7734804153442383,-0.20403039455413818,0.1724468469619751,-0.574770987033844
1.1019163131713867,-0.553422212600708,5.046086311340332,0.07511725276708603,0.37558630108833313,0.37558627128601074,0.5904143452644348,-0.43230974674224854,0.48440778255462646,-0.4794459342956543
1.1370835304260254,-0.5472908020019531,5.081650733947754,0.07750904560089111,0.3875451982021332,0.3875451982021332,0.6847308278083801,-0.4538719654083252,0.05326687917113304,-0.5677205324172974
1.1738543510437012,-0.5450265407562256,5.121804237365723,0.07978425174951553,0.3989211916923523,0.3989211916923523,0.5370743870735168,-0.1444118767976761,0.39169928431510925,-0.7329856157302856
1.2102259397506714,-0.546658992767334,5.167902946472168,0.06299290060997009,0.31496450304985046,0.3149644732475281,0.5848161578178406,-0.5070825815200806,0.3727566599845886,-0.5117713809013367
1.2416259050369263,-0.5540313720703125,5.20941686630249,0.0632706731557846,0.31635338068008423,0.31635338068008423,0.5765881538391113,-0.18152642250061035,0.18390390276908875,-0.7750958800315857
1.2697737216949463,-0.5657982230186462,5.247409820556641,0.0810273066163063,0.4051365554332733,0.4051365554332733,0.3773578107357025,-0.060836125165224075,0.6304271817207336,-0.6756194233894348
1.297190546989441,-0.5801767706871033,5.28485631942749,0.07919865846633911,0.39599332213401794,0.39599332213401794,0.3947722017765045,-0.4177296459674835,0.2675013542175293,-0.7733691930770874
1.3263976573944092,-0.595384418964386,5.324731826782227,0.06648538261651993,0.33242693543434143,0.33242687582969666,0.47933465242385864,-0.04991137236356735,0.33532634377479553,-0.8095081448554993
1.3546334505081177,-0.6076767444610596,5.362917423248291,0.07659617066383362,0.3829808831214905,0.3829808831214905,0.45077553391456604,-0.37623175978660583,0.5326372385025024,-0.6095479130744934
1.3100429773330688,-1.247149109840393,4.731496334075928,0.06541162729263306,0.3270581066608429,0.3270580768585205,0.5237874388694763,-0.4035243093967438,0.43664616346359253,-0.6100450158119202
1.3541377782821655,-1.2711656093597412,4.7386956214904785,0.0756017416715622,0.3780086636543274,0.3780086636543274,0.15786521136760712,-0.21081431210041046,0.7057222723960876,-0.6577172875404358
1.3980087041854858,-1.294849157333374,4.746819972991943,0.06529934704303741,0.3264966905117035,0.3264966905117035,0.3393987715244293,-0.5985544323921204,0.5523961782455444,-0.4705311059951782
1.4422881603240967,-1.3191403150558472,4.7532548904418945,0.06385105848312378,0.3192552328109741,0.3192552328109741,0.3109211325645447,-0.18024945259094238,0.4896431863307953,-0.7944102883338928
1.4876079559326172,-1.3449788093566895,4.755388259887695,0.08322036266326904,0.41610169410705566,0.4161017835140228,0.22890685498714447,-0.3812696635723114,0.8081530332565308,-0.3861655294895172
1.5346004962921143,-1.3733046054840088,4.750605583190918,0.07367154210805893,0.36835771799087524,0.36835768818855286,0.43241941928863525,-0.520811915397644,0.5151748657226562,-0.5257025957107544
1.5829105377197266,-1.4043939113616943,4.736710071563721,0.06644545495510101,0.3322272300720215,0.3322272300720215,0.11574291437864304,-0.14150790870189667,0.824264407157898,-0.535879909992218
1.6242363452911377,-1.4328444004058838,4.716360092163086,0.06704612076282501,0.33523061871528625,0.33523061871528625,0.21289204061031342,-0.44580912590026855,0.8687672019004822,-0.0342748798429966
1.6589375734329224,-1.458451509475708,4.691441535949707,0.06259723752737045,0.3129861652851105,0.3129861652851105,0.2920549511909485,-0.46279439330101013,0.6504812836647034,-0.5266871452331543
1.6899844408035278,-1.4827027320861816,4.663032531738281,0.08343540877103806,0.4171769320964813,0.41717708110809326,0.13534411787986755,0.3254483640193939,-0.9020009636878967,0.2493181675672531
1.7203459739685059,-1.5070850849151611,4.6322126388549805,0.06883129477500916,0.3441564440727234,0.34415650367736816,0.27498525381088257,-0.5480527281761169,0.756320595741272,-0.2280360907316208
1.7529915571212769,-1.533085584640503,4.600058555603027,0.06846021115779877,0.3423011004924774,0.34230107069015503,0.0023291048128157854,-0.2840091586112976,0.7741249799728394,-0.5657419562339783
1.7908905744552612,-1.5621916055679321,4.567648887634277,0.07466430962085724,0.3733215034008026,0.373321533203125,0.12450432032346725,-0.4659980535507202,0.8654477000236511,-0.13544294238090515
-0.01902708224952221,1.1284555196762085,4.0770087242126465,0.08144809305667877,0.4072404205799103,0.4072404205799103,0.8046016693115234,-0.26591068506240845,-0.27436521649360657,0.4545672833919525
-0.036756861954927444,1.1378707885742188,4.092307090759277,0.09106270223855972,0.4553135335445404,0.455313503742218,0.7230122685432434,-0.61517333984375,-0.182563915848732,0.25590136647224426
-0.05423310771584511,1.1468629837036133,4.107607841491699,0.08561655879020691,0.42808279395103455,0.42808279395103455,0.6271052956581116,-0.26930350065231323,-0.5497666001319885,0.4816339910030365
-0.07159808278083801,1.1556694507598877,4.122910022735596,0.08345082402229309,0.41725414991378784,0.41725412011146545,0.8433667421340942,-0.4056372046470642,-0.1008349284529686,0.33767348527908325
-0.08899404853582382,1.1645278930664062,4.138211727142334,0.09114319086074829,0.45571595430374146,0.45571595430374146,0.6011497378349304,-0.5656597018241882,-0.41680750250816345,0.3806830644607544
-0.10656328499317169,1.173675298690796,4.153512001037598,0.08401405066251755,0.42007026076316833,0.42007023096084595,0.7812286019325256,-0.26030513644218445,-0.26147860288619995,0.503539502620697
-0.1244480311870575,1.1833492517471313,4.168808937072754,0.07729344815015793,0.38646721839904785,0.38646721839904785,0.6459333896636963,-0.6702756285667419,-0.008367564529180527,0.36528149247169495
-0.14279057085514069,1.1937874555587769,4.18410062789917,0.08705528825521469,0.43527647852897644,0.43527644872665405,0.5248520970344543,-0.5101718306541443,-0.44858649373054504,0.5128598809242249
-0.16173315048217773,1.2052271366119385,4.199385643005371,0.08740468323230743,0.437023401260376,0.437023401260376,0.770688533782959,-0.24650022387504578,-0.12828074395656586,0.5734290480613708
-0.1814180463552475,1.2179059982299805,4.214663505554199,0.0730498805642128,0.3652494251728058,0.3652493953704834,0.6336869597434998,-0.6724823117256165,-0.08640242367982864,0.3724823296070099
-0.20198751986026764,1.2320612668991089,4.229931354522705,0.08955457806587219,0.4477728605270386,0.44777289032936096,0.6430004239082336,-0.47997066378593445,-0.4537528455257416,0.3876686692237854
-0.22301071882247925,1.2473429441452026,4.24495267868042,0.0867513120174408,0.433756560087204,0.43375658988952637,0.822022020816803,-0.4306344985961914,-0.14326800405979156,0.3439592719078064
-0.24273747205734253,1.2620044946670532,4.258960247039795,0.07885295152664185,0.39426475763320923,0.39426475763320923,0.6435500979423523,-0.648398220539093,-0.3253653049468994,0.2440500408411026
-0.2612701952457428,1.276147484779358,4.271963596343994,0.08739227056503296,0.4369613528251648,0.4369613528251648,0.7552282810211182,-0.30077701807022095,-0.3511536121368408,0.4646016061306
-0.27887487411499023,1.2900391817092896,4.284042835235596,0.07461626082658768,0.37308141589164734,0.37308135628700256,0.7177656292915344,-0.6093809008598328,-0.07149408012628555,0.32917481660842896
-0.29581743478775024,1.303946614265442,4.295275688171387,0.08586385846138,0.4293192923069,0.42931926250457764,0.6096491813659668,-0.5660049319267273,-0.4957987368106842,0.24929895997047424
-0.31236377358436584,1.3181369304656982,4.305740833282471,0.06735579669475555,0.3367789685726166,0.33677899837493896,0.8653619289398193,-0.3487042486667633,-0.1049061268568039,0.3443091809749603
-0.32877984642982483,1.332877278327942,4.315516471862793,0.07431413978338242,0.37157073616981506,0.37157073616981506,0.5630125403404236,-0.7801109552383423,-0.22100578248500824,0.16000062227249146
-0.3453315794467926,1.3484349250793457,4.324681282043457,0.07860706746578217,0.39303532242774963,0.393035352230072,0.719804048538208,-0.46831727027893066,-0.38776925206184387,0.3349568247795105
-0.36228489875793457,1.3650771379470825,4.333313465118408,0.07634937018156052,0.38174691796302795,0.38174691796302795,0.7387434840202332,-0.6278018355369568,-0.033407196402549744,0.24291332066059113
-0.37990570068359375,1.383070707321167,4.341492176055908,0.0819237157702446,0.409618616104126,0.40961864590644836,0.5106409192085266,-0.7218420505523682,-0.384308785200119,0.26551201939582825
-0.3984600007534027,1.4026832580566406,4.349295616149902,0.0835418850183487,0.4177094101905823,0.4177094101905823,0.8326924443244934,-0.39977970719337463,-0.2547643780708313,0.2861722409725189
-0.4181065559387207,1.4240106344223022,4.356790065765381,0.07304584234952927,0.36522918939590454,0.36522918939590454,0.57040935754776,-0.8058335185050964,-0.13497506082057953,0.08394799381494522
-0.43742454051971436,1.4447654485702515,4.363815784454346,0.07216188311576843,0.3608093857765198,0.36080941557884216,0.5699822902679443,-0.6149187088012695,-0.33617863059043884,0.42892780900001526
-0.4559134542942047,1.4644325971603394,4.370197296142578,0.07636924833059311,0.38184624910354614,0.38184621930122375,0.7476217746734619,-0.5731356739997864,-0.09014122933149338,0.3231898844242096
-0.4735983908176422,1.483373999595642,4.375805854797363,0.08463187515735626,0.4231594204902649,0.4231594204902649,0.46327799558639526,-0.827935516834259,-0.309894859790802,0.062140390276908875
-0.4905043840408325,1.501951813697815,4.380509853363037,0.07802842557430267,0.39014217257499695,0.39014220237731934,0.7191932797431946,-0.5243192315101624,-0.3670310378074646,0.270441472530365
-0.5066563487052917,1.520527720451355,4.384179592132568,0.07728133350610733,0.38640666007995605,0.38640668988227844,0.6237717270851135,-0.7505878806114197,-0.03955889120697975,0.21438679099082947
-0.5220794081687927,1.539463996887207,4.386685371398926,0.06794595718383789,0.33972978591918945,0.33972981572151184,0.40881192684173584,-0.7665417790412903,-0.42226463556289673,0.25880321860313416
-0.5367985367774963,1.5591223239898682,4.387894630432129,0.07485270500183105,0.3742635250091553,0.3742634952068329,0.7440307140350342,-0.598699688911438,-0.214788556098938,0.2045552283525467
-0.550838828086853,1.5798648595809937,4.387678146362305,0.076385498046875,0.381927490234375,0.381927490234375,0.45218625664711,-0.8835957050323486,-0.11476335674524307,0.04019510746002197
-0.5642251968383789,1.6020532846450806,4.385906219482422,0.08666645735502243,0.43333226442337036,0.43333226442337036,0.5794554352760315,-0.6689140200614929,-0.4214509427547455,0.19790033996105194
-0.5769827365875244,1.6260496377944946,4.3824462890625,0.07912558317184448,0.3956279456615448,0.3956279754638672,0.6410606503486633,-0.7635383605957031,0.040561042726039886,0.06637168675661087
-0.5891363620758057,1.6522160768508911,4.377170562744141,0.07356315106153488,0.36781585216522217,0.3678158223628998,0.21645928919315338,-0.9389761686325073,-0.24030369520187378,0.11714605242013931
-0.5995759963989258,1.6792696714401245,4.370838165283203,0.08092056214809418,0.40460288524627686,0.40460285544395447,0.6272722482681274,-0.7154138684272766,-0.11968500167131424,0.28352782130241394
-0.6072671413421631,1.7054436206817627,4.364267349243164,0.07133116573095322,0.3566558361053467,0.3566558361053467,0.5108629465103149,-0.8473262786865234,-0.002131452551111579,-0.14509543776512146
-0.6126427054405212,1.7307662963867188,4.3571858406066895,0.0853794738650322,0.4268973469734192,0.4268973767757416,0.41028645634651184,-0.8806123733520508,-0.18117134273052216,0.15285243093967438
-0.6161379814147949,1.7552671432495117,4.34932279586792,0.06956204026937485,0.34781017899513245,0.34781017899513245,0.7272867560386658,-0.675986647605896,-0.0332893505692482,-0.11396443098783493
-0.6181879043579102,1.778976321220398,4.340404033660889,0.0731719508767128,0.3658597469329834,0.365859717130661,0.2034284770488739,-0.9777520895004272,0.019107766449451447,-0.04746174067258835
-0.6192275881767273,1.801924228668213,4.330158233642578,0.06618897616863251,0.33094489574432373,0.33094489574432373,0.529608428478241,-0.8285291790962219,-0.14400771260261536,0.11097738146781921
-0.6196920871734619,1.824141025543213,4.318312168121338,0.08033928275108337,0.4016963839530945,0.40169641375541687,0.4110966622829437,-0.8822838068008423,0.11782442033290863,-0.1967034637928009
-0.62001633644104,1.845656394958496,4.304593563079834,0.07428482174873352,0.3714241683483124,0.3714241683483124,0.12072151899337769,-0.9671809077262878,-0.09225814044475555,0.20365600287914276
-0.6206356287002563,1.8665008544921875,4.288730144500732,0.06962838768959045,0.34814193844795227,0.34814193844795227,0.6127170324325562,-0.7796911597251892,-0.10990414023399353,-0.06768016517162323
-0.6219849586486816,1.886704444885254,4.270448684692383,0.08301647752523422,0.4150823652744293,0.4150824248790741,0.05126519501209259,-0.9889901876449585,-0.026445509865880013,-0.13627517223358154
-0.6244993209838867,1.906297206878662,4.249477863311768,0.08125358819961548,0.4062679708003998,0.40626800060272217,0.353054940700531,-0.8643925786018372,-0.262260377407074,0.24371552467346191
-0.6281839609146118,1.9245951175689697,4.226176738739014,0.08112005144357681,0.405600368976593,0.4056003987789154,0.24696160852909088,-0.9509877562522888,-0.08088239282369614,-0.16760136187076569
-0.6316376328468323,1.9390974044799805,4.202805519104004,0.07910554856061935,0.3955276608467102,0.3955276906490326,0.07786921411752701,0.9801991581916809,0.06648804247379303,-0.16948552429676056
-0.6347687840461731,1.9501272439956665,4.179474830627441,0.07207851111888885,0.3603927195072174,0.3603927195072174,0.35568439960479736,-0.9077658653259277,-0.20387005805969238,0.088807612657547
-0.6376467347145081,1.958303451538086,4.156052112579346,0.07398843765258789,0.36994215846061707,0.36994221806526184,0.098823182284832,0.9463924169540405,0.2073105275630951,0.2271512746810913
-0.640340268611908,1.9642454385757446,4.132403373718262,0.07185371220111847,0.35926857590675354,0.35926857590675354,0.0022424941416829824,-0.9009677171707153,-0.3523530662059784,0.25317874550819397
-0.6429182291030884,1.9685722589492798,4.108395099639893,0.07219898700714111,0.3609949052333832,0.3609949052333832,0.1592136174440384,-0.9166465997695923,-0.30267977714538574,-0.20686955749988556
-0.6454495787620544,1.9719029664993286,4.083893299102783,0.07786974310874939,0.38934871554374695,0.38934874534606934,0.26457327604293823,0.920433521270752,0.2871679663658142,-0.018377000465989113
-0.648003339767456,1.9748564958572388,4.058764934539795,0.07216187566518784,0.3608093559741974,0.3608093559741974,0.12302373349666595,-0.8899993300437927,-0.43045574426651,0.08645354211330414
-0.6506484746932983,1.9780521392822266,4.0328755378723145,0.0724012702703476,0.36200645565986633,0.36200645565986633,0.07107165455818176,0.9437466859817505,0.2649742364883423,0.18460659682750702
-0.6534537672996521,1.9821088314056396,4.006091594696045,0.08197353035211563,0.40986767411231995,0.40986767411231995,0.12166545540094376,0.8743106722831726,0.37879103422164917,-0.2780209481716156
-0.656488299369812,1.9876457452774048,3.9782800674438477,0.06190080940723419,0.30950409173965454,0.30950409173965454,0.27291709184646606,-0.9234621524810791,-0.20620715618133545,-0.17381760478019714
-0.6588943600654602,1.992993950843811,3.9571950435638428,0.07880237698554993,0.394011914730072,0.394011914730072,0.2761889696121216,0.9396355748176575,0.20157580077648163,0.013106388039886951
-0.604861319065094,1.6725537776947021,4.372665882110596,0.06593893468379974,0.3296946883201599,0.3296946883201599,0.619735598564148,-0.5705971121788025,-0.28193527460098267,0.4591941833496094
-0.6208372712135315,1.6925607919692993,4.369650363922119,0.07609295845031738,0.3804647922515869,0.3804648220539093,0.6019374132156372,-0.7957797050476074,0.04123838245868683,0.05201343074440956
-0.6368787884712219,1.7125381231307983,4.367632865905762,0.07881379127502441,0.39406895637512207,0.39406895637512207,0.4312605857849121,-0.765251636505127,-0.44635009765625,0.17080944776535034
-0.6529560089111328,1.7324990034103394,4.366159915924072,0.07679154723882675,0.38395777344703674,0.38395774364471436,0.7837595343589783,-0.5378491878509521,-0.16929443180561066,0.2603432834148407
-0.6690391302108765,1.7524572610855103,4.364777565002441,0.07917920500040054,0.39589616656303406,0.39589616656303406,0.3991053104400635,-0.9084939360618591,-0.11520940810441971,0.04561173915863037
-0.6850984692573547,1.7724264860153198,4.363031387329102,0.06785500049591064,0.339275062084198,0.339275062084198,0.5211054682731628,-0.6463623046875,-0.4587070941925049,0.31662702560424805
-0.7011041045188904,1.7924199104309082,4.360468864440918,0.07139787822961807,0.3569893538951874,0.3569893538951874,0.686791718006134,-0.7149233818054199,-0.0585719458758831,0.11735012382268906
-0.7170262932777405,1.8124511241912842,4.356634140014648,0.0796193853020668,0.3980969786643982,0.3980969786643982,0.23056963086128235,-0.897476851940155,-0.3580292761325836,0.11483906954526901
-0.7328353524208069,1.832533836364746,4.351075172424316,0.08281055092811584,0.4140527844429016,0.4140527546405792,0.6701582074165344,-0.5751155018806458,-0.3556183874607086,0.3060486912727356
-0.7485013604164124,1.8526811599731445,4.3433380126953125,0.08325392752885818,0.4162696897983551,0.4162696897983551,0.40941110253334045,-0.903306782245636,-0.07803420722484589,-0.10163716971874237
-0.763994574546814,1.8729066848754883,4.332967758178711,0.08496397733688354,0.4248199164867401,0.4248199164867401,0.19091056287288666,-0.833869457244873,-0.3798246681690216,0.3520626723766327
-0.7792850732803345,1.8932243585586548,4.319511413574219,0.08290064334869385,0.41450321674346924,0.41450321674346924,0.590889036655426,-0.7588290572166443,-0.13095638155937195,0.2405805140733719
-0.7940906882286072,1.91329824924469,4.302857875823975,0.06972146034240723,0.34860730171203613,0.3486073315143585,0.14632591605186462,-0.933162271976471,-0.2710699141025543,-0.18525134027004242
-0.8068702816963196,1.9310150146484375,4.2849578857421875,0.07528408616781235,0.37642043828964233,0.3764204680919647,0.2618795931339264,-0.8645787239074707,-0.3128564655780792,0.2933318316936493
-0.8176383376121521,1.9463468790054321,4.266224384307861,0.0700727105140686,0.3503635823726654,0.3503635823726654,0.41568782925605774,-0.8684395551681519,-0.24998104572296143,-0.10259546339511871
-0.8267209529876709,1.9596914052963257,4.2466936111450195,0.06714599579572678,0.33573001623153687,0.33573001623153687,0.02325507067143917,-0.9274991750717163,-0.36745893955230713,0.06464096158742905
-0.8344439268112183,1.9714460372924805,4.2263994216918945,0.07549813389778137,0.3774906396865845,0.37749066948890686,0.3496445417404175,-0.8885299563407898,-0.20035891234874725,0.21936166286468506
-0.8411334753036499,1.982008457183838,4.205377578735352,0.08031334728002548,0.4015667736530304,0.4015667736530304,0.08581303805112839,-0.932265043258667,-0.2397557646036148,-0.256972998380661
-0.8471153378486633,1.991776466369629,4.183661460876465,0.07599322497844696,0.379966139793396,0.3799661695957184,0.009505200199782848,0.9031230807304382,0.3338146507740021,-0.2699003517627716
-0.8527157306671143,2.0011472702026367,4.161287307739258,0.07787907123565674,0.3893953561782837,0.3893953561782837,0.3684512674808502,-0.8834529519081116,-0.2695704996585846,-0.10529177635908127
-0.8582606315612793,2.010518789291382,4.138288974761963,0.06983160972595215,0.34915807843208313,0.34915807843208313,0.10163082182407379,0.9160839319229126,0.38659200072288513,0.0317503847181797
-0.8640758991241455,2.0202884674072266,4.114701747894287,0.07731986045837402,0.3865993916988373,0.3865993916988373,0.258745402097702,-0.9079084396362305,-0.3015863597393036,0.1334116905927658
-0.8704876899719238,2.030853748321533,4.090560436248779,0.0715075433254242,0.35753774642944336,0.35753774642944336,0.0816803127527237,-0.9451449513435364,-0.24709703028202057,-0.19741417467594147
-0.8778218626976013,2.0426127910614014,4.065899848937988,0.08281179517507553,0.414059042930603,0.4140590727329254,0.003056850517168641,-0.8749009966850281,-0.3678308427333832,0.31502270698547363
-0.8864045739173889,2.055962562561035,4.040755271911621,0.0689404308795929,0.34470224380493164,0.34470224380493164,0.3950556516647339,-0.8640627264976501,-0.30071932077407837,-0.08303272724151611
-0.9830038547515869,0.6644518971443176,4.226217269897461,0.08336981385946274,0.4168491065502167,0.4168490767478943,0.7087264060974121,-0.35877081751823425,-0.24034050107002258,0.5578771829605103
-0.9873467683792114,0.6663594245910645,4.245349884033203,0.07622498273849487,0.38112491369247437,0.38112491369247437,0.7454842925071716,0.08369152992963791,-0.20918479561805725,0.6272883415222168
-0.9916871786117554,0.6682206988334656,4.2642130851745605,0.08182288706302643,0.40911439061164856,0.40911439061164856,0.8289920687675476,-0.2799641489982605,0.07939310371875763,0.4775865972042084
-0.9960259199142456,0.6700490713119507,4.282884120941162,0.09024470299482346,0.4512235224246979,0.45122355222702026,0.7504252791404724,-0.23619669675827026,-0.34845492243766785,0.509560763835907
-1.0003635883331299,0.6718579530715942,4.301440715789795,0.08108797669410706,0.4054398834705353,0.4054398834705353,0.844264566898346,0.06151219457387924,0.04873880743980408,0.5301491022109985
-1.0047008991241455,0.6736605763435364,4.3199615478515625,0.08218964189291,0.4109482169151306,0.4109481871128082,0.7072610855102539,-0.40612322092056274,-0.07432512193918228,0.5738653540611267
-1.0090385675430298,0.6754703521728516,4.338524341583252,0.09095494449138641,0.4547747075557709,0.45477473735809326,0.7835344076156616,-0.04314756765961647,-0.3443874418735504,0.5153731107711792
-1.0133774280548096,0.6773005127906799,4.357205390930176,0.08921685814857483,0.44608429074287415,0.44608429074287415,0.8309038877487183,-0.137422114610672,0.1932498812675476,0.5033571124076843
-1.0177180767059326,0.679164469242096,4.376084327697754,0.08823638409376144,0.44118189811706543,0.44118189811706543,0.6468974947929382,-0.44659188389778137,-0.3065986931324005,0.5367276072502136
-1.0220612287521362,0.6810755729675293,4.395237922668457,0.07031094282865524,0.3515547215938568,0.3515546917915344,0.8525171875953674,-0.010327651165425777,-0.15413343906402588,0.49935024976730347
-1.0264075994491577,0.6830471158027649,4.4147443771362305,0.08949941396713257,0.44749704003334045,0.44749704003334045,0.7829525470733643,-0.3615795373916626,0.10707505792379379,0.4947529137134552
-1.0307579040527344,0.6850924491882324,4.4346818923950195,0.08528244495391846,0.4264121949672699,0.4264121949672699,0.7788252830505371,-0.17104245722293854,-0.4273984134197235,0.4260355532169342
-1.035112738609314,0.6872249841690063,4.455127239227295,0.08324945718050003,0.41624733805656433,0.41624730825424194,0.8185291886329651,0.00964323803782463,0.09949365258216858,0.5657013058662415
-1.039473056793213,0.689457893371582,4.47615909576416,0.08651076257228851,0.43255379796028137,0.43255382776260376,0.768551766872406,-0.47637656331062317,-0.12687596678733826,0.40779417753219604
-1.0438393354415894,0.6918046474456787,4.497855186462402,0.09000714868307114,0.4500357508659363,0.4500357210636139,0.7940430641174316,0.08817122131586075,-0.3111814260482788,0.5146722197532654
-1.0482124090194702,0.6942785978317261,4.52029275894165,0.07134955376386642,0.3567477762699127,0.35674774646759033,0.8413026332855225,-0.21221378445625305,0.16041535139083862,0.4705764055252075
-1.0525121688842773,0.6968571543693542,4.543182373046875,0.08209919929504395,0.41049596667289734,0.41049596667289734,0.793183445930481,-0.31993237137794495,-0.31283456087112427,0.4130833148956299
-1.056430459022522,0.6994034647941589,4.565113544464111,0.07232646644115448,0.3616323173046112,0.3616323173046112,0.8779838681221008,0.01784782111644745,-0.050201814621686935,0.47571590542793274
-1.0599844455718994,0.7019073367118835,4.586069583892822,0.07496524602174759,0.3748262822628021,0.3748262822628021,0.8246550559997559,-0.4091469347476959,0.04574046656489372,0.38787969946861267
-1.0632288455963135,0.7043747901916504,4.606198310852051,0.07281853258609772,0.364092618227005,0.364092618227005,0.8405596017837524,-0.10696780681610107,-0.3070554733276367,0.43328332901000977
-1.066218376159668,0.7068113684654236,4.625648498535156,0.08205503225326538,0.4102751314640045,0.41027510166168213,0.8465245366096497,-7.331545930355787e-05,0.18639664351940155,0.4986506700515747
-1.0690076351165771,0.7092229127883911,4.644566535949707,0.07166656851768494,0.3583328127861023,0.3583328127861023,0.8262611031532288,-0.48254403471946716,-0.15844358503818512,0.2435968816280365
-1.0716516971588135,0.711615264415741,4.6631011962890625,0.08345557749271393,0.41727787256240845,0.41727787256240845,0.9501391649246216,0.040623053908348083,-0.13004381954669952,0.2804887890815735
-1.074204683303833,0.7139939665794373,4.681400299072266,0.07786904275417328,0.3893451988697052,0.3893451988697052,0.8560845851898193,-0.3482750654220581,0.12255717813968658,0.3616675138473511
-1.0767217874526978,0.7163649797439575,4.699612140655518,0.07639376819133759,0.38196882605552673,0.38196882605552673,0.8253088593482971,-0.1834837645292282,-0.3610268235206604,0.3935207426548004
-1.0792573690414429,0.7187339067459106,4.717883586883545,0.07698802649974823,0.38494011759757996,0.38494011759757996,0.8673371076583862,0.010412320494651794,0.062436360865831375,0.4936796724796295
-1.0818662643432617,0.7211065292358398,4.736364364624023,0.0726102739572525,0.3630513846874237,0.3630513846874237,0.864223837852478,-0.3666694760322571,-0.048055775463581085,0.3411177396774292
-1.084603190422058,0.7234885692596436,4.755199909210205,0.08587371557950974,0.4293685555458069,0.4293685555458069,0.8185465335845947,-0.01725623942911625,-0.2979349195957184,0.4908345639705658
-1.0875227451324463,0.7258858680725098,4.774539947509766,0.06863125413656235,0.34315624833106995,0.34315624833106995,0.8812764883041382,-0.12495697289705276,0.1660803109407425,0.4244465231895447
-1.09067964553833,0.7283042073249817,4.79453182220459,0.06721639633178711,0.33608198165893555,0.33608198165893555,0.8298051357269287,-0.33383211493492126,-0.21388812363147736,0.3927231431007385
-1.0941286087036133,0.730749249458313,4.815323829650879,0.08845816552639008,0.4422908425331116,0.4422908127307892,0.8888030648231506,0.11283855885267258,-0.09365969151258469,0.43419405817985535
-1.0979242324829102,0.7332266569137573,4.837063789367676,0.07728597521781921,0.3864298462867737,0.3864298462867737,0.7931870818138123,-0.4039117395877838,0.09925131499767303,0.4448131322860718
-1.1021159887313843,0.7357362508773804,4.859849452972412,0.07400581240653992,0.3700290620326996,0.370029091835022,0.7476109862327576,-0.1511191725730896,-0.3806380033493042,0.5228341221809387
-1.1065590381622314,0.7380881309509277,4.882172584533691,0.06836747378110886,0.3418373763561249,0.3418373465538025,0.837288498878479,-0.011003853753209114,0.07631800323724747,0.5412969589233398
-1.1111423969268799,0.7402154803276062,4.9033894538879395,0.07975251972675323,0.398762583732605,0.398762583732605,0.8277359008789062,-0.3666817247867584,-0.16096068918704987,0.39305150508880615
-1.1158307790756226,0.7421521544456482,4.923659801483154,0.06864100694656372,0.3432050347328186,0.3432050049304962,0.7661433219909668,0.08392123878002167,-0.2449074387550354,0.5882192850112915
-1.1205893754959106,0.7439324259757996,4.943143367767334,0.07334750145673752,0.3667374849319458,0.3667374551296234,0.7730244398117065,-0.24539461731910706,0.03415568545460701,0.5839931964874268
-1.125383734703064,0.7455905079841614,4.961999893188477,0.08332754671573639,0.41663768887519836,0.41663768887519836,0.7677667140960693,-0.2557823956012726,-0.3103583753108978,0.49878591299057007
-1.1301789283752441,0.7471604347229004,4.980391025543213,0.08674589544534683,0.43372949957847595,0.43372946977615356,0.8563685417175293,0.03879339247941971,0.009627416729927063,0.5148157477378845
-1.1349399089813232,0.7486763596534729,4.998475074768066,0.07331079989671707,0.36655405163764954,0.36655405163764954,0.7817192077636719,-0.3696786165237427,-0.13773266971111298,0.4829931855201721
-1.139632225036621,0.7501723766326904,5.016412734985352,0.08640483766794205,0.432024210691452,0.43202418088912964,0.7246050238609314,-0.04697577282786369,-0.2657606899738312,0.6341231465339661
-1.1442209482192993,0.7516827583312988,5.034364700317383,0.07273247092962265,0.36366239190101624,0.36366236209869385,0.8149216771125793,-0.19785000383853912,0.2030373215675354,0.5055035948753357
-1.148671269416809,0.7532416582107544,5.052490234375,0.07514379918575287,0.37571895122528076,0.37571895122528076,0.7224844098091125,-0.35293278098106384,-0.40149086713790894,0.4384744465351105
-1.1529483795166016,0.7548829317092896,5.070949554443359,0.06824140250682831,0.34120702743530273,0.34120699763298035,0.8710669875144958,0.015912562608718872,-0.045798495411872864,0.48876532912254333
-1.157017469406128,0.7566410303115845,5.089903831481934,0.07943800836801529,0.3971900939941406,0.39719003438949585,0.7962628602981567,-0.46731269359588623,-0.04791032522916794,0.3811678886413574
-1.160843849182129,0.7585499286651611,5.109511852264404,0.06471766531467438,0.3235883116722107,0.3235882818698883,0.7371949553489685,0.021621525287628174,-0.37294867634773254,0.5630145072937012
-1.1643925905227661,0.7606437802314758,5.129934310913086,0.07505571097135544,0.3752785325050354,0.3752785325050354,0.8702247142791748,-0.09698698669672012,0.18001210689544678,0.4482165575027466
-1.1676288843154907,0.7629567384719849,5.151330471038818,0.08210330456495285,0.41051653027534485,0.41051653027534485,0.8170487880706787,-0.4189680516719818,-0.26812005043029785,0.2915625274181366
-1.170518159866333,0.7655229568481445,5.173861503601074,0.07312863320112228,0.365643173456192,0.365643173456192,0.9418973326683044,0.15915359556674957,-0.0569075383245945,0.2902776598930359
-1.1729158163070679,0.7683237195014954,5.19686222076416,0.08054635673761368,0.4027317464351654,0.4027317464351654,0.8759787082672119,-0.3079797029495239,0.08248406648635864,0.3619477152824402
-1.1746259927749634,0.7712520360946655,5.218785762786865,0.07834266871213913,0.39171335101127625,0.39171335101127625,0.9068356156349182,-0.1681690663099289,-0.37413787841796875,0.09689798951148987
-1.1757267713546753,0.7742796540260315,5.239735126495361,0.07225929200649261,0.3612964451313019,0.3612964451313019,0.9705959558486938,-0.03548138216137886,0.10480149835348129,0.2137782722711563
-1.1763038635253906,0.7773809432983398,5.259864807128906,0.06516949832439423,0.3258475065231323,0.3258475065231323,0.8799374103546143,-0.44170081615448,0.06465234607458115,0.16257496178150177
-1.1764427423477173,0.7805307507514954,5.279328346252441,0.06382981687784195,0.31914907693862915,0.31914907693862915,0.9769006967544556,-0.11633803695440292,-0.17909938097000122,0.007345105987042189
-1.1762293577194214,0.7837035655975342,5.298279285430908,0.08193238824605942,0.4096619784832001,0.4096619784832001,0.963483452796936,-0.05116131529211998,0.2615567445755005,-0.025889404118061066
-1.1757490634918213,0.7868738174438477,5.3168721199035645,0.07169224321842194,0.3584612309932709,0.3584612309932709,0.9209713339805603,-0.35961851477622986,-0.04658998176455498,-0.14253312349319458
-1.1750879287719727,0.790016233921051,5.335261821746826,0.06604433804750443,0.33022168278694153,0.33022168278694153,0.9701840281486511,0.03378331661224365,-0.027676157653331757,-0.23840239644050598
-1.1743313074111938,0.7931054830551147,5.35360050201416,0.0659327283501625,0.32966363430023193,0.32966363430023193,0.901695966720581,-0.3497005105018616,0.20258870720863342,-0.1536613404750824
-1.1735649108886719,0.7961159944534302,5.372043609619141,0.07725061476230621,0.3862530291080475,0.3862530291080475,0.9583197832107544,-0.1580531746149063,-0.1550005078315735,-0.18060258030891418
-1.1728745698928833,0.7990223169326782,5.390745162963867,0.06866110116243362,0.3433054983615875,0.3433054983615875,0.9661628603935242,-0.006923507899045944,0.2559111416339874,-0.03147834166884422
-1.172345757484436,0.8017991185188293,5.409857749938965,0.06914900243282318,0.3457449972629547,0.3457449972629547,0.9126190543174744,-0.4084797501564026,-0.01498654205352068,0.006795291323214769
-1.172064185142517,0.804421067237854,5.429537296295166,0.08078212291002274,0.4039106070995331,0.4039106070995331,0.9839380979537964,-0.01785861887037754,-0.15084603428840637,0.09376738965511322
-1.1721155643463135,0.8068625926971436,5.449936389923096,0.0798192173242569,0.3990961015224457,0.3990961015224457,0.9682121276855469,-0.16025184094905853,0.19027210772037506,0.026099376380443573
-1.1725857257843018,0.8090983629226685,5.47121000289917,0.06473476439714432,0.3236738443374634,0.32367387413978577,0.8798261880874634,-0.3274886906147003,-0.254184365272522,0.2324807196855545
-1.1735599040985107,0.8111028075218201,5.493511199951172,0.07557638734579086,0.3778819441795349,0.3778819441795349,0.9351606369018555,0.0739319920539856,-0.02333948388695717,0.3456355631351471
-1.1750859022140503,0.8128415942192078,5.516790866851807,0.06702548265457153,0.33512741327285767,0.33512744307518005,0.8434010744094849,-0.30592119693756104,0.062471192330121994,0.4372461140155792
-1.176862120628357,0.8142252564430237,5.539315223693848,0.06471551954746246,0.3235776126384735,0.3235776126384735,0.8852373361587524,-0.06251393258571625,-0.2812230587005615,0.3651854991912842
-1.1787968873977661,0.8152657747268677,5.5607805252075195,0.07228494435548782,0.3614247441291809,0.3614247441291809,0.8660488724708557,-0.09993954747915268,0.10787637531757355,0.47784316539764404
-1.1808795928955078,0.8159992694854736,5.5813422203063965,0.0713895782828331,0.35694795846939087,0.3569478988647461,0.7216062545776367,-0.26598313450813293,-0.2386673390865326,0.5929378867149353
-1.1830987930297852,0.8164621591567993,5.601154327392578,0.06353481858968735,0.31767407059669495,0.31767407059669495,0.7347140908241272,0.10868831723928452,-0.09772402048110962,0.662443995475769
-1.18544340133667,0.8166906833648682,5.620373725891113,0.08300551027059555,0.41502752900123596,0.41502752900123596,0.6325010061264038,-0.3103857636451721,0.07198455184698105,0.70598965883255
-1.187902808189392,0.8167210817337036,5.639153480529785,0.07820703834295273,0.39103519916534424,0.39103516936302185,0.6530231833457947,-0.09837130457162857,-0.3896547257900238,0.6419135332107544
-1.1904654502868652,0.8165895342826843,5.657649993896484,0.08016155660152435,0.40080776810646057,0.40080776810646057,0.665885865688324,0.08991217613220215,0.14327844977378845,0.7266244292259216
-1.1931207180023193,0.8163324594497681,5.676018238067627,0.06904356181621552,0.3452177941799164,0.345217764377594,0.6040652990341187,-0.40661755204200745,-0.18527689576148987,0.6598785519599915
-1.195857286453247,0.815985918045044,5.694413185119629,0.07208450138568878,0.3604224622249603,0.3604224622249603,0.6785468459129333,0.05660759285092354,-0.21743305027484894,0.6993515491485596
-1.1986641883850098,0.8155863285064697,5.712989807128906,0.07931298017501831,0.3965648412704468,0.3965648412704468,0.5339741110801697,-0.18328027427196503,0.10388142615556717,0.8188337087631226
-1.2015304565429688,0.8151696920394897,5.731903076171875,0.07995424419641495,0.3997712731361389,0.39977124333381653,0.6764397025108337,-0.19821514189243317,-0.28226280212402344,0.6507440209388733
-1.2044448852539062,0.8147724866867065,5.751308441162109,0.08230023086071014,0.4115011692047119,0.41150107979774475,0.6702920794487,0.06592660397291183,-0.05018748342990875,0.7374573945999146
-1.2073965072631836,0.814430832862854,5.771360397338867,0.07362253963947296,0.3681126832962036,0.3681126534938812,0.7095334529876709,-0.3452133238315582,-0.0780898705124855,0.6093373894691467
-1.210374355316162,0.8141811490058899,5.792215347290039,0.06665712594985962,0.3332855999469757,0.3332855701446533,0.6364142894744873,0.0691944807767868,-0.32708844542503357,0.6951274275779724
-1.2133673429489136,0.8140596151351929,5.814026832580566,0.0706496611237526,0.3532482385635376,0.3532482087612152,0.614004373550415,-0.08230509608983994,0.06964889168739319,0.7819038033485413
-1.2163642644882202,0.814102292060852,5.836950778961182,0.08038874715566635,0.40194374322891235,0.40194374322891235,0.5749970078468323,-0.39973270893096924,-0.24237370491027832,0.6714515686035156
-0.2375982403755188,-0.05202611908316612,4.809723854064941,0.08410332351922989,0.4205165505409241,0.4205165505409241,0.6546007394790649,0.17496968805789948,-0.20789413154125214,0.7054526805877686
-0.24180814623832703,-0.052942171692848206,4.83256196975708,0.08984749019145966,0.4492373764514923,0.4492374062538147,0.6453295350074768,-0.2672335207462311,0.006244816817343235,0.7156095504760742
-0.2460271269083023,-0.053880367428064346,4.855057716369629,0.07223851978778839,0.3611925542354584,0.3611925542354584,0.49597057700157166,-0.1197102963924408,-0.4307693839073181,0.7443926334381104
-0.2502516508102417,-0.05483217537403107,4.877342224121094,0.08869122713804245,0.44345611333847046,0.44345611333847046,0.6162108778953552,0.03163520246744156,-0.018595343455672264,0.7867258787155151
-0.25447821617126465,-0.05578909069299698,4.8995466232299805,0.0832376480102539,0.41618824005126953,0.41618821024894714,0.5123566389083862,-0.409658819437027,-0.11820849776268005,0.7454509139060974
-0.25870344042778015,-0.056742601096630096,4.921804904937744,0.0904415175318718,0.4522075653076172,0.4522075653076172,0.5533519983291626,0.010403917171061039,-0.3339962959289551,0.7629808783531189
-0.2629237473011017,-0.05768419802188873,4.944247722625732,0.08400461822748184,0.4200231432914734,0.4200230538845062,0.5615502595901489,-0.03828319534659386,0.17738553881645203,0.8072980046272278
-0.26713576912879944,-0.058605365455150604,4.967006683349609,0.08836829662322998,0.4418414533138275,0.4418414533138275,0.566183865070343,-0.3224649131298065,-0.25904542207717896,0.7129850387573242
-0.27133598923683167,-0.059497587382793427,4.990213871002197,0.06919439882040024,0.345971941947937,0.345971941947937,0.6175265312194824,0.17499500513076782,-0.21488860249519348,0.7361118197441101
-0.275520920753479,-0.06035236269235611,5.014001846313477,0.08171002566814423,0.4085501432418823,0.40855008363723755,0.5353776216506958,-0.2132946401834488,0.029480164870619774,0.816705048084259
-0.2796871066093445,-0.06116116791963577,5.0385026931762695,0.08124522119760513,0.40622612833976746,0.40622609853744507,0.5095602869987488,-0.20177319645881653,-0.32135069370269775,0.772249698638916
-0.2838311195373535,-0.061915501952171326,5.063846588134766,0.07830218225717545,0.39151090383529663,0.39151084423065186,0.6551832556724548,0.13240960240364075,-0.06504926085472107,0.7409259080886841
-0.28794941306114197,-0.06260684132575989,5.0901665687561035,0.08949331194162369,0.44746655225753784,0.44746655225753784,0.5595017671585083,-0.3180258870124817,-0.019433101639151573,0.7651402950286865
-0.29203230142593384,-0.06322245299816132,5.1175360679626465,0.08546409755945206,0.4273204803466797,0.4273204803466797,0.6651330590248108,-0.013331463560461998,-0.4091399908065796,0.6245197057723999
-0.29587888717651367,-0.06362815201282501,5.144167900085449,0.06701736897230148,0.33508679270744324,0.33508679270744324,0.7284992337226868,-0.03685827553272247,0.18034173548221588,0.6598539352416992
-0.2994194030761719,-0.06379986554384232,5.169360160827637,0.06958981603384018,0.3479490578174591,0.34794899821281433,0.6976452469825745,-0.26639750599861145,-0.2431364506483078,0.6190380454063416
-0.3026881515979767,-0.06378741562366486,5.193366050720215,0.07211185246706009,0.36055928468704224,0.36055925488471985,0.7428337335586548,0.06884319335222244,-0.10755445063114166,0.6571839451789856
-0.30571937561035156,-0.06364064663648605,5.216440677642822,0.0844167172908783,0.4220835864543915,0.4220835864543915,0.6591994762420654,-0.33120837807655334,0.07032754272222519,0.6714246869087219
-0.3085475564002991,-0.06340940296649933,5.238839626312256,0.07805785536766052,0.3902892768383026,0.3902892768383026,0.7093668580055237,-0.08856351673603058,-0.3633900284767151,0.5974134802818298
-0.31120678782463074,-0.0631435289978981,5.26081657409668,0.0768798366189003,0.3843991756439209,0.3843991756439209,0.7289573550224304,0.06750504672527313,0.16094477474689484,0.6619373559951782
-0.3137315511703491,-0.062892846763134,5.282627105712891,0.06935938447713852,0.3467969596385956,0.3467969298362732,0.5849180817604065,-0.37234243750572205,-0.13340303301811218,0.7081211805343628
-0.31615614891052246,-0.06270721554756165,5.304525375366211,0.0846274122595787,0.4231370687484741,0.4231370985507965,0.6385319828987122,0.11089783161878586,-0.3401755094528198,0.6813657283782959
-0.3185148239135742,-0.06263647228479385,5.326766014099121,0.06615415215492249,0.3307707607746124,0.3307707607746124,0.7331312298774719,-0.11573335528373718,0.1381143033504486,0.655781090259552
-0.3208419680595398,-0.06273045390844345,5.349603652954102,0.07430139929056168,0.3715069890022278,0.3715069591999054,0.6236075758934021,-0.20365610718727112,-0.2507694661617279,0.7118654847145081
-0.32317185401916504,-0.06303900480270386,5.373293876647949,0.08267196267843246,0.41335976123809814,0.41335979104042053,0.6593793034553528,0.13526718318462372,-0.0563318096101284,0.7373930215835571
-0.3255388140678406,-0.0636119544506073,5.398090839385986,0.08398348838090897,0.4199174642562866,0.41991743445396423,0.469687283039093,-0.26812243461608887,-0.014983618631958961,0.8409992456436157
-0.32797718048095703,-0.0644991546869278,5.424248695373535,0.06879229843616486,0.3439615070819855,0.3439614772796631,0.4745083153247833,-0.0473673939704895,-0.3095869719982147,0.8226506114006042
-0.3304954767227173,-0.06576704233884811,5.451738357543945,0.0881565660238266,0.440782755613327,0.4407828450202942,0.4417964220046997,0.09455963969230652,0.10496117919683456,0.885921835899353
-0.33288249373435974,-0.06756613403558731,5.478174209594727,0.07304217666387558,0.3652108907699585,0.3652108609676361,0.357504278421402,-0.38794493675231934,-0.22564952075481415,0.8190065622329712
-0.3350928723812103,-0.06983190774917603,5.503177642822266,0.06946226209402084,0.3473112881183624,0.3473112881183624,0.37404680252075195,0.2525961995124817,-0.2689317464828491,0.8508583307266235
-0.33713796734809875,-0.0724528431892395,5.527010440826416,0.08585808426141739,0.42929041385650635,0.42929038405418396,0.2524498999118805,-0.19175565242767334,0.08802764862775803,0.9443251490592957
-0.3390289843082428,-0.0753173902630806,5.549933910369873,0.078056201338768,0.39028096199035645,0.39028096199035645,0.25335490703582764,-0.11290676891803741,-0.4500264823436737,0.8488460183143616
-0.3407772481441498,-0.07831404358148575,5.572210788726807,0.06857956200838089,0.3428977429866791,0.3428977131843567,0.1637156903743744,0.17609921097755432,-0.040665049105882645,0.9698106050491333
-0.34239402413368225,-0.08133123815059662,5.5941033363342285,0.07856693118810654,0.3928346037864685,0.3928346335887909,0.22943852841854095,-0.36851850152015686,-0.07897082716226578,0.8973938226699829
-0.343890517950058,-0.08425746113061905,5.615874290466309,0.08404697477817535,0.42023488879203796,0.42023491859436035,0.32823988795280457,0.09376765787601471,-0.3230498135089874,0.8826692700386047
-0.3452780544757843,-0.08698118478059769,5.637783527374268,0.06534913927316666,0.3267456889152527,0.3267456591129303,0.2981452941894531,-0.09101998060941696,0.16242489218711853,0.9361853003501892
-0.34656792879104614,-0.08939085900783539,5.660095691680908,0.06506247073411942,0.3253123462200165,0.3253123164176941,0.127336323261261,-0.17179107666015625,-0.33549126982688904,0.9174523949623108
-0.3477713465690613,-0.0913749635219574,5.683072090148926,0.0817490667104721,0.40874531865119934,0.40874525904655457,0.31022873520851135,0.2819884121417999,-0.11512953042984009,0.9005475640296936
-0.34889960289001465,-0.09282197058200836,5.706973075866699,0.07759124040603638,0.3879561722278595,0.3879561722278595,0.2914746403694153,-0.23974652588367462,0.07936042547225952,0.9226408004760742
-0.3499639928340912,-0.09362034499645233,5.7320637702941895,0.07836956530809402,0.3918478190898895,0.39184778928756714,0.5203565955162048,-0.13612507283687592,-0.4050614833831787,0.7393403649330139
-0.35097575187683105,-0.09365853667259216,5.758603572845459,0.07002861797809601,0.3501431345939636,0.35014310479164124,0.7701393365859985,0.0909409299492836,-0.04729103296995163,0.6295861601829529
-0.35195401310920715,-0.09296123683452606,5.786217212677002,0.08438847213983536,0.4219423830509186,0.4219423830509186,0.888322651386261,-0.281261682510376,0.1192672923207283,0.34285566210746765
-0.3529239594936371,-0.0920061245560646,5.812528133392334,0.07920095324516296,0.39600473642349243,0.39600473642349243,0.9109370708465576,-0.08995069563388824,-0.2993420660495758,0.26925259828567505
-0.35385823249816895,-0.09080895781517029,5.837492942810059,0.08149271458387375,0.40746358036994934,0.40746358036994934,0.9166135191917419,0.07056508213281631,0.20184780657291412,0.33778345584869385
-0.3547248840332031,-0.08932683616876602,5.861352443695068,0.07708992063999176,0.38544961810112,0.38544961810112,0.8908683061599731,-0.3436812162399292,-0.02876347303390503,0.29565104842185974
-0.35549190640449524,-0.08751682192087173,5.884347438812256,0.07196369022130966,0.3598184287548065,0.3598184585571289,0.915999710559845,0.029862428084015846,-0.31492066383361816,0.24673420190811157
-0.35612741112709045,-0.08533596992492676,5.906717777252197,0.07439479231834412,0.3719739317893982,0.3719739317893982,0.9576129913330078,-0.0645531415939331,0.27679213881492615,0.046866003423929214
-0.356599360704422,-0.082741379737854,5.928704738616943,0.06329446285963058,0.3164723217487335,0.3164723217487335,0.9091494679450989,-0.38143977522850037,-0.14652805030345917,0.08050137758255005
-0.35687583684921265,-0.0796901136636734,5.9505486488342285,0.07487255334854126,0.3743627667427063,0.3743627667427063,0.9884641766548157,0.13061507046222687,-0.07656126469373703,-0.004080655053257942
-0.3569248616695404,-0.07613925635814667,5.972489356994629,0.08210230618715286,0.4105115532875061,0.4105115532875061,0.9046090841293335,-0.35276931524276733,0.22253170609474182,-0.08783990144729614
-0.35671448707580566,-0.07204585522413254,5.994769096374512,0.08234549313783646,0.4117274880409241,0.4117274284362793,0.9303832054138184,-0.2062557339668274,-0.30305784940719604,0.0012767217122018337
-0.35621270537376404,-0.06736700981855392,6.0176262855529785,0.08021220564842224,0.4010610282421112,0.4010610282421112,0.9737797975540161,0.06379561126232147,0.21777553856372833,-0.016025293618440628
-0.3553875684738159,-0.062059782445430756,6.041302680969238,0.07615764439105988,0.3807882070541382,0.38078823685646057,0.9029684662818909,-0.4110659956932068,0.04254577308893204,-0.11773940175771713
-0.3542071282863617,-0.056081246584653854,6.066038608551025,0.06635107845067978,0.3317553997039795,0.3317554295063019,0.9798170924186707,-0.06959424912929535,-0.18733647465705872,0.004485932178795338
-0.35263940691947937,-0.04938847944140434,6.092074394226074,0.07309702783823013,0.36548513174057007,0.36548513174057007,0.9481576681137085,-0.1262984275817871,0.29120615124702454,-0.01564379408955574
-0.350693941116333,-0.04210170730948448,6.118502140045166,0.08173902332782745,0.4086951017379761,0.4086951017379761,0.8591336011886597,-0.4890506863594055,-0.06789945065975189,-0.13456818461418152
-0.34845516085624695,-0.03454049304127693,6.143215179443359,0.08174873143434525,0.40874364972114563,0.40874364972114563,0.9642507433891296,-0.06498247385025024,-0.018235735595226288,-0.2562522888183594
-0.3459504246711731,-0.02671990357339382,6.166419506072998,0.08319368958473206,0.4159684181213379,0.4159684181213379,0.8818790316581726,-0.3881673812866211,0.1765865683555603,-0.20107857882976532
-0.34320494532585144,-0.018645120784640312,6.188391208648682,0.06748700886964798,0.3374350368976593,0.3374350368976593,0.9186002612113953,-0.2548357844352722,-0.23139576613903046,-0.19413486123085022
-0.340243935585022,-0.010321327485144138,6.209409236907959,0.06342680007219315,0.31713399291038513,0.31713399291038513,0.94499272108078,-0.19829204678535461,0.19900648295879364,-0.16752737760543823
-0.3370925784111023,-0.0017537097446620464,6.229752063751221,0.07562748342752457,0.37813740968704224,0.37813740968704224,0.8058889508247375,-0.5885834693908691,0.01854783482849598,-0.0613882802426815
-0.33377605676651,0.0070525528863072395,6.249696254730225,0.06551413983106613,0.32757067680358887,0.32757067680358887,0.9669494032859802,-0.17329363524913788,-0.06159108504652977,-0.1765919178724289
-0.3303195536136627,0.016092272475361824,6.2695207595825195,0.07211893051862717,0.36059466004371643,0.36059466004371643,0.8042935132980347,-0.377665638923645,0.37079888582229614,-0.27016428112983704
-0.32674822211265564,0.025360265746712685,6.2895026206970215,0.07330726832151413,0.36653634905815125,0.36653634905815125,0.8872084021568298,-0.4051262140274048,-0.16187356412410736,-0.15010328590869904
-0.32308733463287354,0.034851353615522385,6.309920310974121,0.07873507589101791,0.3936753571033478,0.39367538690567017,0.9551076889038086,-0.06871926784515381,0.184072807431221,-0.22172972559928894
-0.31936198472976685,0.04456034302711487,6.331051349639893,0.06292365491390228,0.314618319272995,0.3146182894706726,0.8388966917991638,-0.48611199855804443,0.07838275283575058,-0.23195604979991913
-0.31559741497039795,0.05448205769062042,6.353174209594727,0.07872185111045837,0.39360925555229187,0.3936091959476471,0.9429502487182617,-0.1801215559244156,-0.0755891278386116,-0.2696058452129364
-0.31181883811950684,0.06461131572723389,6.376565933227539,0.07139795273542404,0.3569897413253784,0.3569897413253784,0.8461230993270874,-0.3688551187515259,0.26872846484184265,-0.2753300964832306
-0.30805137753486633,0.0749429315328598,6.4015045166015625,0.0800447165966034,0.40022358298301697,0.40022361278533936,0.8864222168922424,-0.3333578407764435,-0.19544467329978943,-0.2548128068447113
-0.3638190031051636,-0.055663030594587326,6.110409736633301,0.06844653189182281,0.34223267436027527,0.3422326445579529,0.5422046184539795,-0.3671850264072418,-0.14656631648540497,0.741422712802887
-0.3779563009738922,-0.06509722024202347,6.126273155212402,0.06888820230960846,0.3444409966468811,0.3444409668445587,0.41735750436782837,-0.2153904139995575,-0.6009204387664795,0.6467722058296204
-0.39186522364616394,-0.07437904179096222,6.141880512237549,0.07050443440675735,0.35252219438552856,0.3525221645832062,0.3311645984649658,-0.0484725683927536,-0.23816204071044922,0.9117342233657837
-0.40564730763435364,-0.08357620239257812,6.157344341278076,0.06639484316110611,0.33197417855262756,0.33197417855262756,0.460296630859375,-0.3937757909297943,-0.40331465005874634,0.6858606934547424
-0.4194040298461914,-0.09275646507740021,6.1727800369262695,0.06794645637273788,0.33973225951194763,0.33973225951194763,0.28795677423477173,-0.13601626455783844,-0.546048104763031,0.77486252784729
-0.4332369565963745,-0.10198754072189331,6.1883015632629395,0.07079123705625534,0.3539562225341797,0.3539562225341797,0.5073992609977722,-0.1885870099067688,-0.12082964926958084,0.8320944309234619
-0.4472474455833435,-0.11133717000484467,6.204021453857422,0.07754600793123245,0.38773006200790405,0.38773003220558167,0.3916109502315521,-0.3972505033016205,-0.6012485027313232,0.5721303224563599
-0.4615371823310852,-0.12087308615446091,6.220056056976318,0.07200545072555542,0.3600272834300995,0.3600272536277771,0.37925267219543457,0.04874134808778763,-0.39845356345176697,0.8336824774742126
-0.4762074947357178,-0.13066302239894867,6.236516952514648,0.06285931915044785,0.3142966032028198,0.3142966032028198,0.5326031446456909,-0.43591731786727905,-0.28712865710258484,0.6662335395812988
-0.49136000871658325,-0.1407746970653534,6.253519058227539,0.06720241904258728,0.3360120356082916,0.3360120356082916,0.24429957568645477,-0.18942558765411377,-0.5952328443527222,0.7417098879814148
-0.5070961713790894,-0.1512758731842041,6.271176338195801,0.06724777072668076,0.3362388610839844,0.3362388014793396,0.5165932178497314,-0.07992081344127655,-0.19566859304904938,0.829733669757843
-0.5235174298286438,-0.16223424673080444,6.289601802825928,0.06450095772743225,0.32250478863716125,0.32250478863716125,0.44370099902153015,-0.4294237196445465,-0.5321881175041199,0.5792239904403687
-0.5294305086135864,-0.16618020832538605,6.296236515045166,0.07531216740608215,0.3765608072280884,0.37656083703041077,0.3090076744556427,-0.08713840693235397,-0.46130961179733276,0.8271121978759766
0.8044570088386536,-0.8681535124778748,4.222095012664795,0.06910018622875214,0.3455009162425995,0.3455008864402771,0.4235323369503021,0.13939990103244781,0.15771904587745667,-0.8810861110687256
0.8103976845741272,-0.8727579116821289,4.256521224975586,0.08751190453767776,0.4375595450401306,0.43755948543548584,0.4575687348842621,-0.2506769299507141,0.39686623215675354,-0.7551748752593994
0.8163910508155823,-0.8773478269577026,4.290587902069092,0.08614540100097656,0.4307270050048828,0.4307269752025604,0.5347059965133667,-0.18163666129112244,-0.10677578300237656,-0.8183498978614807
0.8223373293876648,-0.8819507360458374,4.324976444244385,0.07525797188282013,0.37628990411758423,0.37628984451293945,0.37718114256858826,0.20553813874721527,0.3122066855430603,-0.8473579287528992
0.8281365036964417,-0.8865942358970642,4.3603668212890625,0.06875646859407425,0.34378230571746826,0.3437822759151459,0.3615575134754181,-0.38725098967552185,0.2559189796447754,-0.8085903525352478
0.8336889147758484,-0.8913059234619141,4.397440433502197,0.07364185154438019,0.36820924282073975,0.36820924282073975,0.2941781282424927,0.04664328321814537,0.0253519956022501,-0.9542750716209412
0.8388946652412415,-0.896113395690918,4.436878204345703,0.06698883324861526,0.3349441587924957,0.3349441587924957,0.2952033281326294,-0.09500683099031448,0.39034172892570496,-0.8668690919876099
0.8433043956756592,-0.9009461998939514,4.4787116050720215,0.06912512332201004,0.3456255793571472,0.3456255793571472,0.22939763963222504,-0.22792182862758636,-0.0905882865190506,-0.9419246912002563
0.844414234161377,-0.9050789475440979,4.518176555633545,0.0874028354883194,0.4370141625404358,0.4370141327381134,0.09255649149417877,-0.24969995021820068,-0.13701465725898743,0.9541018009185791
0.8430832624435425,-0.9085865020751953,4.5549635887146,0.06881879270076752,0.3440939486026764,0.344093918800354,0.2711056172847748,0.16085994243621826,-0.41405484080314636,0.853922963142395
0.8409519791603088,-0.9117491245269775,4.590046405792236,0.06811860203742981,0.34059298038482666,0.34059298038482666,0.3730153739452362,-0.048662059009075165,0.06153416261076927,0.9245026111602783
0.8396610617637634,-0.9148474931716919,4.624399662017822,0.06705538183450699,0.33527693152427673,0.33527690172195435,0.02682650461792946,0.12566238641738892,0.3805931508541107,-0.9157719016075134
0.8408509492874146,-0.9181620478630066,4.658997058868408,0.08542637526988983,0.42713192105293274,0.42713186144828796,0.32122933864593506,-0.2602599263191223,-0.013626616448163986,-0.9104344248771667
0.8461622595787048,-0.9219731092453003,4.694813251495361,0.0862039104104042,0.43101954460144043,0.4310195744037628,0.38084927201271057,0.13663901388645172,0.2523086965084076,-0.8789902925491333
0.8572354316711426,-0.9265613555908203,4.732821941375732,0.07988522201776505,0.39942610263824463,0.39942610263824463,0.4432193338871002,-0.40224289894104004,0.2570549249649048,-0.7587357759475708
0.8740476965904236,-0.9310769438743591,4.7703375816345215,0.0797993466258049,0.3989967107772827,0.3989967107772827,0.6269910931587219,-0.09104698151350021,0.14895141124725342,-0.7592141628265381
0.8939253687858582,-0.9340540170669556,4.802030086517334,0.07139091193675995,0.35695454478263855,0.35695454478263855,0.42926251888275146,-0.3063868582248688,0.5822227001190186,-0.6187710165977478
0.9162025451660156,-0.9363095164299011,4.829464912414551,0.08613236248493195,0.43066176772117615,0.43066176772117615,0.6830062866210938,-0.44944673776626587,0.05844185873866081,-0.5727867484092712
0.9402688145637512,-0.9387080669403076,4.854352951049805,0.07940731942653656,0.3970365822315216,0.3970365822315216,0.45295706391334534,-0.048255592584609985,0.42928963899612427,-0.7798792719841003
0.9655138254165649,-0.942113995552063,4.878406524658203,0.06572375446557999,0.3286187946796417,0.32861876487731934,0.46768710017204285,-0.5153758525848389,0.38796311616897583,-0.6042690873146057
0.9913270473480225,-0.9473916292190552,4.903338432312012,0.0862978845834732,0.4314894378185272,0.4314894378185272,0.5690637230873108,-0.12187475711107254,0.13997681438922882,-0.8010739684104919
1.0170979499816895,-0.9554056525230408,4.9308600425720215,0.07624553889036179,0.38122761249542236,0.38122764229774475,0.37470293045043945,-0.2166232168674469,0.6397140026092529,-0.6351677179336548
1.0420933961868286,-0.9668527841567993,4.962462902069092,0.06884820759296417,0.34424102306365967,0.34424102306365967,0.5093324184417725,-0.4456855058670044,0.15912698209285736,-0.7187652587890625
1.0635477304458618,-0.9789363741874695,4.994584560394287,0.06726396828889847,0.33631980419158936,0.33631977438926697,0.32174769043922424,-0.04650512710213661,0.3486354351043701,-0.8790728449821472
1.0815753936767578,-0.9909886717796326,5.025330543518066,0.06859469413757324,0.3429734706878662,0.3429734706878662,0.45058682560920715,-0.34467563033103943,0.4978272020816803,-0.6560017466545105
1.0975688695907593,-1.0038238763809204,5.054593086242676,0.07039028406143188,0.35195139050483704,0.35195136070251465,0.41809675097465515,-0.1678924411535263,0.12010016292333603,-0.8846373558044434
1.1129209995269775,-1.0182561874389648,5.082266807556152,0.08593512326478958,0.4296756088733673,0.4296755790710449,0.34963032603263855,-0.015013829804956913,0.5138373970985413,-0.7832651734352112
1.1290243864059448,-1.0350996255874634,5.108242988586426,0.06562796235084534,0.3281398415565491,0.32813987135887146,0.38454675674438477,-0.4593259394168854,0.4501948952674866,-0.6621692180633545
1.147271752357483,-1.0551683902740479,5.132415771484375,0.07729964703321457,0.38649821281433105,0.38649821281433105,0.30661922693252563,-0.0006736580980941653,0.24812769889831543,-0.9189215898513794
1.1690558195114136,-1.0792765617370605,5.154678821563721,0.07457990944385529,0.3728995621204376,0.37289953231811523,0.18617983162403107,-0.2005922794342041,0.7102833986282349,-0.6485347151756287
1.1939436197280884,-1.1068536043167114,5.17365837097168,0.06501562893390656,0.3250781297683716,0.3250781297683716,0.3322662115097046,-0.42290225625038147,0.354705274105072,-0.7648117542266846
1.2171179056167603,-1.1340701580047607,5.185978889465332,0.08028243482112885,0.40141215920448303,0.40141212940216064,0.2344425469636917,0.022461798042058945,0.676971971988678,-0.6973099112510681
1.2388646602630615,-1.1610451936721802,5.192952632904053,0.08112916350364685,0.40564581751823425,0.40564581751823425,0.23935995995998383,-0.37276190519332886,0.7964640855789185,-0.41158273816108704
1.2599080801010132,-1.188231110572815,5.19623327255249,0.06349954754114151,0.31749773025512695,0.31749770045280457,0.43247535824775696,-0.1995215117931366,0.4835388660430908,-0.7344021201133728
1.2809717655181885,-1.216081142425537,5.197476863861084,0.07541666179895401,0.37708330154418945,0.37708333134651184,0.10737365484237671,-0.08673261851072311,0.7975574731826782,-0.587239682674408
1.3027790784835815,-1.2450480461120605,5.198337554931641,0.07957027852535248,0.3978513777256012,0.3978513777256012,0.3322214186191559,-0.45118433237075806,0.7336863279342651,-0.3844033181667328
1.3260544538497925,-1.2755850553512573,5.200470924377441,0.07936330884695053,0.39681652188301086,0.39681652188301086,0.28156161308288574,-0.12282740324735641,0.5545331835746765,-0.7733883261680603
1.3492437601089478,-1.3052752017974854,5.204944610595703,0.07472904771566391,0.3736451268196106,0.37364521622657776,0.03871522098779678,0.22914765775203705,-0.8517406582832336,0.46960654854774475
0.849105715751648,-0.9277658462524414,4.767962455749512,0.06655752658843994,0.3327876031398773,0.33278757333755493,0.5931327939033508,0.059675510972738266,-0.31128501892089844,0.7400904893875122
0.835567831993103,-0.9268819689750671,4.801201343536377,0.07815314084291458,0.3907656669616699,0.3907656669616699,0.6603893637657166,-0.26949650049209595,0.10952826589345932,0.6922869086265564
0.8215939998626709,-0.9252748489379883,4.833887100219727,0.06654723733663559,0.33273613452911377,0.33273616433143616,0.5739902257919312,-0.3666672706604004,-0.3187519907951355,0.6591566801071167
0.8076282143592834,-0.9236810803413391,4.866583824157715,0.0661199539899826,0.3305997848510742,0.3305998146533966,0.638728141784668,-0.0034732380881905556,-0.23372392356395721,0.7330670952796936
0.7941148281097412,-0.9228378534317017,4.899853229522705,0.07354643940925598,0.3677321970462799,0.3677321672439575,0.6672286987304688,-0.35576528310775757,0.05774325877428055,0.6518455743789673
0.7814980745315552,-0.9234820604324341,4.934260368347168,0.08464221656322479,0.42321106791496277,0.42321106791496277,0.5743053555488586,-0.19728200137615204,-0.3895256221294403,0.6924759745597839
0.7702223062515259,-0.9263505339622498,4.9703688621521,0.07312548905611038,0.3656274378299713,0.3656274080276489,0.5289900898933411,0.06835397332906723,-0.0058072274550795555,0.8458507061004639
0.7607314586639404,-0.9321803450584412,5.0087409019470215,0.06905556470155716,0.3452777862548828,0.3452777564525604,0.44335323572158813,-0.31362777948379517,-0.26444151997566223,0.7969605922698975
0.7537216544151306,-0.9416343569755554,5.049308776855469,0.08295898139476776,0.4147948622703552,0.41479477286338806,0.08827432990074158,0.1396024525165558,-0.2992122173309326,0.9397823810577393
0.7514869570732117,-0.9542453289031982,5.086625099182129,0.08327190577983856,0.4163595139980316,0.4163595139980316,0.0053205667063593864,0.15097764134407043,0.07347404211759567,-0.9857885241508484
0.7532606720924377,-0.9691727757453918,5.120301246643066,0.0780654102563858,0.3903270363807678,0.39032700657844543,0.08060804754495621,-0.018945930525660515,0.561857283115387,-0.8230794668197632
0.7575199007987976,-0.9856682419776917,5.151580333709717,0.08189055323600769,0.4094527065753937,0.40945273637771606,0.07440029084682465,-0.18308283388614655,0.20135687291622162,-0.9593751430511475
0.7627421021461487,-1.0029840469360352,5.181705951690674,0.07491948455572128,0.37459737062454224,0.3745974004268646,0.0136693324893713,-0.23356907069683075,-0.4465910494327545,0.8636058568954468
0.7674047350883484,-1.0203721523284912,5.211918830871582,0.0729755386710167,0.36487770080566406,0.3648776113986969,0.051340579986572266,-0.29048770666122437,0.3976391553878784,-0.8688291311264038
0.7699849605560303,-1.0370845794677734,5.24346399307251,0.0847354531288147,0.4236772358417511,0.4236772656440735,0.04869668185710907,0.1348520666360855,0.09655893594026566,-0.9849466681480408
0.7689602375030518,-1.0523732900619507,5.277583122253418,0.06993047147989273,0.3496522903442383,0.3496522903442383,0.04001820832490921,-0.11272533237934113,-0.4373246133327484,0.8913128972053528
0.7628078460693359,-1.0654901266098022,5.315519332885742,0.07385701686143875,0.36928504705429077,0.36928504705429077,0.32196423411369324,0.22835619747638702,-0.2128002792596817,0.8938168287277222
0.7520931363105774,-1.075496792793274,5.354031562805176,0.0836600810289383,0.4183003902435303,0.41830042004585266,0.41481804847717285,-0.2743169367313385,-0.11930079013109207,0.8593273758888245
0.7390972971916199,-1.0823191404342651,5.388622283935547,0.07489782571792603,0.3744891285896301,0.3744891285896301,0.3636729419231415,-0.23192532360553741,-0.5387650728225708,0.7236607074737549
0.7241697907447815,-1.0866672992706299,5.420398235321045,0.06350511312484741,0.31752556562423706,0.31752556562423706,0.623051643371582,-0.011023023165762424,-0.1661849170923233,0.7642432451248169
0.7076523303985596,-1.0892531871795654,5.45048189163208,0.08039617538452148,0.4019809067249298,0.4019808769226074,0.6337745785713196,-0.5137792825698853,-0.1806938648223877,0.549281656742096
0.6898866891860962,-1.0907882452011108,5.479996681213379,0.07001703977584839,0.35008519887924194,0.35008519887924194,0.5776914358139038,-0.024021843448281288,-0.5167015790939331,0.6314388513565063
0.6712145805358887,-1.0919841527938843,5.510064601898193,0.07694220542907715,0.38471102714538574,0.38471099734306335,0.5956507921218872,-0.22551587224006653,0.034872185438871384,0.7701471447944641
0.6519778966903687,-1.093552827835083,5.541810035705566,0.06981495767831802,0.34907475113868713,0.34907475113868713,0.47191473841667175,-0.4581047594547272,-0.3459731340408325,0.6691331267356873
0.6325182318687439,-1.0962058305740356,5.576355934143066,0.06707318872213364,0.3353659510612488,0.335365891456604,0.6352380514144897,0.11052155494689941,-0.3489205539226532,0.680082380771637
0.622657299041748,-1.0981966257095337,5.595335483551025,0.06481911987066269,0.32409563660621643,0.32409560680389404,0.598032534122467,-0.3314288556575775,-0.10537204891443253,0.7220863103866577
1.1965850591659546,-1.0882487297058105,5.176540374755859,0.08086682111024857,0.40433406829833984,0.40433409810066223,0.5683020949363708,-0.5704431533813477,0.42360857129096985,-0.41494953632354736
1.2247135639190674,-1.0881657600402832,5.198301315307617,0.08117279410362244,0.4058639407157898,0.4058639109134674,0.6607871055603027,-0.2588805854320526,0.15685828030109406,-0.6868309378623962
1.2523651123046875,-1.08808434009552,5.219693660736084,0.08005578070878983,0.40027889609336853,0.4002789258956909,0.5321552753448486,-0.2840816080570221,0.6001856923103333,-0.5252480506896973
1.2799816131591797,-1.0880029201507568,5.241058349609375,0.07053907215595245,0.35269537568092346,0.35269537568092346,0.6525086164474487,-0.5752618908882141,0.25753751397132874,-0.4206906855106354
1.30800461769104,-1.0879204273223877,5.262737274169922,0.06807128340005875,0.34035640954971313,0.34035637974739075,0.5554825663566589,-0.11855177581310272,0.2701784670352936,-0.7774240970611572
1.3368761539459229,-1.0878353118896484,5.285073280334473,0.08272577822208405,0.4136289060115814,0.41362887620925903,0.560316264629364,-0.43826672434806824,0.5446488857269287,-0.4442136883735657
1.3670382499694824,-1.0877463817596436,5.308407783508301,0.0733589306473732,0.3667946457862854,0.3667946457862854,0.7275189757347107,-0.41259562969207764,0.22891800105571747,-0.49807390570640564
1.3989324569702148,-1.0876524448394775,5.33308219909668,0.06405042111873627,0.32025209069252014,0.32025209069252014,0.5761317610740662,-0.11886297166347504,0.45668327808380127,-0.6673710942268372
1.4182419776916504,-1.0875955820083618,5.348020076751709,0.06136479601264,0.3068239688873291,0.3068239688873291,0.5299178957939148,-0.523484468460083,0.4279193878173828,-0.5118948221206665
0.7769263386726379,-1.0813878774642944,5.344802379608154,0.08301623165607452,0.4150811731815338,0.4150811433792114,0.2825663089752197,-0.15641237795352936,0.17660881578922272,-0.9297853708267212
0.7921634316444397,-1.0971429347991943,5.3726348876953125,0.07875233888626099,0.39376169443130493,0.39376163482666016,0.2792017459869385,-0.047985006123781204,0.5557050108909607,-0.7816237807273865
0.8071878552436829,-1.1126781702041626,5.400079727172852,0.0790582224726677,0.39529111981391907,0.3952910006046295,0.30982092022895813,-0.3852580189704895,0.28807875514030457,-0.820120632648468
0.8222039937973022,-1.1282047033309937,5.42750883102417,0.07229842245578766,0.3614920973777771,0.3614920973777771,0.42354798316955566,0.0796782523393631,0.3093879520893097,-0.8476659655570984
0.8374162316322327,-1.1439342498779297,5.455296039581299,0.07697179913520813,0.38485899567604065,0.38485899567604065,0.29452723264694214,-0.21875013411045074,0.6360659003257751,-0.6788389086723328
0.8530288934707642,-1.160077691078186,5.4838151931762695,0.0804617777466774,0.4023089110851288,0.402308851480484,0.2984432280063629,-0.25100278854370117,0.2105122208595276,-0.896445095539093
0.8692463040351868,-1.1768463850021362,5.513439178466797,0.06353599578142166,0.3176799416542053,0.3176799714565277,0.2690719664096832,0.08662663400173187,0.5118651986122131,-0.811227560043335
0.8862729072570801,-1.1944518089294434,5.544540882110596,0.06477895379066467,0.323894739151001,0.32389476895332336,0.4151819050312042,-0.30308958888053894,0.43839696049690247,-0.7372711896896362
0.9043127298355103,-1.2131049633026123,5.577493667602539,0.06324193626642227,0.31620967388153076,0.31620967388153076,0.45439302921295166,-0.06534068286418915,0.1933867335319519,-0.8670981526374817
-0.22006744146347046,-0.39764532446861267,4.949639797210693,0.0762147307395935,0.38107365369796753,0.38107359409332275,0.5604926943778992,-0.332584023475647,-0.1720719039440155,0.7386656999588013
-0.22494862973690033,-0.4000323414802551,4.9833197593688965,0.07480793446302414,0.3740396499633789,0.3740396499633789,0.3892482817173004,0.06390263885259628,-0.25470593571662903,0.8829083442687988
-0.2292141616344452,-0.4028954803943634,5.01680850982666,0.08484183251857758,0.4242091476917267,0.4242091178894043,0.44913995265960693,-0.13629810512065887,0.17692546546459198,0.8650974035263062
-0.2336491048336029,-0.40562760829925537,5.050350189208984,0.09080120176076889,0.4540059566497803,0.4540059268474579,0.48441851139068604,-0.22273947298526764,-0.32975417375564575,0.7790943384170532
-0.23903851211071014,-0.4076215922832489,5.0841875076293945,0.0796835869550705,0.39841794967651367,0.3984179198741913,0.5359935760498047,0.1680501252412796,-0.1515440046787262,0.8133292198181152
-0.24616745114326477,-0.40827032923698425,5.1185622215271,0.08235320448875427,0.41176605224609375,0.41176605224609375,0.6570597887039185,-0.33598339557647705,0.14106160402297974,0.6599160432815552
-0.25582095980644226,-0.4069667458534241,5.1537184715271,0.06789273023605347,0.33946362137794495,0.33946365118026733,0.621726393699646,-0.28432226181030273,-0.3934308886528015,0.6146782040596008
-0.2687841057777405,-0.40310370922088623,5.18989896774292,0.08247605711221695,0.41238027811050415,0.41238027811050415,0.8309479355812073,-0.03808923438191414,-0.1016760766506195,0.5456525683403015
-0.28482139110565186,-0.3961823284626007,5.225947856903076,0.0869353711605072,0.4346768856048584,0.434676855802536,0.6895294189453125,-0.5529488921165466,-0.00212598848156631,0.46775227785110474
-0.30101442337036133,-0.3865729868412018,5.257630348205566,0.06814934313297272,0.3407467305660248,0.3407467007637024,0.6999343633651733,-0.3009047508239746,-0.4067980647087097,0.504047155380249
-0.31750625371932983,-0.37500301003456116,5.2855987548828125,0.07863921672105789,0.39319610595703125,0.39319607615470886,0.9023587703704834,-0.21414557099342346,-0.0020745289511978626,0.37401336431503296
-0.3347351849079132,-0.36219507455825806,5.310937404632568,0.06818465143442154,0.3409232795238495,0.3409232795238495,0.7053490877151489,-0.5979849100112915,-0.2694214880466461,0.2689029276371002
-0.35313981771469116,-0.34887194633483887,5.334729194641113,0.07036016136407852,0.351800799369812,0.3518008291721344,0.781000018119812,-0.20879250764846802,-0.3068147897720337,0.5023040771484375
-0.3731585741043091,-0.3357563018798828,5.358060836791992,0.07486200332641602,0.37431004643440247,0.3743100166320801,0.7476410865783691,-0.4997579753398895,0.013245628215372562,0.4371490776538849
-0.3952298164367676,-0.3235708177089691,5.382014274597168,0.07903709262609482,0.3951854407787323,0.3951854705810547,0.5846372246742249,-0.4838784337043762,-0.547667384147644,0.35230857133865356
-0.41979214549064636,-0.31303828954696655,5.407674789428711,0.08606632798910141,0.43033161759376526,0.43033161759376526,0.7741369009017944,-0.23800048232078552,-0.17653800547122955,0.55937659740448
-0.4470757842063904,-0.30486488342285156,5.435787677764893,0.06754693388938904,0.3377346694469452,0.3377346694469452,0.6705226898193359,-0.571744441986084,-0.27613991498947144,0.3837374746799469
-0.4741453528404236,-0.2991875410079956,5.461872100830078,0.06677224487066269,0.33386120200157166,0.33386120200157166,0.6255584359169006,-0.22066989541053772,-0.448117196559906,0.599310040473938
-0.5003058910369873,-0.29559126496315,5.484902858734131,0.07344013452529907,0.367200642824173,0.36720070242881775,0.6586456894874573,-0.4141484498977661,-0.04164692014455795,0.6268433332443237
-0.5260587334632874,-0.29366105794906616,5.505774974822998,0.07978347688913345,0.39891740679740906,0.39891740679740906,0.41338664293289185,-0.5833756923675537,-0.5184714198112488,0.4690113961696625
-0.5519053936004639,-0.292981892824173,5.52538537979126,0.07811728864908218,0.39058637619018555,0.39058637619018555,0.6901918649673462,-0.12687118351459503,-0.3918018639087677,0.5950043797492981
-0.5783474445343018,-0.29313865303993225,5.54463005065918,0.07452138513326645,0.37260693311691284,0.37260693311691284,0.6347750425338745,-0.5159102082252502,-0.3134607672691345,0.48232734203338623
-0.6058862805366516,-0.2937163710594177,5.56440544128418,0.07713394612073898,0.38566964864730835,0.38566964864730835,0.48604047298431396,-0.21267181634902954,-0.6273804903030396,0.5700254440307617
-0.6350234150886536,-0.2942999601364136,5.585606575012207,0.07748688757419586,0.3874344527721405,0.3874344527721405,0.7175080180168152,-0.33384183049201965,-0.17133787274360657,0.5868349075317383
-0.666260302066803,-0.29447445273399353,5.609130859375,0.06928207725286484,0.3464103937149048,0.3464103937149048,0.4640379548072815,-0.5517693161964417,-0.5264830589294434,0.45059385895729065
-0.6972712278366089,-0.29371294379234314,5.633726596832275,0.07666710019111633,0.3833354711532593,0.3833354413509369,0.6846286058425903,-0.1612764298915863,-0.370936781167984,0.6063657999038696
-0.7253524661064148,-0.29211702942848206,5.657118320465088,0.07322627305984497,0.36613136529922485,0.36613136529922485,0.6324630975723267,-0.5766794085502625,-0.17137488722801208,0.48791590332984924
-0.7515141367912292,-0.29031437635421753,5.679415702819824,0.0758424699306488,0.379212349653244,0.379212349653244,0.3795674443244934,-0.3462274372577667,-0.5939645171165466,0.6190810203552246
-0.7767770886421204,-0.288933664560318,5.700736045837402,0.06708182394504547,0.33540916442871094,0.33540913462638855,0.7014908194541931,-0.17532707750797272,-0.16546612977981567,0.6706653833389282
-0.8021623492240906,-0.28860366344451904,5.721197605133057,0.06376171112060547,0.31880852580070496,0.31880855560302734,0.5240857005119324,-0.5700844526290894,-0.3481574058532715,0.528322160243988
-0.828690767288208,-0.28995293378829956,5.740915298461914,0.06809233874082565,0.34046170115470886,0.3404616713523865,0.40505483746528625,-0.2286449372768402,-0.5397595167160034,0.7016493678092957
-0.8573833107948303,-0.29361021518707275,5.760008811950684,0.0641714483499527,0.3208572566509247,0.3208572566509247,0.5719130635261536,-0.3435520529747009,-0.10502774268388748,0.7374663352966309
-0.88926100730896,-0.30020421743392944,5.778594017028809,0.07300816476345062,0.3650408685207367,0.3650408387184143,0.3502393364906311,-0.5771754384040833,-0.4991983473300934,0.5431407690048218
-0.9238932728767395,-0.3099963665008545,5.79604434967041,0.08438490331172943,0.4219244718551636,0.4219244718551636,0.29027584195137024,-0.11706279963254929,-0.5971686244010925,0.7385295629501343
-0.9560505151748657,-0.32168760895729065,5.809640884399414,0.08440103381872177,0.42200514674186707,0.4220051169395447,0.4887967109680176,-0.4625987112522125,-0.27894070744514465,0.6850345134735107
-0.9859219193458557,-0.3348970115184784,5.819925308227539,0.07501396536827087,0.375069797039032,0.375069797039032,0.19737449288368225,-0.5313789248466492,-0.6773548722267151,0.468903124332428
-1.0143964290618896,-0.3493975102901459,5.827823638916016,0.07753608375787735,0.38768044114112854,0.38768041133880615,0.363274484872818,-0.10515302419662476,-0.5918071269989014,0.7118558883666992
-1.042362928390503,-0.3649621605873108,5.834259986877441,0.08207335323095322,0.4103667736053467,0.4103667736053467,0.515794575214386,-0.5549521446228027,-0.47205743193626404,0.45071691274642944
-1.0707104206085205,-0.38136380910873413,5.840159893035889,0.07372183352708817,0.36860916018486023,0.36860916018486023,0.08083665370941162,-0.30675914883613586,-0.7722427845001221,0.5504592061042786
-1.100327730178833,-0.3983754813671112,5.84644889831543,0.06632661074399948,0.331633061170578,0.3316330015659332,0.4125211834907532,-0.26080015301704407,-0.44801032543182373,0.7490636110305786
-1.1321038007736206,-0.4157702326774597,5.85405158996582,0.07902231812477112,0.3951115608215332,0.3951115906238556,0.3597552478313446,-0.5549411773681641,-0.5946128964424133,0.4572218954563141
-1.1583518981933594,-0.4291595220565796,5.861309051513672,0.06624725461006165,0.33123621344566345,0.33123621344566345,0.28882700204849243,-0.14557649195194244,-0.692253053188324,0.6451141238212585
-0.2679966986179352,-0.40838927030563354,5.223282337188721,0.08086559176445007,0.404327929019928,0.40432795882225037,0.34471532702445984,0.06558142602443695,0.2363886535167694,-0.9060854315757751
-0.258143812417984,-0.4190852642059326,5.25405740737915,0.07194894552230835,0.35974469780921936,0.35974469780921936,0.3549739122390747,-0.22261692583560944,0.5403661727905273,-0.7296846508979797
-0.2481914460659027,-0.4292548894882202,5.284348487854004,0.07371305674314499,0.36856529116630554,0.36856532096862793,0.5029192566871643,-0.25237080454826355,0.020222900435328484,-0.826421320438385
-0.2382063865661621,-0.4392513930797577,5.314478397369385,0.08460976928472519,0.42304885387420654,0.42304885387420654,0.32160088419914246,0.17603711783885956,0.34235328435897827,-0.8650884628295898
-0.22825540602207184,-0.44942817091941833,5.344775199890137,0.0701737329363823,0.3508686423301697,0.3508686423301697,0.22840969264507294,-0.32995909452438354,0.3688715696334839,-0.8383852243423462
-0.21840518712997437,-0.4601384401321411,5.375563621520996,0.0680590346455574,0.3402951955795288,0.34029510617256165,0.24129128456115723,0.041696809232234955,0.05681607499718666,-0.9678903818130493
-0.20872259140014648,-0.4717356562614441,5.40717077255249,0.07414030283689499,0.37070146203041077,0.3707014322280884,0.16031663119792938,-0.1221320703625679,0.60428386926651,-0.770858883857727
-0.19927430152893066,-0.4845730662345886,5.439922332763672,0.0697871595621109,0.3489358127117157,0.3489357829093933,0.2007196694612503,-0.2649953365325928,0.011500812135636806,-0.9430571794509888
-0.19012711942195892,-0.49900397658348083,5.474143028259277,0.08545295149087906,0.4272647500038147,0.4272647202014923,0.1789209395647049,0.0884503573179245,0.3984535336494446,-0.8952087163925171
-0.18136192858219147,-0.5153124928474426,5.509993553161621,0.07731117308139801,0.38655585050582886,0.3865557909011841,0.11476187407970428,-0.37929195165634155,0.3500482141971588,-0.8487836122512817
-0.17336106300354004,-0.5320887565612793,5.543855667114258,0.08151703327894211,0.407585084438324,0.40758511424064636,0.11759810894727707,0.1104508712887764,0.17350560426712036,-0.9715282320976257
-0.16623012721538544,-0.5487191677093506,5.574779033660889,0.06620302051305771,0.33101511001586914,0.33101511001586914,0.20973700284957886,-0.07827296853065491,0.646365225315094,-0.7294489145278931
-0.15991376340389252,-0.56529301404953,5.603616714477539,0.0652334913611412,0.32616743445396423,0.32616743445396423,0.18112313747406006,-0.2280970811843872,0.18906882405281067,-0.9377734661102295
-0.15435673296451569,-0.5818998217582703,5.631221294403076,0.07887913286685944,0.394395649433136,0.3943955898284912,0.052174679934978485,0.12350202351808548,0.3925144374370575,-0.9099216461181641
-0.14950372278690338,-0.5986289978027344,5.658447742462158,0.0753815621137619,0.3769077658653259,0.3769077658653259,0.11098120361566544,-0.2025996744632721,0.45271170139312744,-0.8612135052680969
-0.14529946446418762,-0.6155698895454407,5.6861467361450195,0.06949862092733383,0.34749308228492737,0.3474929630756378,0.0032513083424419165,-0.03331950306892395,-0.15048907697200775,0.9880446791648865
-0.14168867468833923,-0.6328119039535522,5.715173721313477,0.07694040983915329,0.38470208644866943,0.38470208644866943,0.020048394799232483,-4.8328347475035116e-05,-0.6036733388900757,0.7969796061515808
-0.13861605525016785,-0.6504444479942322,5.746380805969238,0.07667305320501328,0.38336530327796936,0.3833652138710022,0.20533059537410736,-0.18589037656784058,0.21900324523448944,-0.9355863332748413
-0.13602633774280548,-0.6685571074485779,5.78062105178833,0.08611047267913818,0.43055233359336853,0.43055233359336853,0.0658494085073471,0.24467211961746216,0.2531645894050598,-0.9336525201797485
-0.13419590890407562,-0.686130702495575,5.816379070281982,0.06543730199337006,0.3271864652633667,0.3271864652633667,0.07523055374622345,-0.083253875374794,0.46646103262901306,-0.877395749092102
-0.13360659778118134,-0.7014418244361877,5.8498640060424805,0.06817594915628433,0.3408797085285187,0.3408796191215515,0.022422369569540024,-0.07476653158664703,0.1188979223370552,-0.9898335337638855
-0.13405002653598785,-0.7150588631629944,5.8815693855285645,0.07432905584573746,0.3716453015804291,0.3716453015804291,0.14792001247406006,-0.22169116139411926,-0.4040727913379669,0.875041663646698
-0.13530172407627106,-0.7276034951210022,5.912096977233887,0.07786178588867188,0.389308899641037,0.3893089294433594,0.06383922696113586,0.24224111437797546,-0.3183276653289795,0.9142818450927734
-0.13713723421096802,-0.7396973967552185,5.942048072814941,0.06490372866392136,0.32451868057250977,0.3245186507701874,0.10693053156137466,-0.22310636937618256,-0.05497410148382187,0.9673506617546082
-0.1393321454524994,-0.751962423324585,5.972023963928223,0.07900781184434891,0.39503902196884155,0.3950389623641968,0.17921125888824463,0.010958347469568253,-0.5746198296546936,0.79848313331604
-0.14166197180747986,-0.7650201916694641,6.002626419067383,0.08322148770093918,0.4161074459552765,0.4161073863506317,0.17504051327705383,0.1108664870262146,-0.02888602204620838,0.9778727293014526
-0.14390230178833008,-0.7794926166534424,6.034458160400391,0.07570186257362366,0.3785092830657959,0.3785092532634735,0.17208953201770782,-0.24251222610473633,-0.4636968672275543,0.8346006274223328
-0.14582866430282593,-0.7960013151168823,6.068118095397949,0.08426826447248459,0.42134127020835876,0.42134127020835876,0.021328074857592583,-0.2877444624900818,0.3281717002391815,-0.8994729518890381
-0.14726443588733673,-0.8148244619369507,6.1036481857299805,0.07876928150653839,0.39384639263153076,0.3938463628292084,0.05540328472852707,0.13520440459251404,0.21259237825870514,-0.9661545753479004
-0.14848780632019043,-0.8334567546844482,6.136794090270996,0.06751023977994919,0.33755120635032654,0.33755117654800415,0.04027087986469269,0.06933094561100006,0.5272682905197144,-0.8459075689315796
-0.14961063861846924,-0.8514826893806458,6.167191028594971,0.06400226801633835,0.32001134753227234,0.32001134753227234,0.08770012110471725,-0.15924827754497528,0.28182345628738403,-0.9420850276947021
-0.15066185593605042,-0.8691667318344116,6.195623397827148,0.07581129670143127,0.37905648350715637,0.379056453704834,0.0022764839231967926,-0.3082019090652466,-0.21329271793365479,0.9270990490913391
-0.15167033672332764,-0.8867735266685486,6.222882270812988,0.06258866935968399,0.31294330954551697,0.3129432797431946,0.04337829351425171,0.053509633988142014,-0.557897686958313,0.8270460963249207
-0.15266500413417816,-0.9045678377151489,6.249755382537842,0.06221235916018486,0.3110617995262146,0.3110617399215698,0.08408057689666748,-0.07477797567844391,0.2053055763244629,-0.9722079634666443
-0.15367479622364044,-0.9228142499923706,6.277031421661377,0.07489943504333496,0.37449711561203003,0.37449705600738525,0.04557957500219345,0.2228270024061203,0.3979552090167999,-0.8887644410133362
-0.15472860634326935,-0.9417774081230164,6.305499076843262,0.07734251022338867,0.38671258091926575,0.38671255111694336,0.07796982675790787,-0.1568446010351181,0.5505023002624512,-0.8162522315979004
-0.15585532784461975,-0.9617220163345337,6.335946083068848,0.06537442654371262,0.3268721401691437,0.3268721103668213,0.1544165015220642,-0.007224820554256439,-0.12646830081939697,0.9798516035079956
-0.1570839136838913,-0.9829126596450806,6.369161605834961,0.07747026532888412,0.3873513340950012,0.3873513340950012,0.10057282447814941,-0.1334047019481659,-0.598218560218811,0.7837237119674683
-0.5305418968200684,-0.10149718821048737,4.602715015411377,0.07540662586688995,0.3770331144332886,0.3770331144332886,0.9690946936607361,-0.08161146193742752,-0.2232052981853485,0.06613974273204803
-0.5310401916503906,-0.09786742925643921,4.62115478515625,0.0831560418009758,0.4157802164554596,0.4157802164554596,0.9611794352531433,-0.13766856491565704,0.23100310564041138,0.06179859861731529
-0.5315423011779785,-0.09424619376659393,4.639335632324219,0.0707399770617485,0.3536998927593231,0.35369986295700073,0.876105785369873,-0.4390292167663574,-0.19714882969856262,0.028711672872304916
-0.5320470929145813,-0.09063102304935455,4.657332897186279,0.07810703665018082,0.3905352056026459,0.3905352056026459,0.9935208559036255,-0.011595653370022774,-0.036539483815431595,0.10698912292718887
-0.5325534343719482,-0.08701948076486588,4.675220489501953,0.08130352199077606,0.4065175950527191,0.4065176248550415,0.9296041131019592,-0.33373382687568665,0.1504518985748291,0.04268667846918106
-0.5330603122711182,-0.08340907841920853,4.693073749542236,0.07173619419336319,0.35868093371391296,0.35868096351623535,0.9095932841300964,-0.22870835661888123,-0.3071000874042511,0.16131345927715302
-0.5335666537284851,-0.07979735732078552,4.710966110229492,0.07951105386018753,0.39755526185035706,0.39755526185035706,0.9681111574172974,0.1036766842007637,0.14449355006217957,0.17644701898097992
-0.5340713262557983,-0.07618185877799988,4.728972911834717,0.08839928358793259,0.44199636578559875,0.44199636578559875,0.8747256398200989,-0.4489527940750122,0.11430726945400238,0.14223332703113556
-0.5345731973648071,-0.0725601390004158,4.747169494628906,0.08494099229574203,0.42470496892929077,0.42470496892929077,0.9575837254524231,-0.13079482316970825,-0.24520006775856018,0.07617763429880142
-0.5350712537765503,-0.06892972439527512,4.765628814697266,0.07979405671358109,0.39897027611732483,0.3989703059196472,0.9615285396575928,-0.0911138728260994,0.2556835114955902,-0.04227331280708313
-0.5355643033981323,-0.06528814882040024,4.784426212310791,0.06905465573072433,0.3452732563018799,0.34527328610420227,0.9273398518562317,-0.3464898467063904,-0.1370377391576767,-0.03473087400197983
-0.5360513925552368,-0.06163295730948448,4.80363655090332,0.07287321239709854,0.3643660545349121,0.3643660545349121,0.9813734889030457,0.12363389879465103,-0.030408326536417007,0.1438613086938858
-0.5365313291549683,-0.05796169489622116,4.823333740234375,0.08288946747779846,0.4144473373889923,0.4144473075866699,0.9121724367141724,-0.3235873281955719,0.1940595507621765,0.15991735458374023
-0.5370030403137207,-0.054271891713142395,4.843593597412109,0.06709747761487961,0.33548739552497864,0.335487425327301,0.9198281764984131,-0.26698458194732666,-0.2621947228908539,0.11785273998975754
-0.5374654531478882,-0.0505610853433609,4.86448860168457,0.0784088522195816,0.3920442461967468,0.3920442461967468,0.9821291565895081,0.10609637945890427,0.1063588410615921,0.11337383091449738
-0.53791743516922,-0.04682682827115059,4.886096000671387,0.0702057033777237,0.35102856159210205,0.35102856159210205,0.9313202500343323,-0.35782620310783386,0.04701518639922142,-0.048913825303316116
-0.5383232831954956,-0.04310154542326927,4.908130645751953,0.07784779369831085,0.38923898339271545,0.38923901319503784,0.959814727306366,-0.018410740420222282,-0.26638272404670715,0.08635372668504715
-0.5385544300079346,-0.039523594081401825,4.929227352142334,0.06744866818189621,0.33724337816238403,0.33724334836006165,0.9535735845565796,-0.11276212334632874,0.27909204363822937,0.009472616948187351
-0.5386293530464172,-0.036099959164857864,4.949370861053467,0.0834946557879448,0.4174732267856598,0.4174732267856598,0.8677607178688049,-0.4597262144088745,-0.14628447592258453,0.11934831738471985
-0.5385828018188477,-0.03282197192311287,4.968708515167236,0.08438103646039963,0.42190518975257874,0.42190518975257874,0.9903554320335388,-0.01737874560058117,-0.048780184239149094,-0.12850916385650635
-0.5384495258331299,-0.02968093939125538,4.98738431930542,0.076112762093544,0.3805638253688812,0.3805638253688812,0.8916347026824951,-0.3716293275356293,0.22999635338783264,-0.11824093759059906
-0.5382643938064575,-0.026668190956115723,5.005544662475586,0.07609329372644424,0.3804664611816406,0.3804665207862854,0.9324910640716553,-0.15532927215099335,-0.3255710005760193,-0.018351279199123383
-0.5380622744560242,-0.02377503365278244,5.0233354568481445,0.073248490691185,0.3662424385547638,0.3662424683570862,0.9845607280731201,-0.020803218707442284,0.171655535697937,0.02723529003560543
-0.5378776788711548,-0.020992787554860115,5.040902137756348,0.07539646327495575,0.37698233127593994,0.37698230147361755,0.861915111541748,-0.4928888976573944,-0.02695331536233425,-0.1159152090549469
-0.5377455949783325,-0.01831277646124363,5.058391571044922,0.0813896581530571,0.4069482684135437,0.4069482684135437,0.9765117764472961,0.0693630576133728,-0.18379372358322144,0.08850673586130142
-0.5377007722854614,-0.01572631672024727,5.0759477615356445,0.08279182016849518,0.4139590859413147,0.4139590859413147,0.9484649896621704,-0.15738855302333832,0.2395664006471634,0.1350959986448288
-0.5377780795097351,-0.013224724680185318,5.0937180519104,0.07447168976068497,0.3723584711551666,0.3723584711551666,0.8690859079360962,-0.43990814685821533,-0.19229759275913239,0.11913102120161057
-0.5380121469497681,-0.010799321345984936,5.111847400665283,0.08230850845575333,0.41154250502586365,0.41154250502586365,0.9837855696678162,0.14883121848106384,-0.0830896720290184,0.05577953904867172
-0.5384379625320435,-0.008441423065960407,5.130481719970703,0.07939980924129486,0.3969990015029907,0.3969990015029907,0.9100136756896973,-0.3149750232696533,0.21188923716545105,0.16663964092731476
-0.539090096950531,-0.006142348051071167,5.149767875671387,0.08635775744915009,0.4317888021469116,0.431788831949234,0.9315228462219238,-0.18753394484519958,-0.2886963188648224,0.11726314574480057
-0.5400034785270691,-0.0038934152107685804,5.169849395751953,0.06874112784862518,0.3437056541442871,0.3437056541442871,0.9538034200668335,0.010270816273987293,0.1130605936050415,0.27815622091293335
-0.5412128567695618,-0.0016859433380886912,5.190874099731445,0.0659019872546196,0.3295099139213562,0.3295099139213562,0.8796655535697937,-0.4391568601131439,-0.0604122132062912,0.17227916419506073
-0.5427533984184265,0.00048392885946668684,5.21293830871582,0.07982621341943741,0.39913105964660645,0.39913105964660645,0.9303696155548096,0.08441590517759323,-0.1843569129705429,0.3054485321044922
-0.5446509718894958,0.0024687903933227062,5.234579086303711,0.07979567348957062,0.3989783823490143,0.3989783823490143,0.8355227708816528,-0.27299997210502625,0.2416875958442688,0.41104716062545776
-0.5468701124191284,0.0042113689705729485,5.255167007446289,0.07772402465343475,0.38862013816833496,0.38862013816833496,0.7593634724617004,-0.24656365811824799,-0.3074817359447479,0.5177146792411804
-0.5493611693382263,0.005732865072786808,5.274853706359863,0.08521099388599396,0.4260549545288086,0.4260549545288086,0.8623148202896118,0.05405860394239426,-0.01483733020722866,0.5032600164413452
-0.5520740747451782,0.007054475601762533,5.293790817260742,0.0829348936676979,0.41467443108558655,0.41467446088790894,0.7184860706329346,-0.38466349244117737,0.011626314371824265,0.5793760418891907
-0.5549589991569519,0.008197399787604809,5.31212854385376,0.07081138342618942,0.3540568947792053,0.35405686497688293,0.8292525410652161,-0.06890039891004562,-0.28553515672683716,0.4754604399204254
-0.5579660534858704,0.00918283686041832,5.330020427703857,0.07167806476354599,0.35839030146598816,0.35839030146598816,0.7890955209732056,-0.11248013377189636,0.08129909634590149,0.5983869433403015
-0.561045229434967,0.01003198605030775,5.347616672515869,0.06855446100234985,0.34277230501174927,0.34277230501174927,0.6452800035476685,-0.4172534644603729,-0.2912346124649048,0.5698207020759583
-0.5641468167304993,0.0107660461217165,5.3650689125061035,0.08524809777736664,0.4262405037879944,0.4262405335903168,0.7102477550506592,0.05077806115150452,-0.17993861436843872,0.6786690950393677
-0.5672208070755005,0.011406213976442814,5.382528781890869,0.08504698425531387,0.42523494362831116,0.42523491382598877,0.7799506187438965,-0.3022739291191101,0.14381083846092224,0.5287966728210449
-0.5702173709869385,0.011973690241575241,5.400147914886475,0.07224332541227341,0.36121663451194763,0.36121663451194763,0.6777021884918213,-0.16323935985565186,-0.42829301953315735,0.5750110745429993
-0.5730865597724915,0.012489673681557178,5.418076515197754,0.08074463903903961,0.4037231504917145,0.4037231504917145,0.6862493753433228,0.07269071042537689,0.0265151746571064,0.7232391238212585
-0.5757784843444824,0.012975362129509449,5.436468124389648,0.07454922050237656,0.3727460503578186,0.3727460503578186,0.7153964638710022,-0.30103743076324463,-0.06010853871703148,0.6276713609695435
-0.5782433152198792,0.01345195434987545,5.455472946166992,0.0684843361377716,0.34242168068885803,0.3424217104911804,0.8118362426757812,-0.018104126676917076,-0.2521812319755554,0.5263067483901978
-0.5804311037063599,0.013940650969743729,5.475243091583252,0.07070136070251465,0.35350680351257324,0.35350677371025085,0.7478622198104858,-0.10056306421756744,0.14353421330451965,0.6403023600578308
-0.5822919011116028,0.014462648890912533,5.49592924118042,0.08373167365789413,0.41865840554237366,0.4186583459377289,0.7492144107818604,-0.2572563886642456,-0.19457723200321198,0.5784778594970703
-0.5837759375572205,0.015039147809147835,5.517683029174805,0.06522819399833679,0.3261409401893616,0.3261409401893616,0.7981997132301331,0.15359878540039062,-0.14193931221961975,0.5649229288101196
-0.584841787815094,0.01563159190118313,5.539871692657471,0.08113062381744385,0.40565308928489685,0.40565311908721924,0.8036109209060669,-0.16656413674354553,0.09702654182910919,0.5630735158920288
-0.5855067372322083,0.016130896285176277,5.561024188995361,0.08198308944702148,0.40991541743278503,0.40991538763046265,0.8504711389541626,-0.2541158199310303,-0.26301833987236023,0.3780811131000519
-0.5858122110366821,0.01654157042503357,5.581238746643066,0.07982093840837479,0.3991047143936157,0.3991047143936157,0.9790598750114441,0.16235235333442688,-0.007604633923619986,0.1225787028670311
-0.585799515247345,0.016871772706508636,5.600660800933838,0.07730437815189362,0.3865218758583069,0.3865219056606293,0.8911767601966858,-0.22250919044017792,0.21015015244483948,-0.3348589539527893
-0.5855104327201843,0.01712966151535511,5.619439601898193,0.0790015459060669,0.3950077295303345,0.3950077295303345,0.7406613230705261,-0.1440710574388504,-0.24006851017475128,-0.6107630133628845
-0.5849865078926086,0.017323393374681473,5.637721538543701,0.07822735607624054,0.3911367952823639,0.3911367952823639,0.8367365598678589,0.14422689378261566,0.21206513047218323,-0.48383769392967224
-0.5842689275741577,0.017461130395531654,5.655652046203613,0.06399242579936981,0.31996211409568787,0.31996211409568787,0.6506173610687256,-0.3945235311985016,0.1840573251247406,-0.6222307682037354
-0.5833995342254639,0.01755102537572384,5.673379421234131,0.08151830732822418,0.40759146213531494,0.40759146213531494,0.7147768139839172,0.0374705009162426,-0.14561103284358978,-0.6829988956451416
-0.5824195742607117,0.017601240426301956,5.691050052642822,0.08165243268013,0.40826213359832764,0.40826213359832764,0.7436659932136536,0.014659600332379341,0.3806479275226593,-0.5494116544723511
-0.5813708305358887,0.017619935795664787,5.7088117599487305,0.071519635617733,0.3575981557369232,0.3575981557369232,0.62923663854599,-0.3125382363796234,-0.0015154476277530193,-0.7116029858589172
-0.5802946090698242,0.017615264281630516,5.726809978485107,0.07414033263921738,0.3707016110420227,0.3707016110420227,0.6417472958564758,0.22277677059173584,0.023714924231171608,-0.7334633469581604
-0.5792325139045715,0.017595386132597923,5.7451934814453125,0.07127205282449722,0.3563602566719055,0.3563602566719055,0.5698471665382385,-0.21053044497966766,0.22247400879859924,-0.7625329494476318
-0.5782260894775391,0.01756846159696579,5.764107704162598,0.07425861805677414,0.3712930679321289,0.3712930381298065,0.698581874370575,-0.04785166308283806,-0.19372208416461945,-0.6871429085731506
-0.5773168206214905,0.01754264533519745,5.783700942993164,0.07317178696393967,0.36585891246795654,0.36585891246795654,0.7032917141914368,0.054721638560295105,0.2680363655090332,-0.6561576128005981
-0.5765461921691895,0.01752609945833683,5.804118633270264,0.0641343966126442,0.3206719756126404,0.3206719756126404,0.58958500623703,-0.358013778924942,0.023671623319387436,-0.7236403226852417
-0.5759556889533997,0.017526980489492416,5.8255085945129395,0.08310700207948685,0.4155350625514984,0.415535032749176,0.7851002216339111,0.11423162370920181,-0.05203729495406151,-0.6065154075622559
-0.5755719542503357,0.017548678442835808,5.847824573516846,0.0663180872797966,0.3315904438495636,0.3315904140472412,0.6355838775634766,-0.14557994902133942,0.36256662011146545,-0.6658716797828674
-0.5752822756767273,0.017553390935063362,5.869424819946289,0.07735622674226761,0.38678115606307983,0.38678115606307983,0.7167044281959534,-0.19589278101921082,-0.11637192964553833,-0.6591042280197144
-0.5750497579574585,0.01753314957022667,5.890022277832031,0.08112559467554092,0.4056279957294464,0.40562793612480164,0.6699085235595703,0.15963314473628998,0.10631455481052399,-0.7172427177429199
-0.5748682022094727,0.017490360885858536,5.909764289855957,0.0665450394153595,0.3327251970767975,0.3327251672744751,0.4469749927520752,-0.2565872371196747,0.23791635036468506,-0.8232691287994385
-0.5747313499450684,0.017427435144782066,5.928797245025635,0.08267650753259659,0.41338250041007996,0.41338247060775757,0.5514848232269287,-0.03774220123887062,-0.09195148944854736,-0.8282420635223389
-0.5746330618858337,0.017346782609820366,5.94727087020874,0.07609891146421432,0.3804945647716522,0.3804945945739746,0.30365487933158875,0.1269671469926834,0.2602240741252899,-0.9077205061912537
-0.5745671987533569,0.01725081168115139,5.965331077575684,0.0749148577451706,0.3745742738246918,0.3745742738246918,0.12029246240854263,-0.29686054587364197,0.0860222578048706,-0.9434000849723816
-0.5745275616645813,0.017141932621598244,5.98312520980835,0.06376504898071289,0.31882521510124207,0.31882521510124207,0.04829268902540207,0.19113852083683014,-0.03631893917918205,-0.9797013998031616
-0.574508011341095,0.017022551968693733,6.000802516937256,0.07143410295248032,0.3571704924106598,0.3571704626083374,0.09470268338918686,-0.050564926117658615,0.3479160964488983,-0.9313586950302124
-0.5745022892951965,0.016895079985260963,6.0185089111328125,0.06411831080913544,0.320591539144516,0.32059141993522644,0.10804884880781174,-0.18583251535892487,-0.06216293200850487,-0.9746422171592712
-0.5745043754577637,0.01676192879676819,6.0363922119140625,0.0617000088095665,0.3085000813007355,0.3085000514984131,0.0892123430967331,-0.1860596239566803,-0.10139434039592743,0.9732123017311096
-0.574508011341095,0.016625503078103065,6.054600715637207,0.06871405243873596,0.3435702621936798,0.3435702323913574,0.016508661210536957,-0.24821682274341583,0.31584832072257996,-0.9156177043914795
-0.574506938457489,0.016488216817378998,6.073281288146973,0.07391194999217987,0.36955976486206055,0.36955976486206055,0.07182881981134415,-0.06352608650922775,0.1924491822719574,0.9766106605529785
-0.5744950771331787,0.016352476552128792,6.092581748962402,0.07738921046257019,0.38694605231285095,0.38694602251052856,0.03399777412414551,-0.06920745968818665,-0.32601436972618103,0.9422150254249573
-0.5744662880897522,0.016220692545175552,6.112649440765381,0.08085301518440247,0.40426504611968994,0.40426501631736755,0.14334845542907715,-0.264342337846756,-0.10644269734621048,-0.9477575421333313
-0.5744143724441528,0.016095271334052086,6.133632183074951,0.06260594725608826,0.3130297362804413,0.3130297064781189,0.2542496919631958,0.2293066680431366,0.10963882505893707,-0.9331424236297607
-0.5743330717086792,0.015978625044226646,6.15567684173584,0.07779985666275024,0.38899925351142883,0.3889992833137512,0.2902103066444397,-0.2581492066383362,0.23840799927711487,-0.8901115655899048
0.6259863376617432,1.1828358173370361,4.002856254577637,0.08250115811824799,0.4125058054924011,0.41250577569007874,0.9803610444068909,-0.07565166056156158,-0.0057337041944265366,-0.18203358352184296
0.6308284401893616,1.1929914951324463,4.024421691894531,0.08917485922574997,0.44587430357933044,0.44587430357933044,0.8493266701698303,-0.40621331334114075,0.2970556318759918,-0.15935151278972626
0.6355917453765869,1.2030452489852905,4.04564905166626,0.08781908452510834,0.4390954375267029,0.4390954375267029,0.8932509422302246,-0.42528262734413147,-0.1251937448978424,-0.07459235191345215
0.6403204202651978,1.2130546569824219,4.066728591918945,0.08849167823791504,0.4424583613872528,0.4424583315849304,0.9638611078262329,-0.021506670862436295,0.14724183082580566,-0.2209729254245758
0.6450589299201965,1.2230764627456665,4.087850093841553,0.08390092104673386,0.4195046126842499,0.4195045828819275,0.7768716812133789,-0.5580408573150635,0.20724385976791382,-0.20520925521850586
0.6498515605926514,1.233168125152588,4.109202861785889,0.081247478723526,0.40623739361763,0.40623739361763,0.940575122833252,-0.24130894243717194,-0.23194600641727448,-0.05735388770699501
0.6547425985336304,1.2433867454528809,4.130978584289551,0.07515875995159149,0.37579378485679626,0.37579381465911865,0.9383103251457214,-0.13608787953853607,0.2835656404495239,-0.14368149638175964
0.6597764492034912,1.2537895441055298,4.1533660888671875,0.08315441012382507,0.41577205061912537,0.41577205061912537,0.7964617609977722,-0.5818131566047668,0.0929783433675766,-0.1360040307044983
0.6649974584579468,1.2644333839416504,4.17655611038208,0.07484985142946243,0.37424924969673157,0.37424924969673157,0.9545625448226929,-0.1799340397119522,-0.08774755895137787,-0.22075873613357544
0.6704497933387756,1.2753757238388062,4.200737953186035,0.08770603686571121,0.4385301470756531,0.43853017687797546,0.8468048572540283,-0.28618115186691284,0.40160277485847473,-0.19934163987636566
0.676177978515625,1.2866735458374023,4.226102352142334,0.07413286715745926,0.3706643283367157,0.3706643581390381,0.8361811637878418,-0.45676398277282715,-0.10824840515851974,-0.28363707661628723
0.6820613145828247,1.2980104684829712,4.252120018005371,0.06900904327630997,0.34504520893096924,0.34504520893096924,0.9739581942558289,-0.12512193620204926,0.11030131578445435,-0.15356948971748352
0.6876140236854553,1.308296799659729,4.276665210723877,0.08430245518684387,0.4215121865272522,0.421512246131897,0.8041444420814514,-0.4891214370727539,0.26280176639556885,-0.2122431993484497
0.692866861820221,1.31767737865448,4.299872875213623,0.07827254384756088,0.3913627564907074,0.391362726688385,0.8984065651893616,-0.2588602304458618,-0.18037250638008118,-0.30548784136772156
0.6978945732116699,1.326398253440857,4.322068214416504,0.08907321095466614,0.4453660249710083,0.4453659951686859,0.8722050189971924,-0.17565728724002838,0.3227945566177368,-0.32281047105789185
0.7027716636657715,1.3347052335739136,4.343575954437256,0.08439923077821732,0.421996146440506,0.421996146440506,0.8090850710868835,-0.5292312502861023,-0.06607511639595032,-0.2468394935131073
0.7075726389884949,1.3428444862365723,4.364719867706299,0.07948800921440125,0.3974400460720062,0.39744001626968384,0.9441342949867249,-0.05475350096821785,0.04277331754565239,-0.3221535384654999
0.7123721241950989,1.3510615825653076,4.385825157165527,0.08745225518941879,0.43726128339767456,0.43726128339767456,0.8131221532821655,-0.460436075925827,0.3297222852706909,-0.13458912074565887
0.7172447443008423,1.359602689743042,4.407217025756836,0.07132890820503235,0.35664451122283936,0.35664451122283936,0.8673117756843567,-0.3191646933555603,-0.23697631061077118,-0.29957714676856995
0.7222648859024048,1.368713617324829,4.429218769073486,0.07894185930490494,0.3947092592716217,0.3947092592716217,0.945353627204895,-0.14792899787425995,0.24232499301433563,-0.16031865775585175
0.7275072932243347,1.3786401748657227,4.4521565437316895,0.07645740360021591,0.38228702545166016,0.38228702545166016,0.8445653319358826,-0.5117012858390808,0.12247663736343384,-0.09935171157121658
0.7330464720726013,1.389628529548645,4.476353645324707,0.06873179227113724,0.3436589539051056,0.3436589539051056,0.963467001914978,-0.24580438435077667,-0.07127748429775238,-0.07893692702054977
0.7389259934425354,1.4017677307128906,4.501955032348633,0.07680889219045639,0.38404446840286255,0.38404446840286255,0.8679109811782837,-0.2605925500392914,0.25617530941963196,-0.3364464044570923
0.7447752952575684,1.413196325302124,4.526787757873535,0.07752880454063416,0.3876440227031708,0.3876440227031708,0.8324856758117676,-0.5027567148208618,-0.07204175740480423,-0.22138941287994385
0.7504621744155884,1.4235976934432983,4.550295352935791,0.06642721593379974,0.3321360647678375,0.3321360647678375,0.977812647819519,-0.017886009067296982,0.048490915447473526,-0.20300540328025818
0.7559830546379089,1.4333462715148926,4.572700500488281,0.06646021455526352,0.3323010504245758,0.3323010504245758,0.787885844707489,-0.4537501037120819,0.22097744047641754,-0.35286784172058105
0.7613345980644226,1.4428162574768066,4.5942254066467285,0.07930878549814224,0.396543949842453,0.396543949842453,0.8991957306861877,-0.24146704375743866,-0.23326021432876587,-0.28058934211730957
0.7665128707885742,1.4523824453353882,4.615091323852539,0.08478927612304688,0.4239463806152344,0.4239463806152344,0.916043221950531,-0.20606985688209534,0.3036673665046692,-0.1618214100599289
0.7715144157409668,1.4624189138412476,4.635519981384277,0.07108292728662491,0.35541465878486633,0.35541465878486633,0.8274744749069214,-0.5560874342918396,0.05910013988614082,-0.05059590935707092
0.7763353586196899,1.4733002185821533,4.655733585357666,0.07842385768890381,0.39211925864219666,0.39211928844451904,0.9644346833229065,-0.1282055377960205,-0.12348246574401855,-0.19539999961853027
0.780972421169281,1.485400676727295,4.675953388214111,0.0665125772356987,0.3325628936290741,0.3325628936290741,0.7965142130851746,-0.4292629361152649,0.362621009349823,-0.22316911816596985
0.7854217290878296,1.4990947246551514,4.6964006423950195,0.07361071556806564,0.36805352568626404,0.3680535554885864,0.8639951348304749,-0.47460633516311646,-0.12370861321687698,-0.11383071541786194
0.789679765701294,1.5147567987442017,4.71729850769043,0.06793418526649475,0.33967098593711853,0.33967098593711853,0.9596338868141174,-0.23232993483543396,0.14830994606018066,-0.055944181978702545
0.7937427759170532,1.5327610969543457,4.738867282867432,0.06573698669672012,0.32868492603302,0.32868492603302,0.79073166847229,-0.5907918810844421,0.10874124616384506,-0.11782907694578171
0.7970545887947083,1.5518666505813599,4.759721279144287,0.08203580975532532,0.410179078578949,0.4101790487766266,0.9107148051261902,-0.3374198079109192,-0.2266627699136734,0.07328242063522339
0.7992052435874939,1.5706183910369873,4.778447151184082,0.06832863390445709,0.34164318442344666,0.34164318442344666,0.887409508228302,-0.38604557514190674,0.24216358363628387,-0.06949815899133682
0.8004601001739502,1.5892008543014526,4.7953619956970215,0.07976888120174408,0.39884448051452637,0.398844450712204,0.6561061143875122,-0.7304947972297668,-0.1780121922492981,-0.06491349637508392
0.8010852336883545,1.6077996492385864,4.810783386230469,0.07475998997688293,0.37379997968673706,0.37379997968673706,0.9668338298797607,-0.2537998855113983,-0.023672765120863914,0.016051335260272026
0.8013460040092468,1.6266001462936401,4.825027942657471,0.06664033979177475,0.33320170640945435,0.33320170640945435,0.6767129898071289,-0.6887214183807373,0.24627655744552612,-0.08408449590206146
0.8015083074569702,1.6457875967025757,4.838412761688232,0.06460592150688171,0.32302963733673096,0.32302963733673096,0.7830401659011841,-0.5290278196334839,-0.32273656129837036,0.05309261009097099
0.8018379211425781,1.6655476093292236,4.851255416870117,0.06530295312404633,0.3265147805213928,0.3265147805213928,0.8658819198608398,-0.4676760733127594,0.13173778355121613,-0.11904918402433395
0.8026005029678345,1.6860651969909668,4.863873481750488,0.07378695160150528,0.3689347803592682,0.3689348101615906,0.6879739165306091,-0.7249781489372253,-0.009542270563542843,0.03174198418855667
0.8040616512298584,1.707525610923767,4.876584053039551,0.0676807165145874,0.338403582572937,0.338403582572937,0.9137016534805298,-0.39071333408355713,-0.10198415070772171,0.04573460668325424
0.8064873218536377,1.7301146984100342,4.889704704284668,0.07914640754461288,0.395732045173645,0.395732045173645,0.7051501274108887,-0.596951425075531,0.33431562781333923,-0.18613260984420776
0.8101430535316467,1.7540173530578613,4.9035515785217285,0.06951726973056793,0.34758639335632324,0.34758642315864563,0.7358205914497375,-0.6702582836151123,-0.0909612849354744,0.03237093612551689
0.8150375485420227,1.7787379026412964,4.917778968811035,0.07085108757019043,0.35425543785095215,0.35425540804862976,0.9088171124458313,-0.37116795778274536,0.09586387127637863,-0.1646084487438202
0.8204118609428406,1.8021597862243652,4.9303998947143555,0.08016010373830795,0.40080055594444275,0.40080055594444275,0.5759488344192505,-0.7814760208129883,0.2187960296869278,-0.0985216572880745
0.8261663317680359,1.8243939876556396,4.941522121429443,0.07081767171621323,0.35408836603164673,0.35408833622932434,0.8276615142822266,-0.5182194709777832,-0.2127256542444229,-0.034244902431964874
0.8322708010673523,1.8457555770874023,4.951451301574707,0.06466483324766159,0.32332417368888855,0.32332417368888855,0.7670409083366394,-0.4987211227416992,0.34411895275115967,-0.2109684944152832
0.8386952877044678,1.86655855178833,4.960488796234131,0.08176115155220032,0.4088056981563568,0.4088056981563568,0.5861831903457642,-0.8087776303291321,0.04483513906598091,0.01605639047920704
0.8454095721244812,1.8871181011199951,4.9689412117004395,0.07306911051273346,0.3653455674648285,0.3653455674648285,0.8809639811515808,-0.44236353039741516,-0.024082617834210396,-0.166243776679039
0.8523834943771362,1.9077479839324951,4.97711181640625,0.06923533231019974,0.3461766541004181,0.3461766541004181,0.565657913684845,-0.707331657409668,0.36796462535858154,-0.21051152050495148
0.8595870733261108,1.9287632703781128,4.9853034019470215,0.06432335078716278,0.3216167688369751,0.3216167688369751,0.7139983177185059,-0.6768553256988525,-0.15883423388004303,-0.0827341228723526
0.8669902086257935,1.9504780769348145,4.993821144104004,0.07894571125507355,0.39472857117652893,0.39472857117652893,0.7794365882873535,-0.5181986689567566,0.1960774064064026,-0.29240790009498596
0.8745625019073486,1.9732069969177246,5.002968788146973,0.08184265345335007,0.40921327471733093,0.40921324491500854,0.5436243414878845,-0.8314139246940613,0.11322692781686783,0.02007858268916607
0.8822741508483887,1.9972648620605469,5.013050556182861,0.06793923676013947,0.33969616889953613,0.33969616889953613,0.8879948854446411,-0.43324291706085205,-0.10076592117547989,-0.11667018383741379
0.8876568078994751,2.0147910118103027,5.02070426940918,0.06183841824531555,0.30919212102890015,0.30919215083122253,0.6999551653862,-0.6087079048156738,0.3579138517379761,-0.10693536698818207
0.8027951121330261,1.5307258367538452,4.762019634246826,0.07829022407531738,0.3914511501789093,0.3914511203765869,0.4839239716529846,-0.45412808656692505,0.20420831441879272,-0.7196417450904846
0.8119613528251648,1.527448058128357,4.784689426422119,0.06550788879394531,0.3275394141674042,0.3275394141674042,0.4548419117927551,0.1067090854048729,0.06992476433515549,-0.8813866972923279
0.8211575746536255,1.5235167741775513,4.807016372680664,0.08210145682096481,0.4105072617530823,0.4105072319507599,0.39522239565849304,-0.2785018980503082,0.49562597274780273,-0.7215198278427124
0.8303699493408203,1.5192320346832275,4.829156875610352,0.07557412981987,0.37787064909935,0.37787070870399475,0.4933154582977295,-0.21433694660663605,0.07444525510072708,-0.8397365212440491
0.8395847678184509,1.5148937702178955,4.851269721984863,0.07917418330907822,0.3958708941936493,0.39587080478668213,0.4037388265132904,0.048962611705064774,0.4399772882461548,-0.8006357550621033
0.8487882018089294,1.510802149772644,4.873511791229248,0.07493014633655548,0.3746507465839386,0.3746507465839386,0.41423332691192627,-0.47702232003211975,0.17656703293323517,-0.7547745108604431
0.8579667806625366,1.5072572231292725,4.896041393280029,0.07935108989477158,0.3967554569244385,0.3967554569244385,0.5011237263679504,0.025568246841430664,0.1667540818452835,-0.8487722277641296
0.867106556892395,1.504558801651001,4.9190168380737305,0.07875142246484756,0.39375707507133484,0.39375701546669006,0.47135692834854126,-0.3123631179332733,0.3744070529937744,-0.7348954677581787
0.8761938214302063,1.5030072927474976,4.942595958709717,0.06462322175502777,0.32311609387397766,0.3231160640716553,0.7460483908653259,-0.18132266402244568,-0.05619488283991814,-0.6382600665092468
0.8852149844169617,1.5029025077819824,4.9669365882873535,0.0704934298992157,0.3524670898914337,0.3524671196937561,0.6668938398361206,-0.06954056769609451,0.3232997953891754,-0.6677529215812683
0.894156277179718,1.5045444965362549,4.992196559906006,0.08032989501953125,0.40164944529533386,0.4016494154930115,0.7705048322677612,-0.39303621649742126,0.13440172374248505,-0.48350903391838074
0.9030038714408875,1.5082333087921143,5.018533706665039,0.06992039084434509,0.3496019244194031,0.3496019244194031,0.8089444637298584,0.04724051058292389,-0.007870884612202644,-0.5859310626983643
0.9116077423095703,1.5141366720199585,5.045650482177734,0.0765426903963089,0.3827134668827057,0.3827134668827057,0.7892983555793762,-0.3626795709133148,0.2828480005264282,-0.40677839517593384
0.9191810488700867,1.5215743780136108,5.070976734161377,0.0824296697974205,0.4121483564376831,0.4121483564376831,0.8903989791870117,-0.2918780744075775,-0.1292286366224289,-0.32449471950531006
0.9257410764694214,1.5302860736846924,5.094389915466309,0.07032511383295059,0.35162559151649475,0.35162556171417236,0.928737998008728,-0.08359760046005249,0.3073178827762604,-0.1897706240415573
0.9314571022987366,1.5401322841644287,5.116257190704346,0.06812305003404617,0.34061533212661743,0.3406153619289398,0.8044458627700806,-0.5682624578475952,0.11692043393850327,-0.12757053971290588
0.9364982843399048,1.5509732961654663,5.13694429397583,0.06907958537340164,0.3453978896141052,0.3453979194164276,0.9653325080871582,-0.1768517941236496,-0.16964776813983917,-0.08986812084913254
0.9410339593887329,1.562669277191162,5.156819820404053,0.06884823739528656,0.3442411720752716,0.3442411720752716,0.8496535420417786,-0.3598078787326813,0.2366477996110916,-0.3043435215950012
0.9452331066131592,1.5750812292099,5.176250457763672,0.07761930674314499,0.38809657096862793,0.38809654116630554,0.8348958492279053,-0.5402485132217407,-0.10333891212940216,0.020038122311234474
0.9492653012275696,1.5880690813064575,5.195603370666504,0.06771490722894669,0.33857452869415283,0.33857452869415283,0.9883084893226624,-0.06925986707210541,0.0393439456820488,-0.13000552356243134
0.9532995223999023,1.6014935970306396,5.215246200561523,0.06180571764707565,0.30902859568595886,0.30902862548828125,0.7929461598396301,-0.540045976638794,0.22982560098171234,-0.16360615193843842
0.9575051069259644,1.6152149438858032,5.2355451583862305,0.07719989120960236,0.3859994411468506,0.3859994411468506,0.8907425999641418,-0.38367292284965515,-0.24227817356586456,-0.02596116065979004
0.9620510935783386,1.6290935277938843,5.256867408752441,0.06473845988512039,0.32369232177734375,0.32369229197502136,0.918887734413147,-0.2502526044845581,0.1889244019985199,-0.2394295483827591
0.9671068787574768,1.6429901123046875,5.279581069946289,0.08247188478708267,0.41235944628715515,0.41235944628715515,0.7750070691108704,-0.6177236437797546,0.0414348803460598,-0.12674668431282043
0.9728416204452515,1.6567648649215698,5.304052352905273,0.07918818295001984,0.3959409296512604,0.3959409296512604,0.9689105153083801,-0.10686798393726349,-0.1260877549648285,-0.1841021031141281
0.7037599682807922,0.33250710368156433,4.55902624130249,0.08684661984443665,0.4342331290245056,0.43423306941986084,0.828328549861908,-0.4190632104873657,0.11704827845096588,0.35292714834213257
0.7012101411819458,0.3339921236038208,4.583277702331543,0.0818069577217102,0.4090348184108734,0.409034788608551,0.8807867169380188,-0.03583064675331116,-0.2752736806869507,0.383608341217041
0.698562741279602,0.3354877233505249,4.6071600914001465,0.08097274601459503,0.40486371517181396,0.40486371517181396,0.8588418960571289,-0.11552254110574722,0.18724657595157623,0.46258386969566345
0.6958729028701782,0.3369879424571991,4.630882263183594,0.07507749646902084,0.37538743019104004,0.3753874599933624,0.755729079246521,-0.341613233089447,-0.2667682468891144,0.4909263551235199
0.693195104598999,0.3384868800640106,4.65464973449707,0.08808320015668869,0.44041597843170166,0.44041597843170166,0.8054566383361816,0.10389605909585953,-0.12359510362148285,0.570236325263977
0.6905843615531921,0.33997851610183716,4.678670406341553,0.08818864822387695,0.44094327092170715,0.44094324111938477,0.8039506077766418,-0.27801454067230225,0.1507434993982315,0.5036344528198242
0.688095211982727,0.34145689010620117,4.703151226043701,0.08568353205919266,0.4284175932407379,0.4284175932407379,0.830984890460968,-0.17907316982746124,-0.2636354863643646,0.45595312118530273
0.6857827305793762,0.3429161310195923,4.728299140930176,0.07779018580913544,0.388950914144516,0.388950914144516,0.8120786547660828,0.09398061037063599,0.03478875756263733,0.5748788118362427
0.6837015151977539,0.3443502187728882,4.754321098327637,0.08689448237419128,0.4344724714756012,0.4344724416732788,0.8547058701515198,-0.41013091802597046,0.03139801695942879,0.3166775107383728
0.6819063425064087,0.34575319290161133,4.781424522399902,0.07915982604026794,0.3957991600036621,0.3957991302013397,0.8940022587776184,0.046647895127534866,-0.2788090407848358,0.34763407707214355
0.6804521083831787,0.34711912274360657,4.809815883636475,0.07847081869840622,0.3923541009426117,0.3923540711402893,0.8986278772354126,-0.10072042793035507,0.2388586401939392,0.3539349436759949
0.6794446706771851,0.348385751247406,4.838860511779785,0.08433129638433456,0.42165645956993103,0.4216564893722534,0.8289794921875,-0.3931899070739746,-0.21988768875598907,0.33142733573913574
0.6790294647216797,0.34939339756965637,4.866109371185303,0.07980934530496597,0.3990466892719269,0.3990466892719269,0.9868952035903931,0.11732285469770432,-0.10964923352003098,0.015820251777768135
0.679112434387207,0.35018545389175415,4.891750812530518,0.06943531334400177,0.34717652201652527,0.34717652201652527,0.9375585317611694,-0.15694035589694977,0.2678254246711731,-0.15691807866096497
0.6795835494995117,0.3508204519748688,4.916184902191162,0.08762355148792267,0.43811771273612976,0.43811774253845215,0.8732515573501587,-0.24835370481014252,-0.09019610285758972,-0.40941038727760315
0.6803327202796936,0.3513571619987488,4.939815998077393,0.07664664089679718,0.3832332491874695,0.3832332193851471,0.8903704881668091,0.21140694618225098,0.009596743620932102,-0.4030574858188629
0.6812500953674316,0.35185420513153076,4.963044166564941,0.069209985435009,0.3460499346256256,0.3460499346256256,0.8292309045791626,-0.24961574375629425,0.34115198254585266,-0.36562731862068176
0.6822256445884705,0.3523702025413513,4.986272811889648,0.08021751046180725,0.40108752250671387,0.40108752250671387,0.8738670349121094,-0.22108489274978638,-0.1532612144947052,-0.4049553871154785
0.6831492781639099,0.3529638648033142,5.009903907775879,0.08248025178909302,0.4124011993408203,0.4124011993408203,0.8197717070579529,0.20285500586032867,0.19300147891044617,-0.4995744824409485
0.6839109659194946,0.3536938428878784,5.03433895111084,0.08218689262866974,0.4109344482421875,0.4109344482421875,0.8973259329795837,-0.3760839104652405,0.08271662890911102,-0.21569690108299255
0.6844009160995483,0.35461878776550293,5.059981346130371,0.06723332405090332,0.3361665904521942,0.3361665904521942,0.9709198474884033,0.03236247971653938,-0.1403816193342209,-0.1912076473236084
0.6845089197158813,0.35579732060432434,5.0872321128845215,0.08351736515760422,0.4175868332386017,0.4175868332386017,0.9601012468338013,-0.1794307380914688,0.20744355022907257,0.05456553399562836
0.6840599775314331,0.357260525226593,5.116252422332764,0.087855763733387,0.43927884101867676,0.43927884101867676,0.839252233505249,-0.2212628275156021,-0.325126588344574,0.37548792362213135
0.6822561025619507,0.35870271921157837,5.144248962402344,0.07219921797513962,0.3609960377216339,0.3609960675239563,0.8866210579872131,0.016063963994383812,0.03266768157482147,0.4610617458820343
0.6792376041412354,0.36006516218185425,5.170600414276123,0.07380851358175278,0.3690425753593445,0.3690425455570221,0.8235427141189575,-0.3296162188053131,-0.11350885033607483,0.4474888741970062
0.6754496693611145,0.3614007532596588,5.1956610679626465,0.08194581419229507,0.4097290635108948,0.4097290635108948,0.7847238183021545,0.046411193907260895,-0.22230513393878937,0.5767451524734497
0.6713377833366394,0.3627625107765198,5.219789028167725,0.08156414330005646,0.4078207314014435,0.4078207314014435,0.7514176368713379,-0.2049877643585205,0.10696744173765182,0.6179882884025574
0.6673471927642822,0.3642033338546753,5.243340015411377,0.0702681615948677,0.35134074091911316,0.35134074091911316,0.6907087564468384,-0.2766916751861572,-0.24698574841022491,0.6207746267318726
0.6639232635498047,0.3657761216163635,5.266671180725098,0.07973615825176239,0.39868077635765076,0.39868077635765076,0.8748936057090759,0.11600352078676224,-0.0998547375202179,0.459492564201355
0.661511242389679,0.3675338625907898,5.290138244628906,0.08663109689950943,0.43315547704696655,0.43315544724464417,0.8404070734977722,-0.2978340685367584,0.17256437242031097,0.4186076819896698
0.660556435585022,0.36952948570251465,5.314098834991455,0.07817909866571426,0.3908954858779907,0.3908955156803131,0.9175601005554199,-0.27459070086479187,-0.2694741487503052,-0.1003347858786583
0.6615042686462402,0.371815949678421,5.3389081954956055,0.06548371911048889,0.3274185359477997,0.3274185359477997,0.9635612368583679,0.1314830183982849,0.048689644783735275,-0.22779664397239685
0.6647999882698059,0.37444615364074707,5.364923477172852,0.06601999700069427,0.33010002970695496,0.33009999990463257,0.750423014163971,-0.31457218527793884,0.30656328797340393,-0.49389132857322693
0.6708889007568359,0.3774730861186981,5.392500877380371,0.07232172042131424,0.3616085946559906,0.3616085946559906,0.8533167839050293,-0.27524513006210327,-0.17486532032489777,-0.40683260560035706
0.6792595982551575,0.38050517439842224,5.419553756713867,0.0818183645606041,0.40909188985824585,0.4090918302536011,0.7398039698600769,-0.007189530413597822,0.2597219944000244,-0.6206310391426086
0.6890159845352173,0.3832007348537445,5.4440388679504395,0.07849986851215363,0.3924993574619293,0.39249932765960693,0.6943639516830444,-0.5116667151451111,0.3080541491508484,-0.401445597410202
0.7000385522842407,0.38569366931915283,5.4664082527160645,0.08011893182992935,0.40059465169906616,0.4005946218967438,0.759300947189331,-0.20193050801753998,0.0031976571772247553,-0.6186080574989319
0.7122076749801636,0.3881179392337799,5.487118721008301,0.06833712011575699,0.3416856527328491,0.34168562293052673,0.7294743061065674,-0.17521628737449646,0.4207102954387665,-0.5100679993629456
0.7254036068916321,0.39060741662979126,5.506622314453125,0.06671721488237381,0.33358603715896606,0.33358603715896606,0.6125014424324036,-0.5089631676673889,0.1739971935749054,-0.5792438983917236
0.7395068407058716,0.39329609274864197,5.5253753662109375,0.07328799366950989,0.36643990874290466,0.36643990874290466,0.7714366316795349,-0.15082408487796783,0.20936870574951172,-0.5816376805305481
0.7543978095054626,0.39631780982017517,5.543830394744873,0.0762927457690239,0.3814637362957001,0.3814637362957001,0.5322953462600708,-0.4306558072566986,0.3995870053768158,-0.609530508518219
0.7699567079544067,0.3998066186904907,5.562443256378174,0.08387761563062668,0.419388085603714,0.419388085603714,0.8117864727973938,-0.36465418338775635,0.12952692806720734,-0.4373246729373932
0.7860640287399292,0.40389639139175415,5.581666946411133,0.07031145691871643,0.35155725479125977,0.35155725479125977,0.6539835333824158,-0.09325264394283295,0.40372738242149353,-0.6329405307769775
0.8026001453399658,0.40872102975845337,5.601956844329834,0.0676758736371994,0.3383793830871582,0.3383793830871582,0.6551347374916077,-0.5633636116981506,0.29275405406951904,-0.4095301926136017
0.8194454312324524,0.41441449522972107,5.623766899108887,0.06604400277137756,0.3302200138568878,0.3302200138568878,0.7969523072242737,-0.2507447302341461,0.10728798061609268,-0.538965106010437
0.8362278938293457,0.4209093451499939,5.64658784866333,0.07381535321474075,0.36907678842544556,0.36907678842544556,0.6856472492218018,-0.29431599378585815,0.47668659687042236,-0.46479666233062744
0.8521475195884705,0.4276203215122223,5.667669296264648,0.0707688108086586,0.35384401679039,0.3538439869880676,0.7158100605010986,-0.5069378018379211,0.10473567247390747,-0.4686795473098755
0.8673362135887146,0.43450742959976196,5.687136173248291,0.08305663615465164,0.41528311371803284,0.41528308391571045,0.7570364475250244,-0.14400039613246918,0.24324655532836914,-0.5890592932701111
0.881996214389801,0.4415796995162964,5.705356597900391,0.07789365202188492,0.3894682824611664,0.3894682228565216,0.6331676244735718,-0.5452352166175842,0.32980430126190186,-0.4393705427646637
0.8963301777839661,0.4488464891910553,5.7227020263671875,0.08135312795639038,0.4067656695842743,0.4067656397819519,0.8489539623260498,-0.3208775818347931,0.0009742798865772784,-0.4198974072933197
0.9105406999588013,0.4563170373439789,5.739542484283447,0.062458671629428864,0.3122933506965637,0.3122933804988861,0.7149797677993774,-0.2846006453037262,0.4226681590080261,-0.4787045419216156
0.9248302578926086,0.46400052309036255,5.756247520446777,0.07398192584514618,0.3699095845222473,0.3699095845222473,0.6678723692893982,-0.6260858178138733,0.13057391345500946,-0.38067498803138733
0.939401388168335,0.4719061851501465,5.773187160491943,0.06582178920507431,0.32910892367362976,0.32910892367362976,0.7930452823638916,-0.23424690961837769,0.17494681477546692,-0.534416675567627
0.9544565677642822,0.4800432324409485,5.790731430053711,0.07847914099693298,0.3923957049846649,0.3923957049846649,0.6349865198135376,-0.49905964732170105,0.40246737003326416,-0.43098923563957214
0.970198392868042,0.48842093348503113,5.8092498779296875,0.06315755844116211,0.3157878518104553,0.31578779220581055,0.7513571381568909,-0.4143275022506714,-0.062038861215114594,-0.5098493099212646
0.986829400062561,0.4970484972000122,5.829112529754639,0.06560347974300385,0.32801738381385803,0.32801735401153564,0.7509570121765137,-0.20555953681468964,0.4362631142139435,-0.45109134912490845
0.9985790252685547,0.5029776096343994,5.843368053436279,0.0795731171965599,0.39786556363105774,0.3978655934333801,0.6664206385612488,-0.5750799179077148,0.20669806003570557,-0.42713284492492676
0.6585606932640076,0.36876773834228516,5.413156986236572,0.08340038359165192,0.4170019030570984,0.4170019030570984,0.4045635759830475,-0.07366713881492615,-0.18639053404331207,0.8922780156135559
0.6444254517555237,0.358703076839447,5.432809829711914,0.06724357604980469,0.33621788024902344,0.33621785044670105,0.426778107881546,-0.41917887330055237,-0.4407747983932495,0.669228732585907
0.6290830969810486,0.34772545099258423,5.451786994934082,0.07394761592149734,0.36973807215690613,0.36973807215690613,0.32779067754745483,-0.051244840025901794,-0.5163596272468567,0.7894934415817261
0.6130903363227844,0.33625590801239014,5.470400810241699,0.0730254277586937,0.3651271462440491,0.3651271462440491,0.561272382736206,-0.2778600752353668,-0.25574228167533875,0.7364529967308044
0.5970037579536438,0.32471537590026855,5.4889631271362305,0.07238642126321793,0.36193206906318665,0.36193206906318665,0.40884625911712646,-0.20218981802463531,-0.626675546169281,0.631855845451355
0.5813799500465393,0.31352490186691284,5.507782936096191,0.07537978887557983,0.3768989145755768,0.376898854970932,0.35679197311401367,-0.005145770963281393,-0.19301067292690277,0.9140130877494812
0.5667755603790283,0.30310535430908203,5.527173042297363,0.07199111580848694,0.3599555790424347,0.3599555790424347,0.3603624105453491,-0.4312175214290619,-0.33679530024528503,0.7554861307144165
0.5537471771240234,0.2938777804374695,5.547444820404053,0.08320051431655884,0.4160025119781494,0.4160025119781494,0.31273937225341797,-0.09889516979455948,-0.4932835102081299,0.8056582808494568
0.5428515076637268,0.286263108253479,5.568909645080566,0.07022644579410553,0.35113221406936646,0.35113221406936646,0.4649936854839325,-0.0700264647603035,-0.0015266864793375134,0.8825388550758362
0.5346450805664062,0.2806823253631592,5.591878890991211,0.08510967344045639,0.42554834485054016,0.4255482852458954,0.3648698031902313,-0.316304475069046,-0.31285297870635986,0.8178902864456177
0.5296846032142639,0.2775563895702362,5.616663455963135,0.07537658512592316,0.3768828809261322,0.3768828809261322,0.49435359239578247,0.22861400246620178,-0.26977023482322693,0.7940869927406311
0.5285266637802124,0.27730628848075867,5.643575191497803,0.06736540049314499,0.33682698011398315,0.33682698011398315,0.904272198677063,0.020122606307268143,0.18880431354045868,-0.3824131190776825
0.5315649509429932,0.2802116274833679,5.672033309936523,0.07091796398162842,0.3545898199081421,0.3545898199081421,0.7900808453559875,-0.44169411063194275,0.06251627206802368,-0.420440673828125
0.5380280017852783,0.28558626770973206,5.697085380554199,0.08303201198577881,0.41516003012657166,0.41516000032424927,0.8696040511131287,-0.13009695708751678,0.0339321568608284,-0.47509175539016724
0.5474227666854858,0.2930566966533661,5.718430519104004,0.0828307569026947,0.41415372490882874,0.4141537547111511,0.6577796339988708,-0.4493256211280823,0.3707796335220337,-0.47744619846343994
0.5593820214271545,0.30236366391181946,5.736672878265381,0.0659312903881073,0.3296564221382141,0.3296564221382141,0.7940619587898254,-0.45046624541282654,-0.00958055816590786,-0.4079877734184265
0.5735381841659546,0.3132477402687073,5.752423286437988,0.07814615964889526,0.39073076844215393,0.39073073863983154,0.7411061525344849,-0.34013718366622925,0.3679946959018707,-0.4468201994895935
0.5895242094993591,0.32544952630996704,5.766289234161377,0.07639218866825104,0.38196098804473877,0.3819609582424164,0.6210566759109497,-0.6842749118804932,0.1926928013563156,-0.3300393521785736
0.6069726347923279,0.33870983123779297,5.778878211975098,0.06790975481271744,0.339548796415329,0.339548796415329,0.8171249032020569,-0.3240952491760254,0.12841348350048065,-0.4591069519519806
0.6255159378051758,0.352769136428833,5.790798187255859,0.06712934374809265,0.33564671874046326,0.33564671874046326,0.5946409702301025,-0.5892947316169739,0.42237335443496704,-0.34746885299682617
0.6447870135307312,0.36736828088760376,5.8026580810546875,0.08158989995718002,0.4079495370388031,0.4079495072364807,0.7174741625785828,-0.6109704375267029,0.006456578616052866,-0.33452102541923523
0.6644184589385986,0.38224777579307556,5.815065383911133,0.08076387643814087,0.40381935238838196,0.40381932258605957,0.6698187589645386,-0.3518836498260498,0.4117136001586914,-0.5079494714736938
0.6840429902076721,0.39714837074279785,5.828629493713379,0.08053472638130188,0.4026736319065094,0.4026736319065094,0.5797106027603149,-0.752926230430603,0.28533393144607544,-0.12498906999826431
0.7032931447029114,0.41181057691574097,5.843955993652344,0.07282518595457077,0.3641259968280792,0.3641259968280792,0.8683053255081177,-0.3228941261768341,0.019728047773241997,-0.37602654099464417
0.7218016982078552,0.4259752333164215,5.861655235290527,0.07613767683506012,0.3806883692741394,0.3806883692741394,0.7380269169807434,-0.39808037877082825,0.4335407018661499,-0.329986035823822
-0.5810385346412659,-0.993435800075531,4.276434421539307,0.08383151143789291,0.41915756464004517,0.41915756464004517,0.44847962260246277,-0.045579005032777786,-0.49383386969566345,0.7435836791992188
-0.5878351926803589,-0.9953877329826355,4.3008952140808105,0.08761299401521683,0.43806496262550354,0.43806493282318115,0.6903384923934937,-0.018880071118474007,0.07267197966575623,0.719579815864563
-0.5945870280265808,-0.9973307251930237,4.324978351593018,0.0775100439786911,0.3875502347946167,0.3875502049922943,0.4561130106449127,-0.4260125458240509,-0.315188467502594,0.7149338722229004
-0.6013171672821045,-0.9992696642875671,4.348879337310791,0.08426863700151443,0.4213431775569916,0.4213431477546692,0.6392698884010315,0.07659196853637695,-0.25670745968818665,0.7208113074302673
-0.6080489158630371,-1.001208782196045,4.372793197631836,0.0857994332909584,0.4289971590042114,0.42899712920188904,0.6747354865074158,-0.29254668951034546,-0.03189689293503761,0.6768538355827332
-0.6148053407669067,-1.0031527280807495,4.396915912628174,0.07516877353191376,0.3758438527584076,0.3758438527584076,0.4533497095108032,-0.11889436841011047,-0.4729629456996918,0.7460859417915344
-0.6216096878051758,-1.0051062107086182,4.421442031860352,0.0748293474316597,0.3741467297077179,0.3741467297077179,0.579041063785553,0.013298092409968376,-0.034303825348615646,0.8144678473472595
-0.6284852027893066,-1.0070735216140747,4.446566581726074,0.08361747860908508,0.4180874228477478,0.4180873930454254,0.5586990118026733,-0.41956382989883423,-0.19007985293865204,0.6897038221359253
-0.6354551315307617,-1.0090594291687012,4.472485542297363,0.08663342148065567,0.43316707015037537,0.433167040348053,0.6174537539482117,0.04213685914874077,-0.31305670738220215,0.7203963398933411
-0.6425424814224243,-1.01106858253479,4.499393463134766,0.08380001783370972,0.4190000891685486,0.4189999997615814,0.5859562754631042,-0.21779708564281464,0.10128039866685867,0.773926317691803
-0.6497705578804016,-1.0131051540374756,4.527486324310303,0.08673228323459625,0.43366140127182007,0.43366140127182007,0.603873610496521,-0.23174361884593964,-0.4557288885116577,0.6115085482597351
-0.6571463942527771,-1.015164852142334,4.556884765625,0.08516011387109756,0.4258005619049072,0.42580050230026245,0.6079548001289368,0.017472514882683754,-0.07664577662944794,0.7900702953338623
-0.6641747355461121,-1.0169692039489746,4.585381031036377,0.0785907655954361,0.3929537832736969,0.3929537832736969,0.4580603837966919,-0.43428322672843933,-0.07361718267202377,0.7721135020256042
-0.6706792116165161,-1.0184495449066162,4.612142086029053,0.07536590099334717,0.37682947516441345,0.3768293857574463,0.47695955634117126,-0.0644664317369461,-0.4054890275001526,0.7771307826042175
-0.6767495274543762,-1.019693374633789,4.637540817260742,0.08413885533809662,0.4206942915916443,0.4206942319869995,0.6659457683563232,-0.008885755203664303,0.04408540576696396,0.7446433901786804
-0.682475745677948,-1.0207878351211548,4.661949634552002,0.06989914923906326,0.3494957387447357,0.34949570894241333,0.6230428814888,-0.3728632628917694,-0.25942206382751465,0.6367815136909485
-0.687947690486908,-1.021820306777954,4.685739994049072,0.07119924575090408,0.3559962213039398,0.35599616169929504,0.6102285981178284,0.05354097858071327,-0.22053417563438416,0.7590250968933105
-0.6932550668716431,-1.0228781700134277,4.709286689758301,0.08403109014034271,0.42015546560287476,0.42015549540519714,0.5478668808937073,-0.2723667025566101,0.11895330250263214,0.7819899916648865
-0.6984879374504089,-1.0240485668182373,4.732959747314453,0.07198236137628555,0.35991182923316956,0.35991179943084717,0.43500953912734985,-0.25659579038619995,-0.42509910464286804,0.751143217086792
-0.7037359476089478,-1.0254188776016235,4.757133483886719,0.07462122291326523,0.37310612201690674,0.37310609221458435,0.6153650283813477,0.15816010534763336,-0.08210695534944534,0.7678344249725342
-0.7090891599655151,-1.0270764827728271,4.782179355621338,0.08119810372591019,0.40599051117897034,0.40599045157432556,0.4808906018733978,-0.3256930708885193,-0.058881837874650955,0.8119120597839355
-0.714637279510498,-1.0291082859039307,4.808470726013184,0.06710881739854813,0.33554407954216003,0.33554407954216003,0.5758613348007202,-0.018407557159662247,-0.4133036136627197,0.7051418423652649
-0.7204701900482178,-1.031602144241333,4.836378574371338,0.07938558608293533,0.3969278931617737,0.3969278633594513,0.47141894698143005,-0.05694644898176193,-0.013105393387377262,0.8799713253974915
-0.726628303527832,-1.034529447555542,4.865932941436768,0.07752838730812073,0.38764193654060364,0.38764193654060364,0.4977860450744629,-0.2889802157878876,-0.2487422674894333,0.7789908647537231
-0.7327094078063965,-1.0369609594345093,4.894313812255859,0.08286973088979721,0.41434863209724426,0.41434866189956665,0.6013403534889221,0.17867982387542725,-0.26691821217536926,0.7315859198570251
-0.738593339920044,-1.038873314857483,4.921087741851807,0.06511395424604416,0.325569748878479,0.325569748878479,0.5732070207595825,-0.24237696826457977,0.014644814655184746,0.782606303691864
-0.7442646622657776,-1.0405120849609375,4.946591854095459,0.08358776569366455,0.41793879866600037,0.41793879866600037,0.6203827261924744,-0.14610429108142853,-0.4103873372077942,0.6521970629692078
-0.7497079968452454,-1.042123556137085,4.971163272857666,0.08142352104187012,0.4071176052093506,0.40711748600006104,0.5794563293457031,0.03935696929693222,0.011753194965422153,0.8139676451683044
-0.7549080848693848,-1.0439532995224,4.99514102935791,0.07843703776597977,0.3921852111816406,0.3921852111816406,0.4490355849266052,-0.43877580761909485,-0.1841118186712265,0.7562708854675293
-0.7598492503166199,-1.0462472438812256,5.018860816955566,0.08538158982992172,0.4269079267978668,0.4269079566001892,0.3891693651676178,0.052075158804655075,-0.3378150761127472,0.855404257774353
-0.7645164132118225,-1.0492513179779053,5.042661666870117,0.06866151839494705,0.3433075547218323,0.3433075547218323,0.5183040499687195,-0.12486302852630615,0.08188796788454056,0.8420596718788147
-0.7688941955566406,-1.0532114505767822,5.066880702972412,0.0697847455739975,0.3489237129688263,0.3489237129688263,0.3253991901874542,-0.1647234857082367,-0.36937299370765686,0.854719340801239
-0.7729671001434326,-1.0583735704421997,5.091856002807617,0.06848457455635071,0.34242287278175354,0.34242287278175354,0.3584563732147217,0.1771603226661682,-0.08579802513122559,0.9125578999519348
-0.7767197489738464,-1.0649832487106323,5.117923736572266,0.07848726212978363,0.39243629574775696,0.39243629574775696,0.1353614181280136,-0.3451191484928131,-0.18650007247924805,0.9098284244537354
-0.7801369428634644,-1.0732866525650024,5.14542293548584,0.08320767432451248,0.4160383641719818,0.4160383343696594,0.12960360944271088,0.09453220665454865,-0.4404710829257965,0.8833186030387878
-0.7829865217208862,-1.083240032196045,5.173885345458984,0.06814301013946533,0.34071505069732666,0.3407149910926819,0.06800942122936249,-0.00815859530121088,-0.030698969960212708,0.997178852558136
-0.7844935655593872,-1.0937978029251099,5.200359344482422,0.08349385857582092,0.4174692928791046,0.41746923327445984,0.05206843465566635,-0.2536688446998596,-0.5017516613006592,0.8253400921821594
-0.7848470211029053,-1.1048468351364136,5.224877834320068,0.07931029796600342,0.3965515196323395,0.3965515196323395,0.1488778442144394,-0.2890906035900116,0.32131388783454895,-0.8893927335739136
-0.7843400835990906,-1.116396427154541,5.247833251953125,0.07533657550811768,0.376682847738266,0.376682847738266,0.0964604839682579,0.13980057835578918,0.1356675624847412,-0.9760868549346924
-0.7832663059234619,-1.1284561157226562,5.269617080688477,0.083157479763031,0.41578739881515503,0.41578736901283264,0.14147482812404633,0.10434585064649582,0.6138166785240173,-0.7696271538734436
-0.7819188237190247,-1.1410348415374756,5.290622234344482,0.06921008974313736,0.3460504412651062,0.3460504710674286,0.05138823762536049,-0.30314886569976807,0.23890775442123413,-0.9210771322250366
-0.7805910706520081,-1.1541424989700317,5.311240196228027,0.07831879705190659,0.39159396290779114,0.3915939927101135,0.0316050760447979,0.28943946957588196,0.2682540714740753,-0.9182949662208557
-0.7795764803886414,-1.1677879095077515,5.331863880157471,0.08220423012971878,0.4110211431980133,0.41102108359336853,0.11949025839567184,-0.10298845916986465,0.649178683757782,-0.744098424911499
-0.7791683673858643,-1.1819807291030884,5.352884292602539,0.06908983737230301,0.34544917941093445,0.34544917941093445,0.07314427942037582,0.09550128877162933,-0.21642380952835083,0.9688602089881897
-0.7796599864959717,-1.196730136871338,5.37469482421875,0.08224838972091675,0.41124191880226135,0.41124191880226135,0.005114882718771696,-0.23135676980018616,-0.46108293533325195,0.8566506505012512
-0.7813446521759033,-1.2120455503463745,5.39768648147583,0.06905842572450638,0.3452920913696289,0.3452920913696289,0.07343700528144836,0.17339807748794556,-0.4553803503513336,0.8701545000076294
-0.784515917301178,-1.2279362678527832,5.4222517013549805,0.06332690268754959,0.31663450598716736,0.31663450598716736,0.08779558539390564,-0.16592082381248474,-0.09544233977794647,0.9775750637054443
-0.7890744805335999,-1.2439106702804565,5.447388648986816,0.08244270086288452,0.4122134745121002,0.4122134745121002,0.13777242600917816,-0.16913579404354095,-0.5862393379211426,0.7802149057388306
-0.7943112254142761,-1.2590396404266357,5.470602035522461,0.08213426917791367,0.41067132353782654,0.4106713533401489,0.005109174642711878,0.14014160633087158,-0.32917022705078125,0.9337993860244751
-0.8001402020454407,-1.2734742164611816,5.49217414855957,0.07628480345010757,0.38142406940460205,0.3814239203929901,0.268979012966156,-0.23092219233512878,-0.28626492619514465,0.8901559114456177
-0.8064976930618286,-1.287398338317871,5.512476921081543,0.07526162266731262,0.3763081133365631,0.3763081133365631,0.05968935042619705,-0.07187338173389435,-0.6296313405036926,0.7712559700012207
-0.8133196830749512,-1.30099618434906,5.53187894821167,0.08191084861755371,0.40955424308776855,0.4095541834831238,0.21344459056854248,0.07918357104063034,-0.2098461091518402,0.9508606195449829
-0.8205424547195435,-1.3144513368606567,5.550751209259033,0.06542994827032089,0.32714971899986267,0.32714971899986267,0.31478336453437805,-0.36691099405288696,-0.44461512565612793,0.7540590763092041
-0.828102171421051,-1.3279478549957275,5.569463729858398,0.0659179538488388,0.3295897841453552,0.3295897841453552,0.09113772213459015,0.017337990924715996,-0.5055801868438721,0.8577773571014404
-0.8359349966049194,-1.3416695594787598,5.588387489318848,0.07080414891242981,0.35402071475982666,0.3540206253528595,0.3783734142780304,-0.1296873688697815,-0.2508954107761383,0.8815135955810547
-0.8439772129058838,-1.3558003902435303,5.607891082763672,0.06368838995695114,0.3184419572353363,0.3184419572353363,0.1706974357366562,-0.19598902761936188,-0.5846766233444214,0.7685075998306274
-0.8521647453308105,-1.3705240488052368,5.6283464431762695,0.0623416043817997,0.3117080330848694,0.311708003282547,0.2964325547218323,0.12354693561792374,-0.31009989976882935,0.8948194980621338
-0.8604340553283691,-1.3860245943069458,5.650123119354248,0.07331177592277527,0.36655884981155396,0.3665587306022644,0.32387784123420715,-0.27875185012817383,-0.3985802233219147,0.8115012645721436
-0.8687211871147156,-1.4024858474731445,5.673591613769531,0.08226105570793152,0.41130530834198,0.41130530834198,0.128011554479599,0.035684410482645035,-0.5124397277832031,0.8483780026435852
-0.7862825989723206,-1.0697157382965088,5.169967174530029,0.07789859920740128,0.3894929885864258,0.3894929587841034,0.9565534591674805,-0.22787682712078094,-0.0034349621273577213,0.18184012174606323
-0.7938767671585083,-1.0560044050216675,5.191075325012207,0.06639657914638519,0.33198288083076477,0.33198288083076477,0.7975029945373535,-0.5674638152122498,-0.08048107475042343,0.1884053498506546
-0.8009936809539795,-1.0410901308059692,5.211581707000732,0.08293554931879044,0.4146777093410492,0.4146777391433716,0.847079873085022,-0.21878226101398468,-0.33154621720314026,0.3530823886394501
-0.8078504204750061,-1.0255204439163208,5.231760025024414,0.0735504999756813,0.3677525222301483,0.3677525222301483,0.9116610884666443,-0.3886115252971649,0.127312570810318,0.04057885706424713
-0.8146644234657288,-1.0098429918289185,5.251884460449219,0.08539053797721863,0.42695268988609314,0.4269527196884155,0.8067547678947449,-0.5216245651245117,-0.25614333152770996,0.10698207467794418
-0.8216529488563538,-0.994605302810669,5.272229194641113,0.06582587212324142,0.3291293680667877,0.3291293680667877,0.9110497832298279,-0.2532992362976074,-0.04353630915284157,0.3223855495452881
-0.8290332555770874,-0.9803550243377686,5.293067455291748,0.07880451530218124,0.3940225839614868,0.39402255415916443,0.7920680642127991,-0.5825194120407104,0.0739215686917305,0.16683810949325562
-0.8370227813720703,-0.967639684677124,5.314674377441406,0.06884249299764633,0.34421244263648987,0.34421247243881226,0.7771949172019958,-0.32595792412757874,-0.3608972728252411,0.3993403911590576
-0.8458387851715088,-0.9570068120956421,5.337324142456055,0.08070019632577896,0.4035010039806366,0.4035009741783142,0.8900786638259888,-0.12626592814922333,0.09846138209104538,0.4267578125
-0.8556984066963196,-0.9490039944648743,5.361289978027344,0.07262209802865982,0.3631104826927185,0.3631104826927185,0.7717370390892029,-0.5021486878395081,-0.20566169917583466,0.33162012696266174
-0.8668191432952881,-0.9441788196563721,5.386847019195557,0.08375516533851624,0.41877585649490356,0.41877585649490356,0.7360730767250061,0.010789910331368446,-0.27572959661483765,0.6181045770645142
-0.8793625831604004,-0.9430692791938782,5.414151668548584,0.06861457973718643,0.34307292103767395,0.34307292103767395,0.580125629901886,-0.3157794773578644,-0.06792138516902924,0.7477461099624634
-0.8918409943580627,-0.9456881880760193,5.440009117126465,0.0627707988023758,0.3138539791107178,0.3138539493083954,0.459963858127594,-0.22755436599254608,-0.5298877358436584,0.6751823425292969
-0.9036283493041992,-0.9515509605407715,5.463244438171387,0.07212935388088226,0.3606467843055725,0.36064672470092773,0.5162320137023926,-0.031814415007829666,-0.17938967049121857,0.8368462324142456
-0.9148872494697571,-0.9602052569389343,5.484366416931152,0.06783823668956757,0.339191198348999,0.33919116854667664,0.31041228771209717,-0.4567316472530365,-0.38573533296585083,0.739086389541626
-0.9257799983024597,-0.9711989760398865,5.503881454467773,0.07009407132863998,0.3504703640937805,0.35047033429145813,0.360606849193573,0.0688842162489891,-0.5095762014389038,0.7781708240509033
-0.9364692568778992,-0.9840801954269409,5.522297382354736,0.062474194914102554,0.31237098574638367,0.3123709559440613,0.3346844017505646,-0.23774565756320953,-0.2895965874195099,0.864637017250061
-0.9471173882484436,-0.9983962774276733,5.540121078491211,0.07662875205278397,0.38314372301101685,0.38314372301101685,0.2363152951002121,-0.17221535742282867,-0.7215284705162048,0.6276094317436218
-0.9578869938850403,-1.013695240020752,5.557860851287842,0.06287400424480438,0.3143700361251831,0.3143700063228607,0.24370954930782318,0.10113777220249176,-0.24868179857730865,0.9319518208503723
-0.9689404964447021,-1.0295250415802002,5.576023101806641,0.07531819492578506,0.37659093737602234,0.37659093737602234,0.3837257921695709,-0.3859335482120514,-0.46203842759132385,0.700235903263092
-0.9804403781890869,-1.0454334020614624,5.595115661621094,0.061706461012363434,0.3085322976112366,0.3085322976112366,0.0905534103512764,-0.02779344469308853,-0.5558727383613586,0.8258529901504517
-0.9925490617752075,-1.0609681606292725,5.615645885467529,0.07690735906362534,0.3845368027687073,0.3845368027687073,0.4269433319568634,-0.13923048973083496,-0.2599376440048218,0.8548489212989807
-1.0054291486740112,-1.0756771564483643,5.638121604919434,0.08084475994110107,0.40422379970550537,0.40422379970550537,0.34304431080818176,-0.29161620140075684,-0.6396353244781494,0.6230146288871765
-1.0078572034835815,-1.0782177448272705,5.642439842224121,0.06520552933216095,0.32602763175964355,0.32602760195732117,0.4208013415336609,0.031212901696562767,-0.3209978938102722,0.8478869795799255
-0.30463656783103943,0.8935592174530029,4.440520286560059,0.07849340885877609,0.3924669623374939,0.39246702194213867,0.956599235534668,-0.22080853581428528,0.1849876493215561,-0.04405759647488594
-0.30538350343704224,0.8965392112731934,4.473468780517578,0.07913841307163239,0.39569205045700073,0.39569205045700073,0.9169326424598694,-0.18701639771461487,-0.25221624970436096,0.24626486003398895
-0.3066667914390564,0.8991101384162903,4.506106376647949,0.07379140704870224,0.3689570128917694,0.3689570128917694,0.9700222611427307,0.0022546283435076475,0.0679299384355545,0.23331785202026367
-0.3079836070537567,0.9016555547714233,4.538724422454834,0.07890093326568604,0.39450469613075256,0.3945046663284302,0.8998037576675415,-0.379888653755188,0.010318559594452381,0.2143160104751587
-0.3088310956954956,0.9045588970184326,4.5716142654418945,0.07909301668405533,0.39546507596969604,0.39546507596969604,0.9649002552032471,-0.005538111086934805,-0.2594394087791443,0.04034903272986412
-0.3087063431739807,0.9082036018371582,4.605067253112793,0.08556471019983292,0.42782357335090637,0.42782357335090637,0.9394723773002625,-0.03722125664353371,0.3296770453453064,-0.08555281907320023
-0.30710649490356445,0.9129732251167297,4.639373779296875,0.06982921808958054,0.3491460978984833,0.3491460978984833,0.8490955233573914,-0.4214957058429718,-0.0888281837105751,-0.3057575821876526
-0.30352869629859924,0.9192512035369873,4.674826145172119,0.08119272440671921,0.405963659286499,0.40596359968185425,0.9143144488334656,0.010138317942619324,0.03949681669473648,-0.4029471278190613
-0.2974700629711151,0.927420973777771,4.711714267730713,0.08984033763408661,0.449201762676239,0.449201762676239,0.745011568069458,-0.47600483894348145,0.2669679522514343,-0.3835430145263672
-0.2888041138648987,0.9369358420372009,4.748353004455566,0.0774078294634819,0.38703909516334534,0.38703909516334534,0.904577374458313,-0.19453537464141846,-0.1806291937828064,-0.3335699439048767
-0.2782842814922333,0.9462328553199768,4.781274795532227,0.0853203758597374,0.4266018569469452,0.4266018569469452,0.7893204092979431,-0.1027255654335022,0.39891675114631653,-0.4552868604660034
-0.266314297914505,0.9555866718292236,4.811234951019287,0.07830991595983505,0.39154955744743347,0.39154955744743347,0.6881530284881592,-0.5842989683151245,-0.002125444356352091,-0.43015769124031067
-0.2532801926136017,0.9653294086456299,4.839113712310791,0.06879827380180359,0.34399139881134033,0.34399139881134033,0.9161233305931091,-0.028246738016605377,0.08894611895084381,-0.38988298177719116
-0.2395680546760559,0.9757933616638184,4.865793704986572,0.06768660247325897,0.33843302726745605,0.33843302726745605,0.6616830229759216,-0.47261595726013184,0.44040605425834656,-0.38059478998184204
-0.22556395828723907,0.9873105883598328,4.892155647277832,0.07360726594924927,0.36803632974624634,0.36803632974624634,0.8365631699562073,-0.40867429971694946,-0.15410885214805603,-0.3307534456253052
-0.2116539478302002,1.000213623046875,4.9190826416015625,0.0749148428440094,0.3745742440223694,0.374574214220047,0.8099086880683899,-0.14633508026599884,0.3405795991420746,-0.45457619428634644
-0.19822414219379425,1.0148344039916992,4.947455406188965,0.08704620599746704,0.43523108959198,0.43523108959198,0.7323071956634521,-0.6543349027633667,0.14891700446605682,-0.11574022471904755
-0.18566057085990906,1.0315054655075073,4.978155136108398,0.08369338512420654,0.4184669256210327,0.4184669256210327,0.9469833374023438,-0.21110418438911438,-0.07035790383815765,-0.23174843192100525
-0.17442618310451508,1.0500807762145996,5.010699272155762,0.08200748264789581,0.41003739833831787,0.41003739833831787,0.8097225427627563,-0.342986524105072,0.40315401554107666,-0.2533307671546936
-0.16492244601249695,1.068829894065857,5.040343284606934,0.06611379981040955,0.3305690586566925,0.3305690586566925,0.7789670825004578,-0.573079526424408,-0.17672725021839142,-0.18318738043308258
-0.15688374638557434,1.0876516103744507,5.067331314086914,0.0669519230723381,0.3347596228122711,0.3347596228122711,0.9656761884689331,-0.13522835075855255,0.14408963918685913,-0.16858528554439545
-0.14999158680438995,1.1066510677337646,5.092517375946045,0.07032489776611328,0.3516244888305664,0.3516244888305664,0.7823304533958435,-0.5781673192977905,0.21993212401866913,-0.07287976890802383
-0.1439274102449417,1.1259335279464722,5.1167497634887695,0.07108572870492935,0.35542866587638855,0.35542866587638855,0.901115357875824,-0.4106467068195343,-0.13362012803554535,-0.03880733251571655
-0.1383727341890335,1.1456042528152466,5.140881061553955,0.07302591949701309,0.36512959003448486,0.36512959003448486,0.8907983899116516,-0.30068260431289673,0.22657229006290436,-0.2544271647930145
-0.13300898671150208,1.1657685041427612,5.165762424468994,0.08263076096773148,0.4131537973880768,0.4131537973880768,0.7648385167121887,-0.6254432797431946,-0.05699940025806427,-0.14350546896457672
-0.1275176703929901,1.186531662940979,5.192246437072754,0.0830092579126358,0.4150462746620178,0.4150462746620178,0.9714760184288025,-0.18973709642887115,-0.00998454075306654,-0.14189602434635162
-0.12158024311065674,1.2079987525939941,5.221182823181152,0.08299730718135834,0.4149865508079529,0.4149865508079529,0.7705689072608948,-0.5444126129150391,0.2331322878599167,-0.23555846512317657
-0.11498405784368515,1.2299754619598389,5.252910614013672,0.06446406245231628,0.3223203122615814,0.3223203122615814,0.9054886102676392,-0.3819319009780884,-0.14616982638835907,-0.11337007582187653
-0.10850837826728821,1.249982237815857,5.283435821533203,0.07098530232906342,0.3549264967441559,0.3549264967441559,0.9430191516876221,-0.23454925417900085,0.2217518836259842,-0.08079404383897781
-0.1024138331413269,1.2679848670959473,5.312169551849365,0.08099322766065598,0.40496617555618286,0.4049661457538605,0.7822871804237366,-0.6032024025917053,0.07454844564199448,-0.13644100725650787
-0.09674456715583801,1.2846583127975464,5.339660167694092,0.08063343167304993,0.40316715836524963,0.40316715836524963,0.9659613966941833,-0.17826585471630096,-0.13715553283691406,-0.12778198719024658
-0.0915447473526001,1.300676703453064,5.366454124450684,0.07874343544244766,0.3937171995639801,0.3937171995639801,0.8539465665817261,-0.3389785885810852,0.3752313256263733,-0.1227608397603035
-0.08685852587223053,1.3167142868041992,5.393099308013916,0.08066878467798233,0.4033440053462982,0.40334397554397583,0.7948320508003235,-0.5673613548278809,-0.19197311997413635,-0.09741377085447311
-0.08273006975650787,1.33344566822052,5.420143127441406,0.06601762771606445,0.33008813858032227,0.33008813858032227,0.9822664260864258,-0.10042162239551544,0.07699257880449295,-0.13834847509860992
-0.0792035460472107,1.3515452146530151,5.44813346862793,0.07141316682100296,0.3570658266544342,0.3570658266544342,0.8215770125389099,-0.5431898832321167,0.17063851654529572,-0.028955677524209023
-0.07632309943437576,1.371687412261963,5.477617263793945,0.08204860985279083,0.41024306416511536,0.41024306416511536,0.9096806645393372,-0.38052818179130554,-0.14143703877925873,0.08760695159435272
-0.0741458535194397,1.3944495916366577,5.509022235870361,0.07592902332544327,0.37964510917663574,0.37964513897895813,0.953429639339447,-0.18606166541576385,0.23268280923366547,-0.04702887311577797
-0.07308025658130646,1.4172381162643433,5.5389299392700195,0.07620479166507721,0.38102397322654724,0.38102394342422485,0.7915207147598267,-0.6064016819000244,0.037295930087566376,0.06618880480527878
-0.0731429010629654,1.4389221668243408,5.566122531890869,0.08219020068645477,0.41095101833343506,0.41095104813575745,0.9313039779663086,-0.24239309132099152,-0.23661313951015472,0.1339130848646164
-0.07411518692970276,1.4598921537399292,5.591347694396973,0.07402782887220383,0.3701391816139221,0.37013915181159973,0.8861088752746582,-0.38586172461509705,0.2528892159461975,-0.04437126964330673
-0.07577851414680481,1.4805381298065186,5.615353584289551,0.08177831768989563,0.40889158844947815,0.40889158844947815,0.7958908081054688,-0.5770164132118225,-0.09974945336580276,0.15381790697574615
-0.07791422307491302,1.5012505054473877,5.63888692855835,0.06879866123199463,0.34399327635765076,0.34399327635765076,0.944200336933136,-0.2575441896915436,-0.06557197123765945,0.19456882774829865
-0.08030374348163605,1.5224192142486572,5.66269588470459,0.07792125642299652,0.389606237411499,0.3896062672138214,0.8326565623283386,-0.5235534310340881,0.16086676716804504,-0.08183355629444122
-0.08272843062877655,1.5444347858428955,5.687528610229492,0.06925293058156967,0.34626463055610657,0.34626463055610657,0.8223852515220642,-0.48975351452827454,-0.2691008150577545,0.10681205242872238
-0.0849696695804596,1.5676872730255127,5.714131832122803,0.07430177181959152,0.3715088963508606,0.3715088963508606,0.9713987708091736,-0.17794571816921234,0.14603744447231293,0.05824806168675423
-0.08680885285139084,1.592566967010498,5.7432541847229,0.08237013220787048,0.41185063123703003,0.41185063123703003,0.731231153011322,-0.6790233254432678,0.04274699091911316,-0.04900035634636879
-0.30248868465423584,0.9215095639228821,4.744304180145264,0.06857696175575256,0.3428848087787628,0.3428848087787628,0.2801879644393921,0.15750183165073395,-0.20519909262657166,0.9244356155395508
-0.31004929542541504,0.9115080237388611,4.7748026847839355,0.07432080060243607,0.37160399556159973,0.37160396575927734,0.32366371154785156,-0.2610655426979065,-0.19141113758087158,0.8890716433525085
-0.31721240282058716,0.9013583660125732,4.804832935333252,0.0752432644367218,0.376216322183609,0.376216322183609,0.24831968545913696,0.03894677385687828,-0.5384925007820129,0.8042675256729126
-0.3243316113948822,0.8911924362182617,4.834811687469482,0.06748858839273453,0.33744296431541443,0.33744296431541443,0.3834228515625,-0.023007286712527275,-0.03850739821791649,0.9224829077720642
-0.33176058530807495,0.8811419010162354,4.865155220031738,0.08449622243642807,0.42248106002807617,0.42248106002807617,0.24357163906097412,-0.27843159437179565,-0.38841623067855835,0.8439677357673645
-0.3398529589176178,0.8713384866714478,4.896278381347656,0.08250091224908829,0.41250455379486084,0.4125045835971832,0.3048368990421295,0.12526585161685944,-0.32356804609298706,0.886953592300415
-0.34896230697631836,0.861913800239563,4.928598880767822,0.08573604375123978,0.4286802411079407,0.4286801815032959,0.40260452032089233,-0.20530211925506592,-0.118858203291893,0.8841002583503723
-0.35944226384162903,0.8529995679855347,4.962531566619873,0.07230686396360397,0.3615342378616333,0.3615342378616333,0.48450660705566406,-0.13985121250152588,-0.45135030150413513,0.73619145154953
-0.3716456890106201,0.8447275161743164,4.9984893798828125,0.07252608239650726,0.3626303970813751,0.36263036727905273,0.49774348735809326,0.03400459140539169,-0.08321568369865417,0.8626530170440674
-0.3847760260105133,0.8371135592460632,5.033555507659912,0.07244795560836792,0.3622397780418396,0.3622397780418396,0.5155248045921326,-0.42227786779403687,-0.28439298272132874,0.6892287135124207
-0.39794519543647766,0.8301848769187927,5.065506935119629,0.08118271827697754,0.4059135317802429,0.4059135317802429,0.35674235224723816,-0.02147049270570278,-0.3899773359298706,0.848641037940979
-0.4111992418766022,0.8240724205970764,5.095278263092041,0.06849309056997299,0.3424654006958008,0.3424653708934784,0.5211911797523499,-0.17204108834266663,-0.06712498515844345,0.8332201838493347
-0.42458441853523254,0.8189069032669067,5.123800754547119,0.0812823623418808,0.4064118564128876,0.4064117968082428,0.4943365156650543,-0.3748319149017334,-0.4153069853782654,0.6653213500976562
-0.43814682960510254,0.8148190975189209,5.152007102966309,0.06892737001180649,0.34463685750961304,0.34463682770729065,0.5362588763237,-0.01152481883764267,-0.27951478958129883,0.7963448166847229
-0.4519326984882355,0.8119399547576904,5.180829048156738,0.07325166463851929,0.3662583529949188,0.36625829339027405,0.5439639687538147,-0.33824777603149414,0.0019244798459112644,0.7679114937782288
-0.4659880995750427,0.810400128364563,5.211199760437012,0.06661158055067062,0.3330579102039337,0.3330579102039337,0.6698454022407532,-0.25269442796707153,-0.4069194793701172,0.5673351883888245
-0.4803592264652252,0.8103305101394653,5.244050979614258,0.06790858507156372,0.3395428955554962,0.33954283595085144,0.6605108380317688,0.041925881057977676,-0.05704622343182564,0.747471272945404
-0.49499067664146423,0.8118559122085571,5.280070781707764,0.08200759440660477,0.41003793478012085,0.41003793478012085,0.6988206505775452,-0.4662078619003296,-0.07905469089746475,0.5367031693458557
-0.5079461932182312,0.814913272857666,5.314951419830322,0.07607007026672363,0.3803502917289734,0.3803503215312958,0.649025022983551,-0.10003404319286346,-0.4626319706439972,0.5955933332443237
-0.5189772248268127,0.8193522095680237,5.347346305847168,0.08464764058589935,0.42323821783065796,0.42323818802833557,0.8908940553665161,-0.08214849978685379,0.1497548669576645,0.4208715856075287
-0.5287547707557678,0.8250498175621033,5.377970218658447,0.06600181758403778,0.3300091326236725,0.3300091028213501,0.7386717200279236,-0.41167938709259033,-0.17678992450237274,0.503616452217102
-0.5379500389099121,0.831883430480957,5.407537460327148,0.07357870787382126,0.3678935468196869,0.3678935468196869,0.9053813815116882,-0.06922399997711182,-0.22769561409950256,0.3516351580619812
-0.5472338199615479,0.8397299647331238,5.436759948730469,0.07310153543949127,0.36550769209861755,0.36550769209861755,0.8306894898414612,-0.384493887424469,0.16435419023036957,0.367569237947464
-0.5572773218154907,0.848466694355011,5.466353416442871,0.08219429105520248,0.410971462726593,0.410971462726593,0.7535642981529236,-0.37124520540237427,-0.3473488390445709,0.4167332351207733
-0.5687514543533325,0.8579707741737366,5.497030258178711,0.07338832318782806,0.3669416010379791,0.3669416010379791,0.8342620134353638,-0.097826287150383,-0.0720522403717041,0.5378153920173645
-0.5823273658752441,0.8681193590164185,5.529505729675293,0.07558854669332504,0.3779427707195282,0.3779427707195282,0.817857563495636,-0.4634321630001068,-0.06629801541566849,0.3345807194709778
-0.5982341170310974,0.878709077835083,5.56365442276001,0.08046261221170425,0.4023130238056183,0.4023130238056183,0.7614601850509644,-0.24276958405971527,-0.3446667194366455,0.49238818883895874
-0.614138662815094,0.8891895413398743,5.5948872566223145,0.07511253654956818,0.3755626976490021,0.3755626976490021,0.9041668772697449,-0.2550697922706604,0.0128121143206954,0.3424288332462311
-0.6297674775123596,0.8995776772499084,5.623162269592285,0.0722186416387558,0.3610931932926178,0.3610931932926178,0.7336122393608093,-0.4988817274570465,-0.340922087430954,0.31096982955932617
-0.6453312039375305,0.9099934101104736,5.649406909942627,0.06697123497724533,0.33485618233680725,0.33485618233680725,0.8668036460876465,-0.19028598070144653,-0.18819470703601837,0.4207438826560974
-0.6610406637191772,0.9205566644668579,5.674549102783203,0.06288843601942062,0.3144421875476837,0.3144421875476837,0.8068538308143616,-0.511533260345459,-0.11999290436506271,0.27004146575927734
-0.6771063804626465,0.9313870668411255,5.699514389038086,0.07288441061973572,0.3644220530986786,0.3644220530986786,0.6892035007476807,-0.2943490743637085,-0.381283700466156,0.5412761569023132
-0.6937392950057983,0.942604660987854,5.725230693817139,0.0617988221347332,0.3089940845966339,0.3089940845966339,0.8194923400878906,-0.27535319328308105,-0.02310515195131302,0.5020747184753418
-0.7111499309539795,0.954329252243042,5.752624988555908,0.0662870779633522,0.3314354121685028,0.3314354121685028,0.6526399254798889,-0.5924874544143677,-0.17156504094600677,0.4399830996990204
-0.7295490503311157,0.966680645942688,5.782624244689941,0.06188511103391647,0.3094255328178406,0.3094255328178406,0.8015981316566467,-0.22838141024112701,-0.3178424835205078,0.45194971561431885
-0.735077977180481,0.9703822731971741,5.791906356811523,0.07811202853918076,0.3905601501464844,0.3905601501464844,0.7954614758491516,-0.34906527400016785,0.05117381736636162,0.492722749710083
0.5665069222450256,-0.33771830797195435,4.664645195007324,0.07635120302438736,0.3817560076713562,0.3817560076713562,0.2623959183692932,-0.1924457848072052,0.5397415161132812,-0.7763968706130981
0.5698318481445312,-0.3432876467704773,4.681704521179199,0.06840451061725616,0.342022567987442,0.342022567987442,0.28840556740760803,-0.18100984394550323,0.010426110588014126,-0.9401856064796448
0.5731066465377808,-0.34880852699279785,4.69852352142334,0.06949761509895325,0.34748807549476624,0.34748804569244385,0.1058887466788292,0.2128656506538391,0.41942644119262695,-0.8761034607887268
0.5763459801673889,-0.35429489612579346,4.71517276763916,0.07176228612661362,0.3588113784790039,0.3588113784790039,0.24319253861904144,-0.2861924171447754,0.2834210693836212,-0.8823966383934021
0.5795642137527466,-0.3597608208656311,4.731719970703125,0.08460649847984314,0.4230324923992157,0.4230324923992157,0.331624299287796,0.13048921525478363,0.018571261316537857,-0.934158980846405
0.5827756524085999,-0.36522021889686584,4.748234748840332,0.07243014127016068,0.36215072870254517,0.3621506989002228,0.12479981034994125,-0.056227609515190125,0.5265235304832458,-0.8390687704086304
0.5859948396682739,-0.3706870675086975,4.764787197113037,0.07946567237377167,0.39732831716537476,0.39732828736305237,0.19811159372329712,-0.20545507967472076,0.10108113288879395,-0.9530596137046814
0.5892360806465149,-0.3761753439903259,4.781445026397705,0.08055514842271805,0.40277573466300964,0.40277570486068726,0.18596471846103668,0.09501396864652634,0.32310959696769714,-0.923032820224762
0.5925138592720032,-0.38169899582862854,4.798278331756592,0.0686054527759552,0.3430272042751312,0.34302717447280884,0.26547467708587646,-0.3405073881149292,0.3676662743091583,-0.823650062084198
0.5958425998687744,-0.38727205991744995,4.815356254577637,0.07984402030706406,0.3992200791835785,0.3992200195789337,0.25813987851142883,0.032294828444719315,0.030823463574051857,-0.9650754928588867
0.5992366075515747,-0.3929084539413452,4.832747459411621,0.08886454999446869,0.44432270526885986,0.44432270526885986,0.19044925272464752,-0.003716416656970978,0.4974052906036377,-0.8463470339775085
0.6027104258537292,-0.39862221479415894,4.850521087646484,0.07224024832248688,0.3612012565135956,0.3612012565135956,0.287964403629303,-0.26200926303863525,0.1437217742204666,-0.9098196029663086
0.6062784194946289,-0.4044272303581238,4.868746757507324,0.06711696833372116,0.335584819316864,0.3355847895145416,0.3692461848258972,0.1462308168411255,0.19911004602909088,-0.8958956599235535
0.6099550127983093,-0.4103375971317291,4.887494087219238,0.08243480324745178,0.4121740162372589,0.4121740162372589,0.14786139130592346,-0.20644943416118622,0.4850299060344696,-0.8368163704872131
0.6137545704841614,-0.41636717319488525,4.906830787658691,0.08641765266656876,0.4320882558822632,0.432088166475296,0.1924034208059311,-0.09641648083925247,-0.0017270897515118122,-0.9765663146972656
0.6176915764808655,-0.42252999544143677,4.926827907562256,0.08153573423624039,0.40767863392829895,0.40767866373062134,0.2096763700246811,0.12354685366153717,0.4908233880996704,-0.8365789651870728
0.621691882610321,-0.42876338958740234,4.94722318649292,0.07520081102848053,0.37600404024124146,0.37600404024124146,0.28556308150291443,-0.2846158444881439,0.2241618037223816,-0.8872423768043518
0.6254216432571411,-0.43477025628089905,4.966757297515869,0.07469063997268677,0.37345319986343384,0.37345314025878906,0.15011732280254364,0.10937222093343735,0.156868115067482,-0.9699974060058594
0.6288905739784241,-0.44053933024406433,4.985414505004883,0.075332410633564,0.3766620457172394,0.37666207551956177,0.13918368518352509,-0.19061920046806335,0.44034543633461,-0.8662494421005249
0.6321491003036499,-0.4460938572883606,5.003330230712891,0.07013345509767532,0.3506672978401184,0.3506673276424408,0.2330673635005951,-0.0864405483007431,0.0918155163526535,-0.9642497301101685
0.6352473497390747,-0.4514569938182831,5.020637035369873,0.07123503088951111,0.35617509484291077,0.3561750650405884,0.2290748506784439,0.16232077777385712,0.4599253833293915,-0.8424044847488403
0.6382355093955994,-0.456651896238327,5.037469863891602,0.06845495849847794,0.34227481484413147,0.3422747850418091,0.33258455991744995,-0.3047783672809601,0.2756531536579132,-0.8488304018974304
0.6411638259887695,-0.46170157194137573,5.053961753845215,0.08644237369298935,0.43221184611320496,0.43221187591552734,0.17222335934638977,0.06096547842025757,0.10731882601976395,-0.9772947430610657
0.6440825462341309,-0.466629296541214,5.07024621963501,0.07751843333244324,0.3875921070575714,0.38759201765060425,0.32031509280204773,-0.05787477642297745,0.47982096672058105,-0.8147518634796143
0.6470418572425842,-0.47145819664001465,5.0864577293396,0.08698604255914688,0.4349302351474762,0.4349301755428314,0.24535633623600006,-0.2611050307750702,0.07634200900793076,-0.9304817914962769
0.6500919461250305,-0.47621139883995056,5.102729797363281,0.06930666416883469,0.34653332829475403,0.3465333580970764,0.20435689389705658,0.1910250335931778,0.27943623065948486,-0.9185113310813904
0.6532831192016602,-0.48091208934783936,5.119195938110352,0.07611843943595886,0.3805921673774719,0.3805921673774719,0.3412514925003052,-0.3109813928604126,0.41492846608161926,-0.7840104103088379
0.656665563583374,-0.4855833649635315,5.135990142822266,0.06857774406671524,0.342888742685318,0.3428886830806732,0.2938377559185028,-0.059977252036333084,0.07893159985542297,-0.9507007598876953
0.6602894067764282,-0.4902483820915222,5.153246879577637,0.07307340204715729,0.36536699533462524,0.36536699533462524,0.25576263666152954,0.0643339529633522,0.4865356981754303,-0.8329042792320251
0.6642050743103027,-0.4949302673339844,5.171099662780762,0.07096610963344574,0.3548305630683899,0.3548305332660675,0.30910781025886536,-0.3381800353527069,0.14214672148227692,-0.8774286508560181
0.6684625148773193,-0.49965226650238037,5.1896820068359375,0.06997188925743103,0.34985947608947754,0.34985947608947754,0.2864820063114166,0.11439183354377747,0.19008053839206696,-0.9320471882820129
0.673112154006958,-0.5044373869895935,5.209127426147461,0.06647884845733643,0.33239421248435974,0.33239421248435974,0.22412656247615814,-0.2819196581840515,0.4019663333892822,-0.8418501615524292
0.6781954169273376,-0.5092948079109192,5.229525089263916,0.07035502046346664,0.35177507996559143,0.35177507996559143,0.34406378865242004,-0.04160413146018982,-0.008419163525104523,-0.9379863142967224
0.6834608316421509,-0.5137947797775269,5.24953556060791,0.06721220165491104,0.3360610008239746,0.3360610008239746,0.2650727331638336,-0.03719615191221237,0.5051056742668152,-0.8205005526542664
0.6887688636779785,-0.5177804231643677,5.268581390380859,0.0760781541466713,0.3803907632827759,0.38039079308509827,0.4204985499382019,-0.34069323539733887,0.028151458129286766,-0.8404264450073242
0.694114089012146,-0.5213255286216736,5.28679895401001,0.066831074655056,0.3341553211212158,0.3341553211212158,0.5510913729667664,0.07981492578983307,0.22844551503658295,-0.7985865473747253
0.6994907855987549,-0.5245041847229004,5.304327487945557,0.06614748388528824,0.3307374119758606,0.3307374119758606,0.480060338973999,-0.25919970870018005,0.3929614722728729,-0.7402289509773254
0.7048932909965515,-0.5273903012275696,5.321302890777588,0.06914758682250977,0.34573793411254883,0.3457379639148712,0.48890289664268494,-0.15997661650180817,-0.015886543318629265,-0.85739666223526
0.7103161215782166,-0.5300578474998474,5.337863922119141,0.0870528593659401,0.4352642893791199,0.4352642297744751,0.3979218304157257,-0.025525521486997604,0.3844359517097473,-0.832595705986023
0.7157537341117859,-0.5325806736946106,5.354147911071777,0.06576453894376755,0.32882267236709595,0.32882267236709595,0.46137428283691406,-0.42888253927230835,0.11864762753248215,-0.7675390839576721
0.7212003469467163,-0.5350327491760254,5.370293140411377,0.06974314898252487,0.34871572256088257,0.3487156927585602,0.4958322048187256,0.11249352991580963,0.1435030698776245,-0.8490597605705261
0.7266505360603333,-0.5374881625175476,5.386436462402344,0.07983376085758209,0.39916878938674927,0.39916878938674927,0.38257211446762085,-0.2666812837123871,0.367394357919693,-0.8046993613243103
0.7320986986160278,-0.5400207042694092,5.40271520614624,0.07111379504203796,0.3555689752101898,0.3555689752101898,0.5629205703735352,-0.14604990184307098,-0.040180884301662445,-0.8125117421150208
0.7375389933586121,-0.5427044034004211,5.419267654418945,0.06486881524324417,0.32434406876564026,0.32434406876564026,0.38116076588630676,-0.014654239639639854,0.38131222128868103,-0.8420823812484741
0.7429660558700562,-0.5456131100654602,5.436232089996338,0.08056175708770752,0.4028087854385376,0.4028087854385376,0.3606105148792267,-0.4389905631542206,0.10479982197284698,-0.8162501454353333
0.748374342918396,-0.5488208532333374,5.453744888305664,0.07615582644939423,0.38077908754348755,0.38077911734580994,0.4882119596004486,0.07216925173997879,0.1743028461933136,-0.8520910739898682
0.7537580132484436,-0.552401602268219,5.471944808959961,0.07683977484703064,0.3841989040374756,0.3841989040374756,0.37993910908699036,-0.2292812466621399,0.43149256706237793,-0.7854238152503967
0.7591116428375244,-0.5564292073249817,5.490968704223633,0.07119635492563248,0.35598182678222656,0.3559817969799042,0.4092548191547394,-0.18663378059864044,-0.07143077254295349,-0.8902673721313477
0.7644295692443848,-0.5609776377677917,5.510953903198242,0.06901013106107712,0.3450506627559662,0.3450506329536438,0.4532148241996765,0.18746966123580933,0.38103973865509033,-0.7837475538253784
0.7694907784461975,-0.5659560561180115,5.531327724456787,0.077256940305233,0.3862847089767456,0.3862846791744232,0.3676130473613739,-0.34981873631477356,0.3654036521911621,-0.7803637981414795
0.773901641368866,-0.5710493326187134,5.550754547119141,0.07813972979784012,0.3906986713409424,0.39069864153862,0.31972774863243103,0.008090438321232796,-0.07749061286449432,-0.9443007707595825
0.7777467966079712,-0.5762310028076172,5.569322109222412,0.07221946865320206,0.3610973060131073,0.3610973060131073,0.2898346483707428,0.04810190573334694,0.4571770429611206,-0.839447021484375
0.7811253070831299,-0.5814839005470276,5.587162971496582,0.06974905729293823,0.34874534606933594,0.34874534606933594,0.34296876192092896,-0.356889009475708,0.203609436750412,-0.8447164297103882
0.7841358184814453,-0.5867912173271179,5.6044087409973145,0.06862450391054153,0.34312254190444946,0.3431225121021271,0.310771107673645,0.14710325002670288,0.05092065408825874,-0.9376507997512817
0.7868775129318237,-0.5921360850334167,5.62119197845459,0.07466166466474533,0.37330830097198486,0.37330833077430725,0.2353774607181549,-0.029621265828609467,0.4819130003452301,-0.8434926867485046
0.7894489765167236,-0.5975015163421631,5.637642860412598,0.06501475721597672,0.325073778629303,0.325073778629303,0.2702755331993103,-0.24724645912647247,0.13044710457324982,-0.9213054776191711
0.7919493317604065,-0.6028706431388855,5.653895378112793,0.07889863103628159,0.3944931626319885,0.39449313282966614,0.10508842021226883,0.239506334066391,0.22838421165943146,-0.9377812743186951
0.7944772839546204,-0.6082265973091125,5.670080661773682,0.07884850353002548,0.394242525100708,0.394242525100708,0.14272616803646088,-0.20187358558177948,0.3700093626976013,-0.8955274224281311
0.7971318364143372,-0.6135523319244385,5.686330795288086,0.08408915251493454,0.4204457700252533,0.4204457402229309,0.3212487995624542,-0.023845944553613663,0.024132126942276955,-0.9463869333267212
0.8000118136405945,-0.6188310384750366,5.702776908874512,0.07392182946205139,0.36960911750793457,0.36960911750793457,0.28930196166038513,0.12413688004016876,0.45191752910614014,-0.8346645832061768
0.8032160997390747,-0.6240456700325012,5.719552993774414,0.06677665561437607,0.33388325572013855,0.33388325572013855,0.2500518262386322,-0.36951228976249695,0.23359458148479462,-0.863926112651825
0.806843638420105,-0.6291794776916504,5.736788749694824,0.08072932809591293,0.4036466181278229,0.4036465585231781,0.24423466622829437,0.17334303259849548,0.08944138139486313,-0.9498957395553589
0.8109933137893677,-0.6342154145240784,5.754617691040039,0.07045289874076843,0.35226449370384216,0.3522644639015198,0.25677695870399475,-0.19966858625411987,0.4710935652256012,-0.8199200630187988
0.8157639503479004,-0.6391366124153137,5.773171424865723,0.07721368223428726,0.3860684037208557,0.3860684037208557,0.3224260210990906,-0.1471487432718277,0.022737978026270866,-0.9348110556602478
0.8212543725967407,-0.6439261436462402,5.792581081390381,0.0831647738814354,0.4158238470554352,0.415823757648468,0.3548350930213928,0.013554258272051811,0.3972092568874359,-0.8462465405464172
0.8274964094161987,-0.6485380530357361,5.81279993057251,0.08254621177911758,0.4127310812473297,0.4127310514450073,0.4290992319583893,-0.45313793420791626,0.17648230493068695,-0.7611792683601379
0.8339380621910095,-0.6527095437049866,5.832294464111328,0.07854953408241272,0.3927476704120636,0.392747700214386,0.5270868539810181,0.0891801193356514,0.09968755394220352,-0.8392191529273987
0.8404425382614136,-0.6564245820045471,5.850801944732666,0.0786549299955368,0.3932746648788452,0.3932746350765228,0.474356085062027,-0.16778577864170074,0.5505972504615784,-0.6660907864570618
0.8470191359519958,-0.6597369313240051,5.868461608886719,0.06450311094522476,0.3225155770778656,0.3225155770778656,0.4160328805446625,-0.2639869153499603,0.08928622305393219,-0.8655954599380493
0.8536770343780518,-0.6627004146575928,5.885416030883789,0.07297118008136749,0.36485588550567627,0.36485588550567627,0.448812872171402,0.0614997074007988,0.3636115491390228,-0.8139849305152893
0.8604255318641663,-0.6653687357902527,5.901805400848389,0.06819211691617966,0.3409605622291565,0.3409605324268341,0.46621477603912354,-0.3970000147819519,0.2672536373138428,-0.7440498471260071
0.86727374792099,-0.6677955985069275,5.917771816253662,0.06467884033918381,0.32339417934417725,0.32339414954185486,0.47214579582214355,0.03584756329655647,0.06673309952020645,-0.8782596588134766
0.8742308616638184,-0.6700347065925598,5.933454990386963,0.06350234150886536,0.3175117075443268,0.3175116777420044,0.4105789363384247,-0.2775843143463135,0.43291589617729187,-0.7529646158218384
0.8813061714172363,-0.6721398830413818,5.9489970207214355,0.07242237031459808,0.3621118664741516,0.3621118366718292,0.5155884623527527,-0.2222478687763214,0.01705336570739746,-0.8273352384567261
0.8885087966918945,-0.6741647720336914,5.96453857421875,0.0778367668390274,0.3891838490962982,0.3891838490962982,0.4710195064544678,-0.0717654749751091,0.4110364615917206,-0.7771996855735779
0.8958480358123779,-0.6761631369590759,5.980220794677734,0.07149957120418549,0.3574978709220886,0.35749784111976624,0.5248205661773682,-0.5054073333740234,0.13905325531959534,-0.6706645488739014
0.9033329486846924,-0.6781887412071228,5.996185302734375,0.08134251832962036,0.4067125618457794,0.40671253204345703,0.6428120732307434,-0.02971656806766987,0.1786583662033081,-0.7443055510520935
0.9109728336334229,-0.6802952289581299,6.0125732421875,0.07234811037778854,0.3617405593395233,0.3617405295372009,0.45828890800476074,-0.26374897360801697,0.4563940167427063,-0.715620219707489
0.9187769889831543,-0.6825364828109741,6.029523849487305,0.061994582414627075,0.3099729120731354,0.309972882270813,0.5933656692504883,-0.3038918077945709,-0.06829336285591125,-0.7422283887863159
0.9267544746398926,-0.6849660873413086,6.047181129455566,0.06676852703094482,0.3338426649570465,0.3338426351547241,0.5058337450027466,0.0835639014840126,0.38341641426086426,-0.7682064771652222
0.9349145889282227,-0.6876378059387207,6.065683841705322,0.07112552225589752,0.3556275963783264,0.3556275963783264,0.511413037776947,-0.4506556987762451,0.31557872891426086,-0.660133421421051
0.9432663917541504,-0.6906054019927979,6.085174083709717,0.08238503336906433,0.41192516684532166,0.4119251072406769,0.55054771900177,-0.01620839722454548,-0.007561773993074894,-0.8346120715141296
0.28777211904525757,-0.9724024534225464,4.323801040649414,0.07855730503797531,0.3927864730358124,0.39278644323349,0.1368023157119751,-0.2160061150789261,-0.3153627812862396,0.9138779044151306
0.2851974666118622,-0.979224443435669,4.359046936035156,0.08531302213668823,0.42656511068344116,0.42656511068344116,0.233416348695755,0.30403977632522583,-0.22517400979995728,0.8957529067993164
0.28262853622436523,-0.9860588908195496,4.393950462341309,0.08755362778902054,0.4377681612968445,0.4377681314945221,0.2181842029094696,-0.1860479861497879,-0.06843411922454834,0.9555619359016418
0.2800533175468445,-0.9928797483444214,4.429227828979492,0.08159189671278,0.4079594612121582,0.4079594612121582,0.20706631243228912,-0.001080150599591434,-0.3732597827911377,0.904322624206543
0.2774597406387329,-0.999660849571228,4.465597152709961,0.06840138137340546,0.3420068919658661,0.3420068621635437,0.20000983774662018,0.07488802820444107,0.010402909480035305,0.9768723845481873
0.2748357057571411,-1.0063762664794922,4.503774642944336,0.08100107312202454,0.40500539541244507,0.4050053358078003,0.11826696991920471,-0.33901795744895935,-0.27053922414779663,0.8932459354400635
0.27216917276382446,-1.0129996538162231,4.544476509094238,0.07987486571073532,0.3993743360042572,0.3993743360042572,0.16561727225780487,0.1767098754644394,-0.29827842116355896,0.9232413172721863
0.2690051794052124,-1.0195552110671997,4.587095260620117,0.09013795107603073,0.4506897032260895,0.4506895840167999,0.26019996404647827,-0.09884966164827347,0.06423892080783844,0.9583308696746826
0.2638172209262848,-1.0261247158050537,4.626418113708496,0.08369709551334381,0.4184854328632355,0.4184854328632355,0.22012782096862793,-0.2579331398010254,-0.37292730808258057,0.8636778593063354
0.2576175928115845,-1.0324164628982544,4.662916660308838,0.08029893040657043,0.4014946520328522,0.4014945924282074,0.474078893661499,0.25277894735336304,-0.18639583885669708,0.8225622177124023
0.2517191767692566,-1.038100004196167,4.697856426239014,0.07495361566543579,0.37476807832717896,0.37476807832717896,0.4136095643043518,-0.3606451451778412,-0.022374985739588737,0.8356802463531494
0.2474347949028015,-1.0428450107574463,4.732503890991211,0.0865262821316719,0.43263140320777893,0.43263140320777893,0.26273787021636963,0.05926104262471199,-0.4011196196079254,0.8755341172218323
0.24607720971107483,-1.0463206768035889,4.768124103546143,0.07181437313556671,0.35907185077667236,0.3590717017650604,0.11291150748729706,0.003060603979974985,-0.1980516016483307,-0.9736617207527161
0.24895928800106049,-1.048196792602539,4.8059821128845215,0.08235558867454529,0.41177797317504883,0.41177794337272644,0.6143531799316406,-0.06776208430528641,0.3989946246147156,-0.6773342490196228
0.25737470388412476,-1.0481195449829102,4.847231388092041,0.06790777295827866,0.3395388722419739,0.3395388722419739,0.6634883284568787,-0.3866529166698456,-0.10937053710222244,-0.6311266422271729
0.27083227038383484,-1.0445183515548706,4.885568141937256,0.08178133517503738,0.4089066684246063,0.4089066684246063,0.7498328685760498,-0.003258636686950922,0.2595680356025696,-0.6085758209228516
0.28787294030189514,-1.0376404523849487,4.918209552764893,0.0662427544593811,0.3312137722969055,0.33121374249458313,0.682163417339325,-0.4943524897098541,0.25715237855911255,-0.4734356105327606
0.30756404995918274,-1.0289472341537476,4.947190284729004,0.07913874834775925,0.39569374918937683,0.39569374918937683,0.7865334153175354,-0.23156142234802246,0.02635878324508667,-0.5718825459480286
0.3289729058742523,-1.0199000835418701,4.974542617797852,0.06824202835559845,0.34121018648147583,0.34121015667915344,0.6249579191207886,-0.3103209137916565,0.536166787147522,-0.47503024339675903
0.35116681456565857,-1.011960506439209,5.002299785614014,0.06571872532367706,0.3285936713218689,0.3285936713218689,0.750739336013794,-0.47179046273231506,0.16105610132217407,-0.4334341585636139
0.37321311235427856,-1.0065898895263672,5.032496452331543,0.07180528342723846,0.35902637243270874,0.35902640223503113,0.815079391002655,0.02869938127696514,0.141936793923378,-0.5609597563743591
0.3941790461540222,-1.0052498579025269,5.067163944244385,0.07431179285049438,0.3715589642524719,0.37155893445014954,0.6307054758071899,-0.2261013686656952,0.5157140493392944,-0.5339735746383667
0.41266876459121704,-1.008479356765747,5.105551719665527,0.08562339842319489,0.42811697721481323,0.42811697721481323,0.5908259153366089,-0.3762873709201813,0.09580716490745544,-0.7072153687477112
0.4274236559867859,-1.014264464378357,5.141121864318848,0.06758527457714081,0.33792632818222046,0.3379262089729309,0.44322970509529114,0.05840926989912987,0.2230885922908783,-0.8662374019622803
0.4395045042037964,-1.0222558975219727,5.174378871917725,0.0761801227927208,0.38090062141418457,0.38090062141418457,0.40238314867019653,-0.280420184135437,0.5110991597175598,-0.705854058265686
0.45008882880210876,-1.0322484970092773,5.206318378448486,0.0661897137761116,0.3309485912322998,0.3309485614299774,0.44052889943122864,-0.1743336170911789,0.13526341319084167,-0.8701987862586975
0.4603543281555176,-1.0440373420715332,5.237939834594727,0.07770570367574692,0.3885285258293152,0.3885284960269928,0.3494539260864258,0.1082892119884491,0.37156158685684204,-0.8532862067222595
0.4714784622192383,-1.0574177503585815,5.270241737365723,0.0645885020494461,0.32294249534606934,0.32294246554374695,0.40079042315483093,-0.27902936935424805,0.44838011264801025,-0.7486420273780823
0.48463886976242065,-1.0721845626831055,5.304221153259277,0.06948398798704147,0.3474199175834656,0.3474199175834656,0.4204753339290619,-0.11569269001483917,0.1478186994791031,-0.88767409324646
0.5008212924003601,-1.0880851745605469,5.340559005737305,0.06682410836219788,0.33412060141563416,0.33412063121795654,0.4062877297401428,0.05491316691040993,0.506442666053772,-0.758571445941925
0.517244279384613,-1.1040961742401123,5.3741254806518555,0.0666586309671402,0.3332931697368622,0.3332931399345398,0.35377493500709534,-0.3893934190273285,0.3839888274669647,-0.7587941884994507
0.532930314540863,-1.1200460195541382,5.403876304626465,0.07761188596487045,0.3880594074726105,0.3880592882633209,0.23849202692508698,0.02456178516149521,0.18889035284519196,-0.9522807598114014
0.5482829809188843,-1.1361638307571411,5.43121337890625,0.07834644615650177,0.39173218607902527,0.3917321562767029,0.19914299249649048,-0.23137402534484863,0.5814967751502991,-0.7541018724441528
0.5637059807777405,-1.1526787281036377,5.457541465759277,0.06848286092281342,0.3424142897129059,0.3424142897129059,0.2875511944293976,-0.251465380191803,0.1640544980764389,-0.9094864726066589
0.5796029567718506,-1.1698193550109863,5.484262943267822,0.0793895423412323,0.3969477415084839,0.3969477117061615,0.12357452511787415,0.06272249668836594,0.6035076379776001,-0.7852221131324768
0.5963774919509888,-1.187814712524414,5.512780666351318,0.06845874339342117,0.34229370951652527,0.34229370951652527,0.4421688914299011,-0.4546554386615753,0.3681085705757141,-0.6799052953720093
0.614433228969574,-1.2068939208984375,5.544497966766357,0.0662807822227478,0.3314038813114166,0.331403911113739,0.3403078317642212,-0.017332913354039192,0.261173814535141,-0.9031491279602051
0.6175954341888428,-1.2101951837539673,5.550193786621094,0.07771766930818558,0.3885883688926697,0.3885883390903473,0.30257171392440796,-0.15182000398635864,0.5875492691993713,-0.7349740862846375
0.2537865936756134,-1.050278663635254,4.845677375793457,0.07882532477378845,0.39412665367126465,0.39412662386894226,0.31514498591423035,0.15792112052440643,-0.3417593538761139,0.8711745738983154
0.238581120967865,-1.0639691352844238,4.876805782318115,0.07452333718538284,0.37261664867401123,0.37261661887168884,0.3390089273452759,-0.2893010973930359,-0.2023184597492218,0.872035026550293
0.22419939935207367,-1.0759623050689697,4.908438205718994,0.07834989577531815,0.39174947142601013,0.39174947142601013,0.347738653421402,-0.15956029295921326,-0.5397398471832275,0.7498661279678345
0.21017606556415558,-1.0872169733047485,4.9402899742126465,0.07236802577972412,0.3618400990962982,0.36184006929397583,0.39736273884773254,0.017023790627717972,-0.16009536385536194,0.9034281969070435
0.1960459053516388,-1.098691701889038,4.972076416015625,0.06635700911283493,0.33178505301475525,0.33178505301475525,0.4824982285499573,-0.3160496950149536,-0.33812931180000305,0.7436239719390869
0.18134362995624542,-1.1113452911376953,5.003512382507324,0.06593918055295944,0.3296959400177002,0.3296958804130554,0.3839712142944336,0.010605414398014545,-0.4300192594528198,0.8170294165611267
0.16560399532318115,-1.1261366605758667,5.034314155578613,0.08142056316137314,0.4071028232574463,0.4071027934551239,0.3860238790512085,-0.25923606753349304,-0.15218254923820496,0.8721368312835693
0.1483617126941681,-1.14402437210083,5.06419563293457,0.0806172639131546,0.4030863344669342,0.4030863046646118,0.24669133126735687,-0.24943086504936218,-0.6258704662322998,0.6965728998184204
0.12915152311325073,-1.1659674644470215,5.092872619628906,0.07426400482654572,0.371319979429245,0.371319979429245,0.1507386565208435,0.10687850415706635,-0.3378806710243225,0.9228713512420654
0.10778206586837769,-1.1922978162765503,5.119710922241211,0.07455212622880936,0.3727606534957886,0.3727606534957886,0.3566781282424927,-0.4367115795612335,-0.35101473331451416,0.7475643157958984
0.0862555056810379,-1.218640685081482,5.141910552978516,0.08298598229885101,0.41492989659309387,0.41492989659309387,0.15516477823257446,-0.14397040009498596,-0.7127267122268677,0.668742835521698
0.06512738764286041,-1.2444853782653809,5.15964937210083,0.07229981571435928,0.3614990711212158,0.3614990711212158,0.3924456834793091,-0.07409331202507019,-0.3939288258552551,0.8278385400772095
0.04447028040885925,-1.2704774141311646,5.173825740814209,0.07302448898553848,0.3651224374771118,0.3651224374771118,0.29989877343177795,-0.35365164279937744,-0.7034795880317688,0.5386164784431458
0.024356771260499954,-1.2972619533538818,5.185339450836182,0.07563696056604385,0.37818479537963867,0.3781847655773163,0.2489936202764511,0.016108693554997444,-0.6433441042900085,0.7237755656242371
0.004859425127506256,-1.3254843950271606,5.195087432861328,0.08268854767084122,0.4134427011013031,0.4134427011013031,0.22693800926208496,-0.37966907024383545,-0.5367416143417358,0.7185116410255432
-0.01394917443394661,-1.3557898998260498,5.2039690017700195,0.06504743546247482,0.32523712515830994,0.3252371847629547,0.005042091477662325,0.2339310646057129,0.8253259658813477,-0.51389479637146
-0.031996455043554306,-1.3888239860534668,5.212881565093994,0.07510316371917725,0.37551578879356384,0.37551572918891907,0.21653307974338531,0.09146734327077866,-0.47684210538864136,0.8469762206077576
-0.0492098405957222,-1.42523193359375,5.222724914550781,0.07796929031610489,0.3898463845252991,0.3898463845252991,0.17263947427272797,-0.3476008474826813,-0.6742976903915405,0.6282450556755066
-0.06472663581371307,-1.463896632194519,5.233102321624756,0.08115657418966293,0.40578287839889526,0.40578287839889526,0.05227881297469139,-0.044786274433135986,0.7824934124946594,-0.618841826915741
-0.07668899744749069,-1.500586748123169,5.241128921508789,0.07606799155473709,0.38033992052078247,0.38033992052078247,0.14303618669509888,-0.1506357491016388,-0.47738566994667053,0.8537871241569519
-0.08574104309082031,-1.5357375144958496,5.247137546539307,0.06764475256204605,0.33822378516197205,0.33822381496429443,0.17293837666511536,-0.17788933217525482,-0.8795722723007202,0.4059560298919678
-0.09266920387744904,-1.5700753927230835,5.2516703605651855,0.0703597292304039,0.3517985939979553,0.3517985939979553,0.007380669470876455,0.13468219339847565,-0.6589033603668213,0.7400354743003845
-0.09825995564460754,-1.6043270826339722,5.2552714347839355,0.06414578855037689,0.32072895765304565,0.32072895765304565,0.2395516037940979,-0.322020024061203,-0.6475811004638672,0.6477320790290833
-0.10329973697662354,-1.6392197608947754,5.258481979370117,0.06234757602214813,0.31173786520957947,0.31173789501190186,0.005827829707413912,0.1432429701089859,-0.85420823097229,0.4997756779193878
-0.10857503116130829,-1.6754798889160156,5.261845111846924,0.06443914026021957,0.32219570875167847,0.32219570875167847,0.12376443296670914,-0.04643836244940758,-0.5848753452301025,0.8002791404724121
-0.11487226188182831,-1.713834524154663,5.265903472900391,0.06886973977088928,0.344348669052124,0.3443486988544464,0.08935669809579849,-0.2377322018146515,-0.8571208119392395,0.4481547772884369
-0.12297789752483368,-1.7550103664398193,5.271198272705078,0.07084690779447556,0.354234516620636,0.3542344868183136,0.042408496141433716,-0.2184365689754486,0.660345196723938,-0.7172386050224304
0.12039736658334732,-1.1890249252319336,5.1218976974487305,0.0661652535200119,0.3308262825012207,0.3308262526988983,0.22677041590213776,0.2361477166414261,0.2853004038333893,-0.9007847309112549
0.1283937245607376,-1.2077016830444336,5.152373790740967,0.07740424573421478,0.38702115416526794,0.38702115416526794,0.1998334527015686,-0.17376795411109924,0.6004555225372314,-0.754535973072052
0.1362886130809784,-1.2258082628250122,5.182321548461914,0.07910836488008499,0.39554184675216675,0.3955417573451996,0.1324397176504135,-0.17811383306980133,0.065918929874897,-0.9728257656097412
0.1441544145345688,-1.2437517642974854,5.212118625640869,0.07420089095830917,0.3710044026374817,0.3710044026374817,0.21650949120521545,0.18846529722213745,0.5110164284706116,-0.810226321220398
0.1520635336637497,-1.2619383335113525,5.242140769958496,0.08139189332723618,0.4069594442844391,0.4069594144821167,0.24166373908519745,-0.34764888882637024,0.44511377811431885,-0.7890580892562866
0.16008834540843964,-1.2807749509811401,5.272764205932617,0.06767796725034714,0.33838987350463867,0.3383898437023163,0.06500338017940521,0.05653616786003113,0.14960847795009613,-0.9849850535392761
0.16830122470855713,-1.3006682395935059,5.304365158081055,0.06537172198295593,0.3268585801124573,0.32685860991477966,0.06847315281629562,-0.09332302212715149,0.6443244218826294,-0.7559419870376587
0.17677459120750427,-1.3220248222351074,5.337320327758789,0.07807860523462296,0.39039304852485657,0.3903929889202118,0.20181778073310852,-0.2513231039047241,0.14054454863071442,-0.9361375570297241
0.18558083474636078,-1.3452515602111816,5.372004985809326,0.06834589689970016,0.3417294919490814,0.34172943234443665,0.05787097290158272,0.1934436559677124,0.4532877504825592,-0.8681939244270325
0.19412106275558472,-1.368836760520935,5.406089782714844,0.06727515161037445,0.33637571334838867,0.33637571334838867,0.15100425481796265,-0.2974551320075989,0.4808053970336914,-0.8108910918235779
0.20176872611045837,-1.3909279108047485,5.437022686004639,0.0631638839840889,0.3158194124698639,0.3158193826675415,0.16899819672107697,0.025891123339533806,0.21885521709918976,-0.9606621265411377
0.208774596452713,-1.4120290279388428,5.465724468231201,0.06458383053541183,0.3229191303253174,0.3229191303253174,0.13344448804855347,0.004523677751421928,0.5616896152496338,-0.8165028095245361
0.2153913378715515,-1.432649850845337,5.493123531341553,0.07613006979227066,0.3806503415107727,0.38065028190612793,0.093790702521801,-0.33941909670829773,0.2518678605556488,-0.9014214277267456
0.22187156975269318,-1.4532994031906128,5.520150184631348,0.08100733160972595,0.4050366282463074,0.405036598443985,0.03077409230172634,0.19602498412132263,0.39914992451667786,-0.8951572179794312
0.22846798598766327,-1.4744873046875,5.547731876373291,0.07361116260290146,0.3680557906627655,0.3680557906627655,0.20375072956085205,-0.1931397169828415,0.5504660606384277,-0.7862377166748047
0.23543322086334229,-1.4967225790023804,5.5767974853515625,0.07524970918893814,0.3762485682964325,0.3762485980987549,0.1489582359790802,-0.06923504918813705,0.2406509965658188,-0.9566112160682678
0.2430199533700943,-1.520514965057373,5.6082763671875,0.0662970170378685,0.3314850628376007,0.33148500323295593,0.10642415285110474,0.09111502766609192,0.5570732355117798,-0.8185605406761169
0.24730679392814636,-1.5337086915969849,5.62595796585083,0.07664025574922562,0.3832012414932251,0.3832012116909027,0.23577821254730225,-0.23783744871616364,0.4106120765209198,-0.848080039024353
-1.1537742614746094,-0.10247600823640823,4.356377124786377,0.08081045001745224,0.4040522575378418,0.4040522575378418,0.8213927149772644,-0.13694262504577637,0.16560697555541992,0.5283322930335999
-1.1675264835357666,-0.09946859627962112,4.396687984466553,0.08925958722829819,0.4462979733943939,0.44629791378974915,0.6988422274589539,-0.389375239610672,-0.36742064356803894,0.4743507206439972
-1.1817214488983154,-0.09596502780914307,4.436539173126221,0.08176464587450027,0.40882325172424316,0.40882325172424316,0.842575192451477,0.10656069219112396,-0.08616085350513458,0.5208532810211182
-1.1955289840698242,-0.09289558976888657,4.476792335510254,0.07375980913639069,0.36879903078079224,0.36879903078079224,0.7584091424942017,-0.38245198130607605,-0.11804654449224472,0.5144036412239075
-1.208118200302124,-0.09119057655334473,4.518308639526367,0.0858246237039566,0.4291231036186218,0.42912304401397705,0.6215850710868835,-0.009459917433559895,-0.35856011509895325,0.6964030861854553
-1.2186580896377563,-0.09178025275468826,4.561948776245117,0.07371510565280914,0.36857548356056213,0.3685755133628845,0.6800051331520081,-0.14099763333797455,0.039942797273397446,0.7184130549430847
-1.2263182401657104,-0.09559490531682968,4.608574867248535,0.08461098372936249,0.42305487394332886,0.42305487394332886,0.4528501331806183,-0.1185498982667923,-0.37687134742736816,0.7992751002311707
-1.2301371097564697,-0.10332435369491577,4.65816593170166,0.07108718156814575,0.35543590784072876,0.35543587803840637,0.09848091751337051,0.10024455934762955,0.020328054204583168,0.9898683428764343
-1.2288252115249634,-0.11333659291267395,4.703702449798584,0.08164826780557632,0.40824130177497864,0.40824130177497864,0.12021107971668243,0.16064809262752533,0.3617311716079712,-0.9104350805282593
-1.2234176397323608,-0.1250484585762024,4.744826316833496,0.07543005794286728,0.3771502375602722,0.37715014815330505,0.3487291932106018,-0.2539178729057312,0.28113359212875366,-0.8572499752044678
-1.2153809070587158,-0.13835585117340088,4.783214092254639,0.07732150703668594,0.38660749793052673,0.38660743832588196,0.22489729523658752,0.02720762975513935,0.14956489205360413,-0.9624506235122681
-1.206181287765503,-0.15315458178520203,4.820539951324463,0.06643795222043991,0.33218973875045776,0.33218973875045776,0.20440645515918732,-0.08266281336545944,0.48984214663505554,-0.8434687852859497
-1.1972854137420654,-0.16934052109718323,4.85847806930542,0.07494282722473145,0.3747141361236572,0.37471410632133484,0.26489055156707764,-0.2897152900695801,0.09050926566123962,-0.9152628779411316
-1.1901599168777466,-0.18680952489376068,4.898703575134277,0.08387432247400284,0.4193716049194336,0.41937145590782166,0.1314096450805664,0.2063489854335785,0.28214403986930847,-0.927656352519989
-1.1862713098526,-0.2054574340581894,4.9428911209106445,0.06562431156635284,0.32812151312828064,0.32812151312828064,0.0793701708316803,-0.13111472129821777,0.45673832297325134,-0.8762986660003662
-1.1855274438858032,-0.2248653620481491,4.988813877105713,0.08281659334897995,0.41408300399780273,0.41408294439315796,0.04785196855664253,0.04661073163151741,-0.04636119306087494,0.9966886639595032
-1.1855864524841309,-0.24426813423633575,5.0300679206848145,0.07225561887025833,0.3612780272960663,0.3612780272960663,0.14920182526111603,-0.1836874634027481,-0.5201217532157898,0.8206528425216675
-1.1867239475250244,-0.26352033019065857,5.068018913269043,0.08273421227931976,0.4136710464954376,0.4136710464954376,0.03604741394519806,0.29989901185035706,-0.2510911524295807,0.91962730884552
-1.1893057823181152,-0.28249606490135193,5.1042799949646,0.0706944540143013,0.3534722626209259,0.3534722328186035,0.20168153941631317,-0.19059324264526367,-0.2594205439090729,0.9250404238700867
-1.1936973333358765,-0.30106937885284424,5.140461444854736,0.06579449027776718,0.3289724588394165,0.3289724588394165,0.2093542069196701,0.06892364472150803,-0.4844246208667755,0.8466127514839172
-1.2002646923065186,-0.31911444664001465,5.17817497253418,0.07580319046974182,0.37901589274406433,0.3790159225463867,0.17000643908977509,-0.02547941729426384,-0.06807824969291687,0.9827583432197571
-1.2093734741210938,-0.336505264043808,5.219030857086182,0.06740918755531311,0.33704593777656555,0.33704596757888794,0.2892872393131256,-0.29442963004112244,-0.4296768009662628,0.8031201362609863
-1.2213361263275146,-0.35302671790122986,5.264419078826904,0.06801565736532211,0.3400782644748688,0.3400782346725464,0.24049843847751617,0.1244446262717247,-0.33742862939834595,0.9015630483627319
-1.2347291707992554,-0.3659694790840149,5.308528423309326,0.06989160180091858,0.3494580090045929,0.3494580090045929,0.3345174789428711,-0.2124929428100586,0.00032418768387287855,0.9181202054023743
-1.2489632368087769,-0.37512561678886414,5.349031448364258,0.06521196663379669,0.3260597884654999,0.3260597586631775,0.42529910802841187,-0.26987773180007935,-0.37994277477264404,0.7758415937423706
-1.2642911672592163,-0.3818758726119995,5.387104034423828,0.07006354629993439,0.35031774640083313,0.35031771659851074,0.6214525103569031,0.09055241197347641,-0.2286292314529419,0.7438586950302124
-1.280965805053711,-0.3876008987426758,5.423921585083008,0.06757602095603943,0.33788013458251953,0.33788010478019714,0.5485389828681946,-0.40306687355041504,-0.12937313318252563,0.7210441827774048
-1.299240231513977,-0.39368146657943726,5.460659027099609,0.08360358327627182,0.4180179238319397,0.4180179238319397,0.5466351509094238,-0.11850268393754959,-0.4562586545944214,0.6920803189277649
-1.3193671703338623,-0.40149828791618347,5.498492240905762,0.07010608911514282,0.3505304455757141,0.3505304157733917,0.5585623979568481,-0.117137610912323,-0.01143276784569025,0.8210700750350952
-1.341599464416504,-0.4124320447444916,5.538595676422119,0.08380801975727081,0.41904008388519287,0.41904011368751526,0.3719761073589325,-0.3929976522922516,-0.4185106158256531,0.7294076085090637
-1.3655104637145996,-0.42690566182136536,5.580269813537598,0.06463848054409027,0.32319238781929016,0.3231923580169678,0.502890408039093,0.00038544347626157105,-0.38343915343284607,0.7746453881263733
-1.3886557817459106,-0.4418366551399231,5.617158889770508,0.06809518486261368,0.3404759168624878,0.340475857257843,0.49763059616088867,-0.42733848094940186,-0.12969769537448883,0.7435886263847351
-1.4112077951431274,-0.45698127150535583,5.650017261505127,0.07491851598024368,0.37459254264831543,0.37459254264831543,0.3199133276939392,-0.1733504980802536,-0.623392641544342,0.6920886635780334
-1.4336469173431396,-0.4724884033203125,5.680441379547119,0.07961078733205795,0.39805394411087036,0.398053914308548,0.5481122732162476,-0.05093429610133171,-0.1989421248435974,0.8108025193214417
-1.4564530849456787,-0.48850709199905396,5.7100300788879395,0.06773657351732254,0.3386828899383545,0.3386828601360321,0.3349970281124115,-0.48461395502090454,-0.4710347652435303,0.6565459370613098
-1.4801067113876343,-0.5051863193511963,5.74038028717041,0.07774394005537033,0.38871970772743225,0.3887196481227875,0.3096652030944824,0.044352442026138306,-0.5213439464569092,0.7939400672912598
-1.5050880908966064,-0.5226751565933228,5.77308988571167,0.07104582339525223,0.35522910952568054,0.35522910952568054,0.46706920862197876,-0.3104721009731293,-0.10336214303970337,0.8214436769485474
-1.5318776369094849,-0.541122555732727,5.809756278991699,0.06293985247612,0.3146992623806,0.3146992623806,0.34105685353279114,-0.3068738579750061,-0.583748459815979,0.6698853373527527
-1.2390512228012085,-0.09308002889156342,4.651111125946045,0.07396721094846725,0.3698360323905945,0.3698360323905945,0.8625577688217163,-0.1614898145198822,-0.27157777547836304,0.3951716721057892
-1.2620718479156494,-0.07594358175992966,4.68267297744751,0.08568809926509857,0.42844048142433167,0.42844051122665405,0.7866784334182739,-0.5111267566680908,-0.06682972609996796,0.3397355079650879
-1.2839983701705933,-0.058614011853933334,4.713991641998291,0.078239306807518,0.39119651913642883,0.39119651913642883,0.6862558722496033,-0.38081905245780945,-0.47502005100250244,0.39797699451446533
-1.3063936233520508,-0.04136721417307854,4.745414733886719,0.07147266715765,0.35736334323883057,0.35736334323883057,0.8566099405288696,-0.237433522939682,-0.013585975393652916,0.45788657665252686
-1.3308217525482178,-0.024479161947965622,4.777287483215332,0.08284785598516464,0.4142392575740814,0.4142392575740814,0.6869465112686157,-0.6090721487998962,-0.22760750353336334,0.32454657554626465
-1.3588457107543945,-0.008225790224969387,4.809954643249512,0.08279743045568466,0.4139871597290039,0.4139871597290039,0.6973037123680115,-0.2846992015838623,-0.34371650218963623,0.560867965221405
-1.391987681388855,0.007117616478353739,4.843714714050293,0.07655825465917587,0.3827912509441376,0.3827912509441376,0.81080162525177,-0.4375421404838562,-0.12313618510961533,0.36877506971359253
-1.4267117977142334,0.021308494731783867,4.8737688064575195,0.07785588502883911,0.38927942514419556,0.38927945494651794,0.5312685966491699,-0.5193200707435608,-0.5272613167762756,0.4123782217502594
-1.4604591131210327,0.03393140435218811,4.898548603057861,0.069642074406147,0.34821030497550964,0.34821030497550964,0.8037643432617188,-0.17103347182273865,-0.19535031914710999,0.535302460193634
-1.4939360618591309,0.04448689892888069,4.920627593994141,0.07775616645812988,0.388780802488327,0.388780802488327,0.6121228337287903,-0.6270967125892639,-0.3039137125015259,0.3737536072731018
-1.5278488397598267,0.052475545555353165,4.94257926940918,0.0826648473739624,0.4133242070674896,0.4133242070674896,0.5689693093299866,-0.21758300065994263,-0.5540555715560913,0.5674099922180176
-1.5629035234451294,0.05739789828658104,4.966975212097168,0.08662023395299911,0.43310120701789856,0.43310117721557617,0.722353458404541,-0.4183342158794403,-0.19976603984832764,0.5131232738494873
-1.599806547164917,0.05875451862812042,4.996388912200928,0.06594302505254745,0.32971513271331787,0.32971513271331787,0.5052237510681152,-0.4248402416706085,-0.5097096562385559,0.5517750382423401
-1.6355955600738525,0.05568587779998779,5.030055522918701,0.07497965544462204,0.3748982548713684,0.3748982548713684,0.6502887606620789,-0.09067174792289734,-0.26591119170188904,0.7058289051055908
-1.6646907329559326,0.04794450104236603,5.06246280670166,0.07160618901252747,0.35803094506263733,0.35803094506263733,0.5264587998390198,-0.4449194669723511,-0.34748122096061707,0.6357236504554749
-1.689916729927063,0.03683727607131004,5.093764305114746,0.0715625137090683,0.3578125238418579,0.3578125238418579,0.489104300737381,-0.0051069133915007114,-0.5157743096351624,0.7033689022064209
-1.7143434286117554,0.023705802857875824,5.124305725097656,0.07198206335306168,0.3599103093147278,0.3599103093147278,0.5560965538024902,-0.3378770649433136,-0.13414648175239563,0.7473957538604736
-1.7410404682159424,0.009891698136925697,5.1544342041015625,0.0636746734380722,0.3183733820915222,0.3183733820915222,0.437992662191391,-0.28472912311553955,-0.5781193375587463,0.6267932653427124
-1.773077368736267,-0.0032634283415973186,5.18449592590332,0.08126718550920486,0.40633589029312134,0.40633589029312134,0.5193055868148804,-0.06527262926101685,-0.28012406826019287,0.8047308325767517
-1.811840534210205,-0.014493472874164581,5.2138495445251465,0.07696123421192169,0.38480615615844727,0.38480615615844727,0.5402190685272217,-0.5091927647590637,-0.39484602212905884,0.5412787795066833
-1.8496302366256714,-0.023666877299547195,5.237582206726074,0.06474780291318893,0.3237389922142029,0.32373902201652527,0.311240553855896,-0.18136420845985413,-0.6715145707130432,0.6475372910499573
-1.8861041069030762,-0.0314524881541729,5.2567315101623535,0.0678839161992073,0.3394196033477783,0.3394196033477783,0.7216648459434509,-0.32693910598754883,-0.19951240718364716,0.5766329169273376
-1.9225263595581055,-0.03852783888578415,5.273394584655762,0.0717652440071106,0.3588261902332306,0.35882624983787537,0.40958112478256226,-0.46949800848960876,-0.6852584481239319,0.377141535282135
-1.960160732269287,-0.045570455491542816,5.289669513702393,0.07151715457439423,0.3575858175754547,0.35758575797080994,0.5016562342643738,-0.17179574072360992,-0.39913231134414673,0.7480111122131348
-2.000270366668701,-0.05325787514448166,5.307653427124023,0.08321051299571991,0.41605260968208313,0.41605257987976074,0.557697594165802,-0.6229627728462219,-0.34333840012550354,0.4277961254119873
-2.0349783897399902,-0.060324955731630325,5.324674606323242,0.08200348168611526,0.4100174009799957,0.41001737117767334,0.23494607210159302,-0.2934182286262512,-0.6733798384666443,0.6366047859191895
-1.6339911222457886,0.08081068098545074,5.007992267608643,0.08311911672353745,0.4155955910682678,0.4155955910682678,0.8482311367988586,-0.42847877740859985,-0.17245788872241974,0.25916826725006104
-1.665139079093933,0.10964025557041168,5.016030311584473,0.06849578022956848,0.3424789309501648,0.3424789309501648,0.49338728189468384,-0.8179035186767578,-0.25553637742996216,0.14934535324573517
-1.6955076456069946,0.13886427879333496,5.02481746673584,0.08635269105434418,0.4317634403705597,0.4317634105682373,0.5840579867362976,-0.48319312930107117,-0.411694198846817,0.5058740973472595
-1.7266453504562378,0.16769911348819733,5.03286600112915,0.07310324162244797,0.3655162751674652,0.3655162751674652,0.7196386456489563,-0.642735481262207,-0.1475972980260849,0.21731622517108917
-1.7601009607315063,0.19536112248897552,5.038692474365234,0.06984733045101166,0.34923672676086426,0.34923672676086426,0.41312822699546814,-0.7738788723945618,-0.3604293167591095,0.3170603811740875
-1.797423243522644,0.2210666835308075,5.040811538696289,0.06574113667011261,0.32870572805404663,0.32870566844940186,0.5951005816459656,-0.4996200501918793,-0.3805927336215973,0.5013825297355652
-1.8401610851287842,0.24403215944766998,5.037738800048828,0.06669489294290543,0.3334745466709137,0.3334745466709137,0.5288854241371155,-0.7713674902915955,-0.2852475047111511,0.20953840017318726
-1.884850263595581,0.2617759108543396,5.029195308685303,0.07928911596536636,0.39644554257392883,0.3964455723762512,0.16148582100868225,-0.6536698341369629,-0.6574404835700989,0.338245689868927
-1.9255207777023315,0.272581547498703,5.016878604888916,0.0811668187379837,0.40583404898643494,0.40583404898643494,0.5680028796195984,-0.5343614220619202,-0.38866156339645386,0.49068596959114075
-1.9637387990951538,0.27837809920310974,5.001601219177246,0.06563457101583481,0.3281729221343994,0.3281729519367218,0.2809252142906189,-0.8131011128425598,-0.5045472979545593,0.0733456015586853
-2.0011470317840576,0.2811264395713806,4.98415994644165,0.07087167352437973,0.35435840487480164,0.35435840487480164,0.1933199167251587,-0.43366289138793945,-0.7683470845222473,0.4291931092739105
-2.0393896102905273,0.2827873229980469,4.965353488922119,0.07296755909919739,0.36483773589134216,0.36483773589134216,0.5336735248565674,-0.7081469297409058,-0.3416658341884613,0.3114241063594818
-2.0801095962524414,0.2853216528892517,4.945980072021484,0.08296748995780945,0.4148375689983368,0.41483762860298157,0.059432800859212875,-0.7854768633842468,-0.6058350205421448,0.11161423474550247
-2.124950408935547,0.2906901240348816,4.926836967468262,0.06343119591474533,0.31715595722198486,0.31715598702430725,0.3744397461414337,-0.497364342212677,-0.6150102615356445,0.48392748832702637
-2.1259360313415527,0.29084548354148865,4.926447868347168,0.0793694406747818,0.3968471884727478,0.3968471884727478,0.4910435080528259,-0.7877179980278015,-0.34081417322158813,0.1490716189146042
-0.006456879433244467,1.1270405054092407,4.102614879608154,0.07776852697134018,0.3888426423072815,0.3888426423072815,0.8953039050102234,-0.31077951192855835,-0.24960719048976898,0.19885501265525818
-0.009888773784041405,1.13223397731781,4.128117561340332,0.08985167741775513,0.44925838708877563,0.44925838708877563,0.9762551784515381,-0.03803607076406479,0.02136039175093174,0.2121857851743698
-0.01335047371685505,1.1373918056488037,4.153226852416992,0.07524596899747849,0.376229852437973,0.37622982263565063,0.8835747838020325,-0.4355780780315399,-0.041114553809165955,0.16696390509605408
-0.01682579703629017,1.1425336599349976,4.178155422210693,0.07419679313898087,0.37098392844200134,0.37098395824432373,0.9445528984069824,-0.006277281325310469,-0.22996817529201508,0.23429687321186066
-0.020298564806580544,1.1476786136627197,4.203118801116943,0.071294404566288,0.35647204518318176,0.3564720153808594,0.8869699835777283,-0.22977936267852783,0.12911930680274963,0.3792280852794647
-0.023752590641379356,1.1528457403182983,4.228329181671143,0.08449317514896393,0.42246589064598083,0.42246589064598083,0.831277072429657,-0.41075989603996277,-0.313699871301651,0.20456574857234955
-0.027171693742275238,1.158054232597351,4.254000663757324,0.06966196745634079,0.34830981492996216,0.34830981492996216,0.9818075299263,-0.03421555086970329,-0.01477140188217163,0.18618547916412354
-0.030539697036147118,1.1633232831954956,4.280346870422363,0.07440771162509918,0.3720385432243347,0.3720385432243347,0.8805913925170898,-0.4013901352882385,0.02096603251993656,0.2510083317756653
-0.03384041413664818,1.1686722040176392,4.307581901550293,0.07484042644500732,0.3742021322250366,0.3742021322250366,0.9381029009819031,-0.05432785302400589,-0.29697760939598083,0.1697520613670349
-0.03705766052007675,1.1741199493408203,4.335918426513672,0.08202491700649261,0.4101245701313019,0.4101245701313019,0.9044936299324036,-0.13719762861728668,0.24457888305187225,0.3213241398334503
-0.040175262838602066,1.1796858310699463,4.365571022033691,0.08166134357452393,0.408306747674942,0.408306747674942,0.8788549900054932,-0.4003066122531891,-0.18691936135292053,0.18008239567279816
-0.04311925545334816,1.1853055953979492,4.3963117599487305,0.08181507140398026,0.40907537937164307,0.4090753495693207,0.9786400198936462,0.0018104379996657372,-0.06615728884935379,0.19463731348514557
-0.04553616791963577,1.1904722452163696,4.4254841804504395,0.07771927863359451,0.38859638571739197,0.38859638571739197,0.9370635151863098,-0.32896918058395386,0.08590473234653473,0.07944571226835251
-0.04746450483798981,1.195181131362915,4.45293664932251,0.08220377564430237,0.41101884841918945,0.41101884841918945,0.960639238357544,-0.1127513200044632,-0.24664777517318726,0.06020158529281616
-0.04901986941695213,1.1995339393615723,4.479072570800781,0.08425912261009216,0.4212956130504608,0.4212956130504608,0.9568763971328735,-0.10129384696483612,0.24184083938598633,0.1250603049993515
-0.050317876040935516,1.2036325931549072,4.504293441772461,0.08863091468811035,0.44315454363822937,0.44315454363822937,0.8783121705055237,-0.4129706621170044,-0.1605156809091568,0.17960409820079803
-0.051474135369062424,1.2075787782669067,4.528998851776123,0.0738295242190361,0.3691475987434387,0.3691475987434387,0.9500385522842407,0.13878639042377472,-0.15979008376598358,0.22941716015338898
-0.05260425806045532,1.2114742994308472,4.553591728210449,0.07884342223405838,0.3942171037197113,0.3942171037197113,0.9517081379890442,-0.2530331611633301,0.15442508459091187,0.07986656576395035
-0.05382385104894638,1.2154209613800049,4.578473091125488,0.07718179374933243,0.38590899109840393,0.38590899109840393,0.9526563286781311,-0.2090333104133606,-0.2188287079334259,0.02941076084971428
-0.05524852126836777,1.2195206880569458,4.6040449142456055,0.07934528589248657,0.39672642946243286,0.3967263996601105,0.9484424591064453,0.042103733867406845,0.15791329741477966,0.2715650796890259
-0.056993886828422546,1.2238750457763672,4.630708694458008,0.0659775659441948,0.32988783717155457,0.32988783717155457,0.8709025382995605,-0.43086034059524536,0.003861757693812251,0.23637525737285614
-0.05917554721236229,1.228585958480835,4.658864974975586,0.08440349996089935,0.42201748490333557,0.4220174551010132,0.9054547548294067,-0.016182584688067436,-0.31191784143447876,0.2873971462249756
-0.06190912052989006,1.2337552309036255,4.688915729522705,0.06725053489208221,0.3362526595592499,0.3362526297569275,0.9466448426246643,-0.14401592314243317,0.2346872091293335,0.16746613383293152
-0.06493517011404037,1.2395259141921997,4.719109058380127,0.0813848078250885,0.4069240093231201,0.4069240093231201,0.8851171731948853,-0.36717647314071655,-0.1910988688468933,0.21267414093017578
-0.06787358969449997,1.2458434104919434,4.747236251831055,0.0813189223408699,0.4065946340560913,0.40659457445144653,0.9924454689025879,-0.029301457107067108,-0.03984235227108002,0.11227671056985855
-0.0707789957523346,1.2524834871292114,4.773726463317871,0.07820432633161545,0.39102163910865784,0.3910216689109802,0.8624776601791382,-0.49116045236587524,0.0992964431643486,0.07095010578632355
-0.07370705902576447,1.2592206001281738,4.799011707305908,0.06844796985387802,0.3422398269176483,0.3422398269176483,0.8954597115516663,-0.12170162051916122,-0.32740098237991333,0.2759515345096588
-0.0767134577035904,1.2658300399780273,4.823526859283447,0.08410671353340149,0.42053359746932983,0.42053356766700745,0.966250479221344,-0.1693406105041504,0.11458741128444672,0.15669533610343933
-0.07985388487577438,1.2720869779586792,4.847705841064453,0.08033733069896698,0.4016866683959961,0.4016866683959961,0.9007248282432556,-0.38013723492622375,-0.17961224913597107,0.10922414064407349
-0.08318400382995605,1.2777663469314575,4.871982097625732,0.08172941952943802,0.4086470603942871,0.4086470305919647,0.9801445603370667,0.04356174170970917,-0.023751556873321533,0.19197611510753632
-0.08675950765609741,1.28264319896698,4.896790504455566,0.08102182298898697,0.4051090478897095,0.40510907769203186,0.8568726181983948,-0.4128760099411011,0.0265753585845232,0.3075654208660126
-0.09063605964183807,1.2864925861358643,4.922563076019287,0.07286686450242996,0.3643343150615692,0.3643343448638916,0.893558919429779,-0.07403218746185303,-0.24702762067317963,0.3674902617931366
-0.09486936777830124,1.2890894412994385,4.949735164642334,0.07632900029420853,0.3816450238227844,0.38164499402046204,0.8330761194229126,-0.16961240768432617,0.14739008247852325,0.5054621696472168
-0.09951509535312653,1.2902089357376099,4.978740692138672,0.08034810423851013,0.40174055099487305,0.40174052119255066,0.6644357442855835,-0.24445749819278717,-0.35706937313079834,0.6093170046806335
-0.10455548018217087,1.2895225286483765,5.009541034698486,0.0837019830942154,0.41850993037223816,0.4185098707675934,0.6470204591751099,0.03901718184351921,-0.03073795512318611,0.7608530521392822
-0.10944360494613647,1.2862083911895752,5.038666725158691,0.07651428133249283,0.38257142901420593,0.38257142901420593,0.44932904839515686,-0.37320226430892944,-0.3050120174884796,0.752190887928009
-0.11412394046783447,1.2805960178375244,5.065707206726074,0.08107604831457138,0.4053801894187927,0.4053801894187927,0.36284440755844116,0.2280968427658081,-0.24086153507232666,0.8708050847053528
-0.11867956817150116,1.273252010345459,5.091137886047363,0.06934218108654022,0.3467109203338623,0.34671086072921753,0.2165849357843399,-0.2934638261795044,-0.08539193123579025,0.9271882772445679
-0.12319359928369522,1.2647433280944824,5.115431308746338,0.0662507712841034,0.3312537968158722,0.3312537968158722,0.24439844489097595,0.011941956356167793,-0.5856147408485413,0.7727756500244141
-0.12774910032749176,1.255636215209961,5.139059543609619,0.07677531242370605,0.3838765621185303,0.38387659192085266,0.11790988594293594,0.021866749972105026,-0.13334393501281738,0.9837878346443176
-0.13242916762828827,1.2464975118637085,5.1624956130981445,0.07153670489788055,0.35768356919288635,0.35768356919288635,0.26109427213668823,-0.26592084765434265,-0.3198697865009308,0.871090829372406
-0.13731691241264343,1.23789381980896,5.186213970184326,0.08067664504051208,0.4033832550048828,0.4033832550048828,0.29293888807296753,0.08480891585350037,-0.36372560262680054,0.8801692724227905
-0.14249537885189056,1.2303919792175293,5.210686683654785,0.07126668840646744,0.3563334047794342,0.35633334517478943,0.40763652324676514,-0.20683348178863525,0.0559905581176281,0.8876471519470215
-0.14804768562316895,1.2245585918426514,5.236386775970459,0.08040697872638702,0.4020349085330963,0.4020349085330963,0.3966813385486603,-0.18115712702274323,-0.4549475908279419,0.7764333486557007
-0.15405693650245667,1.2209603786468506,5.263787269592285,0.07482302933931351,0.37411507964134216,0.37411510944366455,0.49671226739883423,0.20595493912696838,-0.07865188270807266,0.8394482135772705
-0.16060619056224823,1.2201639413833618,5.293362140655518,0.07551150768995285,0.37755754590034485,0.37755754590034485,0.696690022945404,-0.3956230878829956,0.09671519696712494,0.5905518531799316
-0.16736185550689697,1.2221146821975708,5.323381423950195,0.06913665682077408,0.3456832766532898,0.3456832766532898,0.6993207335472107,-0.21597447991371155,-0.40317630767822266,0.5493217706680298
-0.1737891286611557,1.2259761095046997,5.351064682006836,0.07723511010408401,0.38617557287216187,0.38617557287216187,0.8945091366767883,0.052369050681591034,0.04095442593097687,0.44207870960235596
-0.17995929718017578,1.231495976448059,5.376842498779297,0.07955765724182129,0.39778831601142883,0.39778831601142883,0.854263186454773,-0.43381401896476746,-0.047802772372961044,0.2824087142944336
-0.18594901263713837,1.2384282350540161,5.4011735916137695,0.08298923820257187,0.41494616866111755,0.41494616866111755,0.8331640958786011,-0.10487232357263565,-0.3774709701538086,0.3903268575668335
-0.19183503091335297,1.2465273141860962,5.424515724182129,0.06602903455495834,0.3301452100276947,0.3301452398300171,0.944118857383728,-0.2218439131975174,0.14344638586044312,0.19709892570972443
-0.1976941078901291,1.2555475234985352,5.447330474853516,0.08002633601427078,0.4001317024230957,0.4001317024230957,0.7594314217567444,-0.5351693630218506,-0.21597085893154144,0.3003568649291992
-0.20360295474529266,1.2652428150177002,5.47007417678833,0.0751190111041069,0.3755950629711151,0.3755950629711151,0.9611867666244507,0.006918146274983883,-0.17071941494941711,0.21662651002407074
-0.2096382975578308,1.2753677368164062,5.493207931518555,0.07806339114904404,0.3903169333934784,0.3903169631958008,0.8823597431182861,-0.4238091707229614,0.045288536697626114,0.19943925738334656
-0.21587687730789185,1.2856764793395996,5.517189979553223,0.0688316747546196,0.3441583514213562,0.3441583514213562,0.8943613767623901,-0.29576364159584045,-0.2698908746242523,0.19950054585933685
-0.2223953902721405,1.2959229946136475,5.542478561401367,0.08257948607206345,0.41289734840393066,0.41289734840393066,0.9500766396522522,-0.11742301285266876,0.19526726007461548,0.2131594866514206
-0.22927060723304749,1.3058619499206543,5.569533824920654,0.06765184551477432,0.3382592499256134,0.3382592499256134,0.7955187559127808,-0.5143260955810547,-0.17337080836296082,0.26937174797058105
-0.23381242156028748,1.3118457794189453,5.587662696838379,0.06818059831857681,0.34090298414230347,0.34090298414230347,0.9351977109909058,0.010203949175775051,-0.19823762774467468,0.2932627201080322
-0.0999675914645195,1.2956005334854126,5.006217002868652,0.06547241657972336,0.3273620903491974,0.3273620903491974,0.8175886273384094,-0.3658836781978607,0.327629417181015,-0.30056101083755493
-0.0939435288310051,1.3082259893417358,5.028883934020996,0.06900034844875336,0.3450017273426056,0.3450017273426056,0.8721503019332886,-0.47231459617614746,-0.06507134437561035,-0.10972002148628235
-0.08764886856079102,1.320415735244751,5.051178932189941,0.06709036231040955,0.33545178174972534,0.33545178174972534,0.9749433398246765,-0.1375788003206253,0.10027222335338593,-0.1431889832019806
-0.08118578791618347,1.3323347568511963,5.073243141174316,0.07633515447378159,0.3816757798194885,0.3816757798194885,0.8221778273582458,-0.4636842906475067,0.29389122128486633,-0.15049399435520172
-0.07465651631355286,1.3441472053527832,5.095216274261475,0.07762234658002853,0.3881117105484009,0.3881116807460785,0.8841843008995056,-0.3899109661579132,-0.08750039339065552,-0.24193234741687775
-0.06816322356462479,1.3560175895690918,5.1172380447387695,0.07118918001651764,0.3559459447860718,0.3559459447860718,0.9464863538742065,-0.20558807253837585,0.20326122641563416,-0.14346438646316528
-0.06180812790989876,1.368110179901123,5.1394500732421875,0.07764779776334763,0.3882390260696411,0.3882389962673187,0.79912930727005,-0.558014988899231,0.16390745341777802,-0.15213805437088013
-0.055693406611680984,1.3805896043777466,5.16199254989624,0.06764107197523117,0.33820536732673645,0.33820536732673645,0.9440222382545471,-0.21853868663311005,-0.19745789468288422,-0.14857067167758942
-0.049921270459890366,1.393620252609253,5.185005187988281,0.08403131365776062,0.4201565682888031,0.4201565384864807,0.8929466605186462,-0.3024378716945648,0.26222074031829834,-0.2059560865163803
-0.04459391534328461,1.407366394996643,5.2086286544799805,0.07178577035665512,0.3589288294315338,0.3589288294315338,0.788538932800293,-0.5992544889450073,-0.09986823052167892,-0.09553423523902893
-0.03981352597475052,1.4219924211502075,5.23300313949585,0.06482084095478058,0.3241042196750641,0.3241041898727417,0.9428383708000183,-0.20609867572784424,0.025044281035661697,-0.260675847530365
-0.0356823094189167,1.437662959098816,5.258269309997559,0.08164962381124496,0.4082481265068054,0.4082481265068054,0.7786916494369507,-0.5691269636154175,0.14032334089279175,-0.22370316088199615
-0.032308902591466904,1.454493761062622,5.284493923187256,0.06627726554870605,0.3313863277435303,0.3313863277435303,0.9386543035507202,-0.3088807165622711,-0.13563419878482819,0.07158329337835312
-0.02992892824113369,1.4711947441101074,5.309688091278076,0.07001025974750519,0.35005125403404236,0.35005125403404236,0.9306645393371582,-0.300730437040329,0.18903371691703796,-0.08769812434911728
-0.028518570587038994,1.4872480630874634,5.333153247833252,0.07274361699819565,0.36371809244155884,0.36371809244155884,0.7731183767318726,-0.6277055740356445,-0.09095985442399979,-5.994004459353164e-05
-0.027939338237047195,1.5028116703033447,5.355226039886475,0.0811811238527298,0.4059056043624878,0.4059055745601654,0.9759848713874817,-0.11947052925825119,-0.11613655835390091,0.14033040404319763
-0.028052739799022675,1.5180444717407227,5.376247406005859,0.07567542791366577,0.37837710976600647,0.37837713956832886,0.8306806683540344,-0.4815172255039215,0.23358559608459473,-0.1534554660320282
-0.02872028388082981,1.5331047773361206,5.396553993225098,0.08150320500135422,0.4075160324573517,0.4075160324573517,0.8052448630332947,-0.4845797121524811,-0.3018723428249359,0.16011345386505127
-0.029803484678268433,1.5481512546539307,5.416485786437988,0.07903143018484116,0.395157128572464,0.395157128572464,0.9722466468811035,-0.15824835002422333,0.09358369559049606,0.1446927785873413
-0.03116384707391262,1.5633422136306763,5.436379909515381,0.0797693207859993,0.3988465368747711,0.3988465666770935,0.8085017204284668,-0.5792804956436157,0.10096347332000732,0.023779520764946938
-0.03266288712620735,1.5788363218307495,5.456575393676758,0.07647988945245743,0.38239943981170654,0.38239943981170654,0.9075375199317932,-0.35826748609542847,-0.2139551192522049,0.04736312851309776
-0.03416210785508156,1.594792127609253,5.477410316467285,0.06504056602716446,0.3252028226852417,0.3252028226852417,0.9272123575210571,-0.2762949466705322,0.24397127330303192,0.0664559155702591
-0.03552302345633507,1.61136794090271,5.499224662780762,0.064920574426651,0.324602872133255,0.3246029019355774,0.7125619053840637,-0.686674952507019,-0.026343680918216705,0.14155957102775574
-0.03660714253783226,1.6287226676940918,5.522355556488037,0.06560755521059036,0.32803773880004883,0.3280377686023712,0.9623069763183594,-0.1419358253479004,-0.23105593025684357,-0.020801303908228874
-0.037275973707437515,1.6470144987106323,5.547141075134277,0.07822558283805847,0.39112791419029236,0.39112791419029236,0.8663750886917114,-0.4584933817386627,0.17285987734794617,-0.09642378240823746
0.12034521996974945,-0.4813739061355591,4.92110013961792,0.0902431383728981,0.4512156546115875,0.4512156546115875,0.3872160315513611,-0.3914780616760254,0.11906623840332031,-0.826215386390686
0.12551389634609222,-0.4839910566806793,4.93963623046875,0.07529187202453613,0.3764593303203583,0.3764593005180359,0.41921621561050415,0.12046855688095093,0.15518486499786377,-0.8863762021064758
0.13069821894168854,-0.4865410625934601,4.9579033851623535,0.07596169412136078,0.3798084855079651,0.3798084855079651,0.49646058678627014,-0.31951770186424255,0.45570558309555054,-0.6661589741706848
0.13589370250701904,-0.489043265581131,4.975980281829834,0.07890821248292923,0.39454102516174316,0.39454105496406555,0.4344312846660614,-0.14779876172542572,0.011356387287378311,-0.8884233236312866
0.1410958170890808,-0.4915171265602112,4.993943691253662,0.08549826592206955,0.42749130725860596,0.42749130725860596,0.41953641176223755,0.00846718531101942,0.41600218415260315,-0.8067587614059448
0.14630001783370972,-0.4939819276332855,5.011870384216309,0.07938629388809204,0.3969314992427826,0.3969314694404602,0.52647864818573,-0.42878255248069763,0.12503495812416077,-0.7234169244766235
0.1515018343925476,-0.496457040309906,5.029838562011719,0.08181659877300262,0.40908294916152954,0.40908294916152954,0.48148760199546814,0.05713927745819092,0.11338786035776138,-0.8672069907188416
0.15669672191143036,-0.498961865901947,5.04792594909668,0.07174414396286011,0.35872071981430054,0.35872069001197815,0.49217575788497925,-0.20195674896240234,0.3950633704662323,-0.7489334940910339
0.16188016533851624,-0.5015157461166382,5.066209316253662,0.07242539525032043,0.3621269762516022,0.3621269762516022,0.4876658618450165,-0.22151584923267365,-0.02458183467388153,-0.8441022038459778
0.1670476496219635,-0.5041380524635315,5.084765911102295,0.08589576184749603,0.42947882413864136,0.42947879433631897,0.4647858440876007,0.046097613871097565,0.31350642442703247,-0.8267785906791687
0.17219464480876923,-0.506848156452179,5.103673934936523,0.08911699056625366,0.44558489322662354,0.44558489322662354,0.43604469299316406,-0.31397536396980286,0.2339712530374527,-0.810272753238678
0.17731663584709167,-0.5096654295921326,5.12300968170166,0.07219764590263367,0.3609882593154907,0.36098822951316833,0.42515403032302856,0.08393992483615875,0.00901801697909832,-0.9011752605438232
0.1824091076850891,-0.5126092433929443,5.142851829528809,0.06924419850111008,0.3462209701538086,0.3462209701538086,0.4464753270149231,-0.14439256489276886,0.402427613735199,-0.786042332649231
0.1874675750732422,-0.5156989693641663,5.1632771492004395,0.08370493352413177,0.4185246527194977,0.4185246527194977,0.4474171996116638,-0.2201288938522339,0.05286332219839096,-0.8651974201202393
0.19248747825622559,-0.5189539194107056,5.184362888336182,0.08499224483966827,0.4249611794948578,0.4249612092971802,0.45430415868759155,0.06310733407735825,0.25513550639152527,-0.851193904876709
0.19746430218219757,-0.5223935842514038,5.2061872482299805,0.0811079815030098,0.40553992986679077,0.405539870262146,0.5293294787406921,-0.25160232186317444,0.312849223613739,-0.7474167943000793
0.20232489705085754,-0.5259782671928406,5.228463649749756,0.07949695736169815,0.39748477935791016,0.39748474955558777,0.46849822998046875,-0.0929141715168953,-0.1307283639907837,-0.8687844276428223
0.20680293440818787,-0.5294837355613708,5.249806880950928,0.07168495655059814,0.3584247827529907,0.35842475295066833,0.4700373709201813,0.1189737468957901,0.38148659467697144,-0.7870057821273804
0.21091030538082123,-0.5329007506370544,5.270198822021484,0.07446645945310593,0.37233227491378784,0.37233230471611023,0.48321056365966797,-0.29631054401397705,0.2536700367927551,-0.7838106155395508
0.21469064056873322,-0.5362457633018494,5.289785861968994,0.08340808004140854,0.4170403480529785,0.4170403480529785,0.4089600145816803,0.017597582191228867,-0.020891699939966202,-0.9121434092521667
0.21818757057189941,-0.5395355224609375,5.308713912963867,0.06810170412063599,0.34050849080085754,0.34050849080085754,0.289154052734375,-0.0054522790014743805,0.48021548986434937,-0.8281022310256958
0.2214447557926178,-0.5427865982055664,5.327128887176514,0.07805681228637695,0.39028406143188477,0.3902840316295624,0.36960962414741516,-0.326907753944397,0.03277488425374031,-0.8691638708114624
0.22450584173202515,-0.546015739440918,5.345176696777344,0.07388560473918915,0.36942803859710693,0.36942797899246216,0.46152588725090027,0.22046102583408356,0.10981691628694534,-0.8522505760192871
0.22741439938545227,-0.549239456653595,5.363002300262451,0.08803021907806396,0.44015106558799744,0.44015103578567505,0.2347021847963333,-0.19480948150157928,0.4275994300842285,-0.8509541153907776
0.23021411895751953,-0.5524745583534241,5.380753517150879,0.07691117376089096,0.384555846452713,0.3845558166503906,0.422619491815567,-0.1337847113609314,-0.001579592120833695,-0.8963771462440491
0.2329486608505249,-0.5557375550270081,5.398573875427246,0.08300799876451492,0.41503995656967163,0.41503992676734924,0.3820786774158478,0.20858825743198395,0.30677372217178345,-0.8464022278785706
0.23566167056560516,-0.5590452551841736,5.4166107177734375,0.07751353085041046,0.3875676393508911,0.3875676393508911,0.38590237498283386,-0.34909483790397644,0.3646007180213928,-0.7721906900405884
0.23839673399925232,-0.5624141693115234,5.435009956359863,0.08219101279973984,0.4109551012516022,0.4109550416469574,0.3620169460773468,-0.040310997515916824,-0.03958543762564659,-0.9304578304290771
0.24119754135608673,-0.5658609867095947,5.453917026519775,0.07470156252384186,0.3735077977180481,0.3735077977180481,0.3940885365009308,0.10174726694822311,0.38243329524993896,-0.8295097947120667
0.2441076934337616,-0.5694024562835693,5.473477840423584,0.07090573757886887,0.35452866554260254,0.35452866554260254,0.38697975873947144,-0.3916158974170685,0.22212117910385132,-0.8047023415565491
0.24717086553573608,-0.5730550289154053,5.493838310241699,0.08297904580831528,0.414895236492157,0.4148952066898346,0.30300915241241455,0.08431453257799149,0.008570712059736252,-0.949211835861206
0.2504306733608246,-0.576835572719574,5.515144348144531,0.06574089080095291,0.3287044167518616,0.3287043869495392,0.34164559841156006,-0.06293091177940369,0.444893479347229,-0.8254621624946594
0.2539249658584595,-0.5807527303695679,5.5374932289123535,0.06642264127731323,0.33211323618888855,0.3321131765842438,0.2724721431732178,-0.28092721104621887,-0.03936062380671501,-0.9193963408470154
0.2574923038482666,-0.584564745426178,5.559424877166748,0.08277027308940887,0.41385141015052795,0.41385141015052795,0.36615556478500366,0.17567281424999237,0.24993951618671417,-0.8789763450622559
0.26103153824806213,-0.5881736874580383,5.5803093910217285,0.08281733095645905,0.4140866696834564,0.41408663988113403,0.4192967414855957,-0.3035714030265808,0.3595775067806244,-0.7763624787330627
0.264527827501297,-0.5916093587875366,5.600297927856445,0.08144845068454742,0.4072422683238983,0.40724220871925354,0.3475956618785858,-0.052034374326467514,-0.028569629415869713,-0.9357635974884033
0.26796653866767883,-0.5949020981788635,5.619543075561523,0.07179267704486847,0.35896337032318115,0.35896334052085876,0.4549482762813568,0.03274170309305191,0.35630106925964355,-0.8154751062393188
0.27133283019065857,-0.5980818867683411,5.638195991516113,0.08575408160686493,0.42877036333084106,0.42877036333084106,0.37238579988479614,-0.2904161810874939,0.18114830553531647,-0.8626543879508972
0.27461203932762146,-0.6011788249015808,5.656407356262207,0.07889433205127716,0.3944717049598694,0.394471675157547,0.39118435978889465,0.15406334400177002,0.018905993551015854,-0.9071283340454102
0.2777894139289856,-0.6042228937149048,5.6743292808532715,0.08447569608688354,0.4223784804344177,0.4223784804344177,0.4106613099575043,-0.10324099659919739,0.4950837194919586,-0.7586769461631775
0.28085023164749146,-0.6072443127632141,5.692112922668457,0.07902905344963074,0.3951452076435089,0.3951452076435089,0.40074074268341064,-0.3033813536167145,-0.021049706265330315,-0.8642473816871643
0.28377968072891235,-0.6102731823921204,5.709909439086914,0.08654193580150604,0.432709664106369,0.432709664106369,0.3270210027694702,0.2554168403148651,0.1931890994310379,-0.8890992403030396
0.28656306862831116,-0.6133395433425903,5.727870464324951,0.07402113080024719,0.3701056241989136,0.3701056241989136,0.3410147428512573,-0.290964275598526,0.40383920073509216,-0.7974726557731628
0.28918564319610596,-0.6164734363555908,5.746147155761719,0.06475881487131119,0.32379406690597534,0.32379406690597534,0.22968600690364838,-0.05318402498960495,0.02165699377655983,-0.9715692400932312
0.2916327118873596,-0.619705080986023,5.764891147613525,0.08170588314533234,0.40852946043014526,0.40852946043014526,0.1720699518918991,0.07584143429994583,0.4547390937805176,-0.8705471754074097
0.29388946294784546,-0.623064398765564,5.78425407409668,0.07564550638198853,0.3782275319099426,0.37822750210762024,0.21041961014270782,-0.3512922525405884,0.023891117423772812,-0.912001371383667
0.29594120383262634,-0.626581609249115,5.804387092590332,0.06483639031648636,0.3241818845272064,0.3241819143295288,0.24195365607738495,0.23769518733024597,0.12305748462677002,-0.9326394200325012
0.297773152589798,-0.630286693572998,5.825440883636475,0.06836197525262833,0.34180983901023865,0.34180986881256104,0.060739871114492416,-0.249445378780365,0.4346018433570862,-0.8632548451423645
0.2993706166744232,-0.6342097520828247,5.847568035125732,0.07154563814401627,0.35772818326950073,0.35772815346717834,0.1253741979598999,-0.0068917833268642426,-0.10537256300449371,-0.9864737391471863
0.30059120059013367,-0.6381915807723999,5.8701372146606445,0.085258349776268,0.42629173398017883,0.42629173398017883,0.012964945286512375,0.15783831477165222,0.45410385727882385,-0.8767603635787964
0.3012097179889679,-0.6418833136558533,5.891681671142578,0.06829367578029633,0.34146833419799805,0.34146827459335327,0.0009794906945899129,0.19534896314144135,-0.11834303289651871,0.973567008972168
0.3013004660606384,-0.6453248858451843,5.912293910980225,0.07343794405460358,0.3671897053718567,0.3671897053718567,0.03369031101465225,-0.26432278752326965,-0.06727501004934311,0.9614949226379395
0.3009464740753174,-0.6485686302185059,5.932117938995361,0.06542233377695084,0.3271116614341736,0.3271116316318512,0.11439792811870575,0.10843319445848465,-0.45288974046707153,0.8775228261947632
0.3002307415008545,-0.6516664028167725,5.951295852661133,0.07952013611793518,0.3976006805896759,0.3976006507873535,0.06032383441925049,0.07224605232477188,0.02859446592628956,0.9951502084732056
0.2992362678050995,-0.6546704173088074,5.969971656799316,0.07280147075653076,0.3640073537826538,0.36400729417800903,0.2007686048746109,-0.270908385515213,-0.2573833167552948,0.905568540096283
0.2980460226535797,-0.6576326489448547,5.98828649520874,0.07448979467153549,0.37244898080825806,0.37244898080825806,0.08770459145307541,0.14642545580863953,-0.2821379601955414,0.9440686702728271
0.2967430353164673,-0.6606051325798035,6.006384372711182,0.06408504396677017,0.32042524218559265,0.3204251825809479,0.19722716510295868,-0.09236995130777359,0.07800591737031937,0.9728742837905884
0.29541027545928955,-0.6636399626731873,6.024407386779785,0.06639797985553741,0.3319898545742035,0.3319898247718811,0.16667236387729645,-0.19549769163131714,-0.43391019105911255,0.8635525107383728
0.29413074254989624,-0.6667892932891846,6.042498588562012,0.08103801310062408,0.4051900804042816,0.40519005060195923,0.17189034819602966,0.25626853108406067,-0.10394807904958725,0.9455024600028992
0.2929874062538147,-0.67010498046875,6.060800075531006,0.0718742161989212,0.3593710958957672,0.35937097668647766,0.14250995218753815,-0.3105700612068176,-0.059500955045223236,0.9379215240478516
0.29206329584121704,-0.6736392974853516,6.079455375671387,0.07972242683172226,0.3986120820045471,0.3986120820045471,0.04868968948721886,0.05799105390906334,-0.3783433139324188,0.9225630760192871
0.2914413809776306,-0.6774442195892334,6.098607063293457,0.0830351784825325,0.4151758551597595,0.4151758551597595,0.030059490352869034,-0.10644286125898361,-0.05247194319963455,-0.9924782514572144
0.29120466113090515,-0.6815717816352844,6.1183977127075195,0.06788839399814606,0.3394419848918915,0.3394419550895691,0.08781280368566513,-0.15844972431659698,-0.27857768535614014,0.943173885345459
0.2914361357688904,-0.6860741376876831,6.138970375061035,0.07788075506687164,0.3894037902355194,0.38940373063087463,0.015424947254359722,-0.26222047209739685,0.23481382429599762,-0.9358766078948975
0.29221880435943604,-0.6910032033920288,6.160467147827148,0.07894335687160492,0.39471670985221863,0.39471668004989624,0.00731554115191102,0.14187398552894592,0.08409322798252106,-0.9862791299819946
0.2936030924320221,-0.6963646411895752,6.182834148406982,0.06430669873952866,0.3215334415435791,0.3215334713459015,0.17960727214813232,-0.0863027423620224,0.4514770209789276,-0.8697479963302612
0.2953367829322815,-0.7017677426338196,6.204394817352295,0.08371003717184067,0.41855016350746155,0.41855016350746155,0.28414228558540344,-0.19880832731723785,0.017004085704684258,-0.9377895593643188
0.2973317801952362,-0.7071269750595093,6.224860191345215,0.07095448672771454,0.3547724187374115,0.3547724485397339,0.23150745034217834,0.19879639148712158,0.23225699365139008,-0.9235480427742004
0.2995671331882477,-0.7124592661857605,6.244387149810791,0.0819769948720932,0.4098849296569824,0.4098849296569824,0.0969841331243515,-0.29182323813438416,0.4228613078594208,-0.8524209856987
0.302021861076355,-0.7177816033363342,6.263131141662598,0.07156655937433243,0.35783275961875916,0.35783278942108154,0.15925006568431854,0.01496900711208582,0.016255632042884827,-0.9869909286499023
0.30467489361763,-0.723111093044281,6.281249523162842,0.0811157301068306,0.4055785834789276,0.40557849407196045,0.26237815618515015,0.06872488558292389,0.5046252012252808,-0.8196268081665039
0.3075052797794342,-0.7284647226333618,6.298898696899414,0.06490959972143173,0.3245479464530945,0.3245479464530945,0.3524216413497925,-0.3344159722328186,0.18912294507026672,-0.8533448576927185
0.3104918897151947,-0.7338594198226929,6.316233158111572,0.07910836488008499,0.395541787147522,0.395541787147522,0.30089789628982544,0.08344759047031403,0.14141158759593964,-0.9394145607948303
0.3136138617992401,-0.7393122911453247,6.333410739898682,0.06910715252161026,0.3455357551574707,0.3455357551574707,0.27218788862228394,-0.06721094995737076,0.515691339969635,-0.8096041679382324
0.31685009598731995,-0.7448403239250183,6.350586891174316,0.06567610055208206,0.3283804953098297,0.3283804655075073,0.29263433814048767,-0.2677346169948578,0.07646593451499939,-0.9147875308990479
0.32017961144447327,-0.7504605054855347,6.367918491363525,0.06323432922363281,0.31617164611816406,0.31617167592048645,0.2688941955566406,0.14365574717521667,0.26073578000068665,-0.9160107970237732
0.32358139753341675,-0.7561899423599243,6.385561466217041,0.0783039927482605,0.3915199935436249,0.3915199637413025,0.2775265872478485,-0.19291719794273376,0.4009411334991455,-0.8514741063117981
0.3270344138145447,-0.7620455622673035,6.403672218322754,0.06299090385437012,0.3149544894695282,0.3149544596672058,0.22724582254886627,-0.07972946017980576,0.016825206577777863,-0.9704223275184631
0.33051764965057373,-0.7680443525314331,6.422407150268555,0.0765090361237526,0.3825451731681824,0.3825451731681824,0.15556038916110992,0.07682464271783829,0.4460330605506897,-0.878039538860321
0.33401018381118774,-0.7742034792900085,6.441922187805176,0.06733361631631851,0.33666810393333435,0.33666810393333435,0.2151363492012024,-0.31021976470947266,0.18823698163032532,-0.9066680073738098
0.33749088644981384,-0.780539870262146,6.462373733520508,0.07913414388895035,0.39567071199417114,0.39567068219184875,0.3284173905849457,0.18102796375751495,0.11088991165161133,-0.9203664064407349
0.3409388065338135,-0.7870704531669617,6.483917713165283,0.07178998738527298,0.3589499592781067,0.3589499294757843,0.3236009478569031,-0.059965744614601135,0.4413330852985382,-0.834812343120575
-0.45862457156181335,-0.4838842749595642,4.592069149017334,0.08307288587093353,0.4153643846511841,0.41536423563957214,0.1420668065547943,-0.1752808839082718,0.17246747016906738,-0.9588266611099243
-0.45815396308898926,-0.4949389100074768,4.627752780914307,0.06955544650554657,0.34777724742889404,0.34777724742889404,0.005216273479163647,0.24123230576515198,0.13159862160682678,-0.9614892601966858
-0.45819801092147827,-0.5054954290390015,4.663376331329346,0.0743497908115387,0.3717489242553711,0.3717488944530487,0.07383137941360474,-0.08038432151079178,0.4851580560207367,-0.8675879836082458
-0.45777788758277893,-0.5165011882781982,4.69905424118042,0.08484617620706558,0.4242308437824249,0.42423078417778015,0.02938724122941494,-0.10842025279998779,0.053481996059417725,-0.9922304153442383
-0.45591503381729126,-0.5289034843444824,4.734902381896973,0.06886014342308044,0.34430068731307983,0.34430065751075745,0.010675488039851189,0.1704985797405243,0.3916478753089905,-0.9041174054145813
-0.45163053274154663,-0.5436499118804932,4.771036624908447,0.06958122551441193,0.3479062020778656,0.3479061424732208,0.16430051624774933,-0.27037376165390015,0.31581178307533264,-0.8945201635360718
-0.4439457952976227,-0.5616876482963562,4.807571887969971,0.07919828593730927,0.39599138498306274,0.39599138498306274,0.2966333329677582,0.09562035650014877,0.1876676231622696,-0.9314753413200378
-0.4321036636829376,-0.583344578742981,4.844032287597656,0.089225634932518,0.44612812995910645,0.44612812995910645,0.08060801774263382,-0.14977915585041046,0.6180576086044312,-0.7675111293792725
-0.4174850285053253,-0.6044080257415771,4.875962257385254,0.06700042635202408,0.3350021243095398,0.3350020945072174,0.29376479983329773,-0.2844386696815491,0.11533866822719574,-0.9052590131759644
-0.40095990896224976,-0.6246833801269531,4.9033918380737305,0.07441230118274689,0.37206146121025085,0.37206146121025085,0.20442093908786774,-0.025532519444823265,0.53536057472229,-0.8191149234771729
-0.38306865096092224,-0.6451348066329956,4.927515029907227,0.07548739016056061,0.37743696570396423,0.3774369955062866,0.37954673171043396,-0.4599096477031708,0.5027211308479309,-0.6258584856987
-0.3643516004085541,-0.6667259931564331,4.949526786804199,0.08300694078207016,0.415034681558609,0.4150346517562866,0.22596167027950287,-0.05929366871714592,0.3132559657096863,-0.9204869866371155
-0.34534913301467896,-0.6904211044311523,4.970621585845947,0.08602207154035568,0.4301103353500366,0.4301103353500366,0.11877942085266113,-0.2187337875366211,0.6819459199905396,-0.687747597694397
-0.32660162448883057,-0.7171841859817505,4.991994380950928,0.08237020671367645,0.41185104846954346,0.4118509292602539,0.20795682072639465,-0.3118005692958832,0.31164512038230896,-0.8731619119644165
-0.3086493909358978,-0.7479792237281799,5.014839172363281,0.0852283388376236,0.4261416494846344,0.426141619682312,0.04790442809462547,-0.0009307354339398444,0.61979740858078,-0.7832977771759033
-0.29116228222846985,-0.7812296152114868,5.037162780761719,0.06700417399406433,0.33502084016799927,0.3350208103656769,0.18771840631961823,-0.35825830698013306,0.5625249147415161,-0.7210953831672668
-0.27343836426734924,-0.8132467865943909,5.054730415344238,0.07224519550800323,0.361225962638855,0.3612259030342102,0.0654870793223381,-0.03450680524110794,0.48843690752983093,-0.8694539070129395
-0.256508469581604,-0.8446229696273804,5.0689921379089355,0.08379910886287689,0.4189954996109009,0.4189954996109009,0.056003205478191376,-0.3040831685066223,0.8023853302001953,-0.5104653239250183
-0.2414347380399704,-0.8760346174240112,5.081505298614502,0.07076597213745117,0.35382986068725586,0.3538298010826111,0.2497745305299759,-0.1994553804397583,0.36801302433013916,-0.8731532692909241
-0.22927947342395782,-0.9081582427024841,5.0938286781311035,0.08570727705955505,0.4285363554954529,0.4285363554954529,0.1488349884748459,-0.07517045736312866,-0.7570071220397949,0.6317735314369202
-0.2211049199104309,-0.9416705965995789,5.10752010345459,0.06871701031923294,0.3435850143432617,0.34358498454093933,0.18124310672283173,-0.2517409026622772,0.6173276901245117,-0.7229688763618469
-0.2179732620716095,-0.9772480130195618,5.1241374015808105,0.07643920183181763,0.38219600915908813,0.38219600915908813,0.18225829303264618,-0.15654313564300537,-0.4125661551952362,0.8786724805831909
-0.22097796201705933,-1.0151333808898926,5.145027160644531,0.08281829208135605,0.41409143805503845,0.41409143805503845,0.1391489952802658,0.03797943890094757,-0.7371299862861633,0.6601776480674744
-0.23104675114154816,-1.04803466796875,5.167133808135986,0.0756867304444313,0.37843358516693115,0.37843355536460876,0.08334622532129288,0.0302350502461195,-0.2923448085784912,0.9521941542625427
-0.24695289134979248,-1.074967622756958,5.188747406005859,0.07988746464252472,0.3994373083114624,0.3994373083114624,0.38414397835731506,-0.31111130118370056,-0.5391192436218262,0.6819044351577759
-0.2669878304004669,-1.0983567237854004,5.209583759307861,0.06938382983207703,0.34691911935806274,0.34691908955574036,0.14991623163223267,-0.030353115871548653,-0.6346487402915955,0.7575122714042664
-0.28944289684295654,-1.1206262111663818,5.229357719421387,0.07523729652166367,0.37618643045425415,0.37618643045425415,0.4462834596633911,-0.23119387030601501,-0.38939347863197327,0.7718505263328552
-0.31260955333709717,-1.144200325012207,5.2477850914001465,0.07621372491121292,0.3810685873031616,0.3810685873031616,0.14440365135669708,-0.3738449513912201,-0.7051722407341003,0.5849099159240723
-0.33477917313575745,-1.1715034246444702,5.264580726623535,0.0640396773815155,0.3201983571052551,0.3201983571052551,0.23521235585212708,0.13536585867404938,-0.5070379376411438,0.8180854320526123
-0.35424312949180603,-1.204959750175476,5.279459476470947,0.07977890223264694,0.3988944888114929,0.39889445900917053,0.3273083567619324,-0.31149235367774963,-0.6076379418373108,0.6531599164009094
-0.369499534368515,-1.2439794540405273,5.291389465332031,0.0667164996266365,0.33358246088027954,0.3335825204849243,0.06087112054228783,0.12982484698295593,-0.7891145944595337,0.5972757935523987
-0.38074907660484314,-1.2812360525131226,5.298526763916016,0.07158534973859787,0.35792672634124756,0.35792672634124756,0.2328537553548813,-0.15092025697231293,-0.523195743560791,0.8057719469070435
-0.38899070024490356,-1.317074179649353,5.301863193511963,0.0657023936510086,0.32851195335388184,0.3285119831562042,0.09540831297636032,-0.07582096755504608,-0.8647994995117188,0.48710399866104126
-0.3952248692512512,-1.3524222373962402,5.302561283111572,0.0720769390463829,0.36038467288017273,0.36038467288017273,0.007550732232630253,-0.09340010583400726,0.6688950061798096,-0.7374271750450134
-0.40045204758644104,-1.3882091045379639,5.301783561706543,0.07819951325654984,0.3909975290298462,0.3909975290298462,0.2841050922870636,-0.1885104477405548,-0.7771824598312378,0.5289003252983093
-0.4056727886199951,-1.4253630638122559,5.300693511962891,0.07759515941143036,0.387975811958313,0.387975811958313,0.043935202062129974,-0.20769044756889343,0.8189718723297119,-0.5331223607063293
-0.41188761591911316,-1.464812994003296,5.3004560470581055,0.06665048748254776,0.3332524597644806,0.3332524299621582,0.1597457379102707,-0.21320225298404694,-0.5346489548683167,0.8019828796386719
-0.41904208064079285,-1.5024945735931396,5.301895618438721,0.07530081272125244,0.3765040338039398,0.3765040338039398,0.15544602274894714,-0.02239428088068962,-0.8567694425582886,0.49120384454727173
-0.4439772963523865,-0.5744221210479736,4.843724250793457,0.07142417877912521,0.35712090134620667,0.35712090134620667,0.5824891924858093,0.10767090320587158,-0.19674235582351685,0.7812846899032593
-0.4587111473083496,-0.5748064517974854,4.878035545349121,0.07080645114183426,0.3540322482585907,0.3540322482585907,0.6929168105125427,-0.36128678917884827,-0.051396772265434265,0.6218492984771729
-0.47310560941696167,-0.5746405124664307,4.9117112159729,0.07178764790296555,0.35893818736076355,0.35893818736076355,0.6208988428115845,-0.19660504162311554,-0.41305971145629883,0.636563241481781
-0.4874662756919861,-0.5744196772575378,4.945323944091797,0.06766486167907715,0.33832427859306335,0.33832424879074097,0.7718638777732849,-0.07452502101659775,-0.02327704429626465,0.6309757232666016
-0.5020984411239624,-0.5746391415596008,4.97944450378418,0.06868337839841843,0.3434169292449951,0.3434169292449951,0.611804723739624,-0.4734970033168793,-0.32597219944000244,0.543357789516449
-0.5173075795173645,-0.5757942199707031,5.014643669128418,0.08031084388494492,0.4015542268753052,0.4015541970729828,0.6174211502075195,-0.020306318998336792,-0.27351707220077515,0.7372700572013855
-0.5333990454673767,-0.5783800482749939,5.051492691040039,0.07170422375202179,0.35852116346359253,0.35852113366127014,0.5894190669059753,-0.3095646798610687,-0.05873582884669304,0.743844747543335
-0.5506782531738281,-0.5828919410705566,5.090561866760254,0.08361521363258362,0.4180760979652405,0.4180760681629181,0.48203063011169434,-0.2189491093158722,-0.46623289585113525,0.7087557315826416
-0.5684065818786621,-0.5894224047660828,5.1296892166137695,0.07418718189001083,0.37093591690063477,0.37093591690063477,0.6093392968177795,-0.050195951014757156,-0.163144052028656,0.774319052696228
-0.5849171280860901,-0.5972558856010437,5.164697170257568,0.07326370477676392,0.36631855368614197,0.3663185238838196,0.5181277394294739,-0.3673267364501953,-0.3318893313407898,0.6974698305130005
-0.6005082130432129,-0.6060765385627747,5.196890354156494,0.07218713313341141,0.36093565821647644,0.36093568801879883,0.5172163248062134,0.06075822189450264,-0.3804251551628113,0.7642462849617004
-0.6155271530151367,-0.6155830025672913,5.2277045249938965,0.0685521811246872,0.3427608907222748,0.3427608609199524,0.4507804214954376,-0.3254616856575012,-0.08912452310323715,0.8263948559761047
-0.6303213238716125,-0.6254740953445435,5.258577823638916,0.08284406363964081,0.41422030329704285,0.41422033309936523,0.3885987401008606,-0.1830112785100937,-0.5829638242721558,0.6896746158599854
-0.645237922668457,-0.6354484558105469,5.290945053100586,0.06519898027181625,0.3259948790073395,0.3259948790073395,0.35092997550964355,0.03704318776726723,-0.14029967784881592,0.9250902533531189
-0.6606243848800659,-0.6452047824859619,5.3262434005737305,0.08109911531209946,0.40549561381340027,0.4054955542087555,0.3777802288532257,-0.3498285710811615,-0.2011737823486328,0.8333253264427185
-0.6767261624336243,-0.6543957591056824,5.365675926208496,0.07480303943157196,0.3740151822566986,0.3740151822566986,0.46505841612815857,-0.07755620777606964,-0.4503765106201172,0.7581996321678162
-0.6912223696708679,-0.6617361903190613,5.404212951660156,0.06658913940191269,0.33294567465782166,0.33294564485549927,0.5280758738517761,-0.08707447350025177,-0.07631894946098328,0.8412665128707886
-0.7036087512969971,-0.667343020439148,5.440057754516602,0.07700705528259277,0.38503527641296387,0.38503527641296387,0.5594908595085144,-0.31158506870269775,-0.3154572546482086,0.7002652883529663
-0.7146754860877991,-0.6720089912414551,5.474235534667969,0.07609572261571884,0.38047856092453003,0.38047856092453003,0.5750311017036438,0.054795004427433014,-0.24442513287067413,0.7788408994674683
-0.725212574005127,-0.6765265464782715,5.507771968841553,0.08527910709381104,0.4263955056667328,0.42639556527137756,0.4578875005245209,-0.262402206659317,-0.08167714625597,0.8454660773277283
-0.7360103130340576,-0.6816882491111755,5.541691780090332,0.07605673372745514,0.3802837133407593,0.3802836835384369,0.3995489776134491,-0.1757112294435501,-0.41601648926734924,0.7977571487426758
-0.747859001159668,-0.6882867813110352,5.577021598815918,0.07125968486070633,0.35629841685295105,0.35629838705062866,0.42783865332603455,0.08241789788007736,-0.1076555922627449,0.8936283588409424
-0.7615488171577454,-0.6971146464347839,5.614785671234131,0.0719003900885582,0.3595019280910492,0.3595018982887268,0.33897995948791504,-0.4428051710128784,-0.15177035331726074,0.8160771131515503
-0.7770319581031799,-0.7083396911621094,5.654230117797852,0.06804171949625015,0.3402085304260254,0.3402085602283478,0.37944284081459045,-0.01539156399667263,-0.5363569259643555,0.753728985786438
-0.7917366623878479,-0.7200605273246765,5.689759254455566,0.07521785795688629,0.3760892450809479,0.3760892450809479,0.3567869961261749,-0.0521203987300396,-0.005420218221843243,0.9327148795127869
-0.8057540059089661,-0.7321314811706543,5.722073078155518,0.0659843385219574,0.3299216628074646,0.3299216628074646,0.380609393119812,-0.4160875380039215,-0.44410091638565063,0.6962628960609436
-0.8194752931594849,-0.7446205615997314,5.752540588378906,0.061983752995729446,0.3099187910556793,0.30991873145103455,0.264889657497406,0.16216802597045898,-0.4142990708351135,0.855506420135498
-0.8332918286323547,-0.7575958967208862,5.782528877258301,0.07762651890516281,0.38813263177871704,0.38813260197639465,0.4349096417427063,-0.2746376693248749,-0.12148863077163696,0.8489218354225159
-0.8475952744483948,-0.771125316619873,5.813406467437744,0.06495662033557892,0.324783056974411,0.3247830271720886,0.3783254027366638,-0.15568232536315918,-0.527552604675293,0.7445275187492371
-0.8627768158912659,-0.7852771282196045,5.846539497375488,0.08133107423782349,0.40665534138679504,0.40665531158447266,0.360821932554245,0.047265246510505676,-0.15481990575790405,0.9184793829917908
-0.8788579106330872,-0.7997921705245972,5.882458209991455,0.0677374079823494,0.3386870324611664,0.3386870324611664,0.31904327869415283,-0.3523179888725281,-0.2923774719238281,0.829818606376648
-0.21705549955368042,-1.015001893043518,5.138844966888428,0.08206211030483246,0.4103105962276459,0.4103105962276459,0.28097769618034363,-0.2589738965034485,0.8233145475387573,-0.4196870028972626
-0.2076295018196106,-1.0518932342529297,5.140201568603516,0.0810016542673111,0.40500831604003906,0.40500831604003906,0.03421618789434433,0.057439640164375305,-0.48620161414146423,0.8712852597236633
-0.19789160788059235,-1.088326334953308,5.14372444152832,0.07861566543579102,0.39307835698127747,0.39307835698127747,0.01561738457530737,-0.06345731765031815,0.8599256277084351,-0.5062184929847717
-0.18808604776859283,-1.1246601343154907,5.147716999053955,0.08419137448072433,0.4209568500518799,0.42095687985420227,0.1989588886499405,-0.24587395787239075,0.6277006268501282,-0.7113038897514343
-0.17845703661441803,-1.1612530946731567,5.150482654571533,0.07405544072389603,0.37027719616889954,0.37027719616889954,0.13360491394996643,-0.010934091173112392,-0.7343857288360596,0.6653628349304199
-0.16924884915351868,-1.198464274406433,5.150326728820801,0.07216436415910721,0.36082178354263306,0.36082178354263306,0.166691392660141,-0.33917883038520813,0.8382691144943237,-0.3930351138114929
-0.16070568561553955,-1.2366522550582886,5.145552635192871,0.07299426198005676,0.3649712800979614,0.3649712800979614,0.06801415979862213,-0.02330314926803112,0.7121046185493469,-0.6983824372291565
-0.1530718058347702,-1.2761757373809814,5.134463310241699,0.06683140993118286,0.33415699005126953,0.3341570496559143,0.13779212534427643,0.055208951234817505,-0.9574518799781799,0.24748994410037994
-0.14686062932014465,-1.315430760383606,5.11647367477417,0.07453665137290955,0.37268325686454773,0.37268325686454773,0.08926942199468613,-0.2547706663608551,0.827923595905304,-0.49159470200538635
-0.1429424285888672,-1.3482918739318848,5.094894886016846,0.08110187202692032,0.40550926327705383,0.4055093228816986,0.32304269075393677,-0.03791378065943718,-0.8891957998275757,0.3217712640762329
-0.14087066054344177,-1.375936508178711,5.070509910583496,0.07407991588115692,0.3703995943069458,0.3703995943069458,0.2078438103199005,-0.11849532276391983,0.9624148011207581,-0.1285206377506256
-0.1400909572839737,-1.4002320766448975,5.043781280517578,0.06338419020175934,0.3169209063053131,0.3169209361076355,0.01070990227162838,-0.07523968070745468,-0.8552336692810059,0.5126398801803589
-0.140049010515213,-1.4230456352233887,5.015171527862549,0.08334628492593765,0.4167313873767853,0.41673141717910767,0.186235249042511,-0.005741802044212818,-0.9811592698097229,-0.051087841391563416
-0.1401904821395874,-1.446244239807129,4.985141277313232,0.0632251724600792,0.3161257803440094,0.31612586975097656,0.27078738808631897,-0.013595374301075935,0.9219366908073425,-0.2766263782978058
-0.13996103405952454,-1.471695065498352,4.954153060913086,0.06192440912127495,0.30962201952934265,0.30962201952934265,0.21506716310977936,-0.09919292479753494,-0.8822698593139648,0.4068252146244049
-0.13880637288093567,-1.5012651681900024,4.92266845703125,0.07262914627790451,0.36314570903778076,0.36314576864242554,0.020238282158970833,-0.14109556376934052,0.9872534871101379,-0.07080303132534027
0.6309152245521545,0.8379136323928833,4.059023380279541,0.07591895014047623,0.37959474325180054,0.37959471344947815,0.3521522283554077,-0.039795421063899994,-0.04554298147559166,-0.9339866042137146
0.6369448304176331,0.8334324359893799,4.1001386642456055,0.06791533529758453,0.33957669138908386,0.3395766615867615,0.3808130919933319,-0.0032302618492394686,0.37106186151504517,-0.846926212310791
0.6427672505378723,0.8293127417564392,4.141132354736328,0.06786350160837173,0.3393174707889557,0.3393174707889557,0.33074185252189636,-0.31258106231689453,0.00029170571360737085,-0.8904508948326111
0.6491595506668091,0.824199378490448,4.182460784912109,0.08723077923059464,0.43615391850471497,0.43615391850471497,0.42885029315948486,0.1524849832057953,0.1693211942911148,-0.874165952205658
0.656899094581604,0.8167372345924377,4.224579811096191,0.08407961577177048,0.42039811611175537,0.4203980565071106,0.3546883463859558,-0.21769842505455017,0.39161738753318787,-0.8206335306167603
0.6667630672454834,0.8055714964866638,4.267946243286133,0.07074020057916641,0.3537009656429291,0.3537009358406067,0.45707425475120544,-0.15159934759140015,0.04994400218129158,-0.8749893307685852
0.6793943643569946,0.7893965840339661,4.31281852722168,0.08649858832359314,0.4324929416179657,0.43249285221099854,0.29255032539367676,0.13655729591846466,0.39119911193847656,-0.8618175983428955
0.6913414001464844,0.7690877318382263,4.353520393371582,0.0745895653963089,0.3729478120803833,0.3729477822780609,0.3025442659854889,-0.21982835233211517,0.46778538823127747,-0.8008241057395935
0.7019833326339722,0.746281087398529,4.388706207275391,0.06821966916322708,0.3410983681678772,0.3410983383655548,0.21376356482505798,-0.07082642614841461,0.21783864498138428,-0.94964998960495
0.7129374742507935,0.7220803499221802,4.420342445373535,0.07235857099294662,0.3617928624153137,0.3617928624153137,0.21917250752449036,0.08692268282175064,0.5883248448371887,-0.7734867334365845
0.7258211374282837,0.6975889801979065,4.450395584106445,0.06690879166126251,0.33454394340515137,0.33454394340515137,0.32705339789390564,-0.40106573700904846,0.42853042483329773,-0.7406376004219055
0.7422515153884888,0.6739107370376587,4.480831146240234,0.07475008815526962,0.3737504482269287,0.3737504184246063,0.3850889801979065,0.050398364663124084,0.245560884475708,-0.8881815075874329
0.7638458013534546,0.6521490812301636,4.513615608215332,0.07652538269758224,0.38262689113616943,0.38262686133384705,0.293428897857666,-0.19219504296779633,0.5956403017044067,-0.7226154804229736
0.7915408611297607,0.6332679390907288,4.5497894287109375,0.07712259143590927,0.38561296463012695,0.38561293482780457,0.48376917839050293,-0.3426470458507538,0.25014808773994446,-0.7654974460601807
0.8203740119934082,0.616876482963562,4.582563400268555,0.0729776918888092,0.36488842964172363,0.36488842964172363,0.4046783745288849,-0.09454767405986786,0.45592594146728516,-0.7870372533798218
0.8496053218841553,0.6031796336174011,4.611255645751953,0.07459885627031326,0.3729942739009857,0.3729942739009857,0.4877980947494507,-0.43858495354652405,0.5190312266349792,-0.5479989051818848
0.8799732327461243,0.5926592350006104,4.63723087310791,0.07691929489374161,0.38459646701812744,0.38459643721580505,0.6053252220153809,-0.267063707113266,0.25741368532180786,-0.7042701840400696
0.9122159481048584,0.5857969522476196,4.6618547439575195,0.08497794717550278,0.42488962411880493,0.42488962411880493,0.3246322274208069,-0.2520443797111511,0.6327274441719055,-0.6563105583190918
0.9470715522766113,0.5830747485160828,4.686491966247559,0.08107241243124008,0.4053620398044586,0.40536201000213623,0.6613690853118896,-0.5180235505104065,0.3033074140548706,-0.4497189521789551
0.985278308391571,0.5849742889404297,4.712506294250488,0.07825552672147751,0.39127758145332336,0.391277551651001,0.6977077722549438,-0.23408770561218262,0.346352219581604,-0.5817620158195496
1.0257707834243774,0.591744601726532,4.739940166473389,0.08274080604314804,0.4137040078639984,0.4137040078639984,0.5337207317352295,-0.5103970170021057,0.49933138489723206,-0.453106164932251
1.0622782707214355,0.6025768518447876,4.764298915863037,0.07815182954072952,0.390759140253067,0.390759140253067,0.7701576352119446,-0.49543866515159607,0.16861583292484283,-0.3646456301212311
1.09566330909729,0.6170877814292908,4.785403728485107,0.07713432610034943,0.38567161560058594,0.38567161560058594,0.7063695788383484,-0.32518890500068665,0.42839479446411133,-0.46018701791763306
1.1276156902313232,0.6349766850471497,4.803639888763428,0.07245779782533646,0.3622889816761017,0.3622889220714569,0.5793910622596741,-0.6843467354774475,0.3596855401992798,-0.2580733895301819
1.1598255634307861,0.6559427976608276,4.819390296936035,0.07046102732419968,0.3523051142692566,0.3523051142692566,0.8142626285552979,-0.4838343560695648,0.17272460460662842,-0.2702718675136566
1.1939826011657715,0.6796853542327881,4.833039283752441,0.08061222732067108,0.4030611217021942,0.4030611515045166,0.5703760385513306,-0.5481391549110413,0.42846599221229553,-0.43661391735076904
1.2317765951156616,0.7059037089347839,4.844971656799316,0.07741159945726395,0.3870581388473511,0.3870581388473511,0.5567566156387329,-0.8023364543914795,0.18149034678936005,-0.1154971495270729
1.2710765600204468,0.7332563996315002,4.85399866104126,0.07454346865415573,0.37271735072135925,0.37271732091903687,0.7329295873641968,-0.4843258857727051,0.29963281750679016,-0.3721058964729309
1.305729627609253,0.7597899436950684,4.857820510864258,0.07340948283672333,0.36704742908477783,0.36704742908477783,0.43227827548980713,-0.6878392100334167,0.5419058799743652,-0.2152920663356781
1.3372563123703003,0.7860469818115234,4.857755184173584,0.06698118150234222,0.3349059820175171,0.3349059820175171,0.6021201610565186,-0.7837880849838257,0.027022819966077805,-0.1496572196483612
1.3674166202545166,0.8126412630081177,4.855223178863525,0.07813509553670883,0.39067545533180237,0.39067545533180237,0.6187998056411743,-0.5014675855636597,0.500020444393158,-0.3399951756000519
1.397970199584961,0.8401864767074585,4.851647853851318,0.08243561536073685,0.412178099155426,0.4121781289577484,0.3588009774684906,-0.8628683686256409,0.2784576416015625,-0.2217688113451004
1.4306771755218506,0.8692964315414429,4.848450660705566,0.07869613915681839,0.3934807777404785,0.3934807777404785,0.7617841362953186,-0.5782814621925354,0.14387185871601105,-0.25411874055862427
1.4672975540161133,0.9005848169326782,4.847053527832031,0.07437678426504135,0.37188389897346497,0.37188389897346497,0.37619516253471375,-0.6483989357948303,0.5360869765281677,-0.3881581425666809
0.676388144493103,0.7956430315971375,4.312098979949951,0.0839528888463974,0.4197644293308258,0.4197644293308258,0.8894965648651123,-0.33619239926338196,-0.2433098405599594,0.1912352740764618
0.6745301485061646,0.8080055117607117,4.352417469024658,0.07685486227273941,0.38427433371543884,0.38427430391311646,0.9931274056434631,-0.028183497488498688,0.051203593611717224,0.10139947384595871
0.6724178791046143,0.8198511004447937,4.391826629638672,0.08296409249305725,0.41482046246528625,0.41482046246528625,0.8795591592788696,-0.45174723863601685,0.09549364447593689,0.1148088127374649
0.6703131198883057,0.8317117691040039,4.431262016296387,0.088788703083992,0.44394347071647644,0.44394347071647644,0.9496912956237793,-0.18385347723960876,-0.23300138115882874,0.09997346252202988
0.668477475643158,0.844119668006897,4.471660614013672,0.08723336458206177,0.43616682291030884,0.43616682291030884,0.9688214063644409,-0.13072432577610016,0.20098838210105896,0.06244925782084465
0.6671727895736694,0.8576065897941589,4.5139594078063965,0.07784996926784515,0.3892498314380646,0.3892498314380646,0.8403071165084839,-0.5327262878417969,-0.09774236381053925,0.023089002817869186
0.6666606664657593,0.8727046847343445,4.559094429016113,0.08646351099014282,0.4323176145553589,0.4323176145553589,0.9890525341033936,0.0294918492436409,-0.12206462025642395,-0.07749618589878082
0.6669760942459106,0.8891655206680298,4.605486869812012,0.0774398148059845,0.3871990442276001,0.3871990740299225,0.8465548157691956,-0.4457032084465027,0.2583688199520111,-0.13393719494342804
0.6676400899887085,0.9050178527832031,4.6469621658325195,0.0800623968243599,0.40031197667121887,0.40031197667121887,0.9331703782081604,-0.28537410497665405,-0.218510702252388,-0.002790114376693964
0.6687662601470947,0.9203742146492004,4.685088157653809,0.0800541564822197,0.40027081966400146,0.4002707898616791,0.9597398638725281,-0.13136839866638184,0.19749251008033752,-0.15046101808547974
0.6705141663551331,0.9355078935623169,4.72198486328125,0.0847480371594429,0.4237401783466339,0.4237401783466339,0.8679919838905334,-0.46736788749694824,-0.05047513544559479,-0.16002944111824036
0.6730435490608215,0.9506919980049133,4.759771347045898,0.0817985013127327,0.40899255871772766,0.4089925289154053,0.9920520782470703,-0.1137184426188469,-0.04299398511648178,-0.032438669353723526
0.6765140295028687,0.9661996364593506,4.800568103790283,0.06926479190587997,0.3463239371776581,0.3463239371776581,0.9014680981636047,-0.3387734591960907,0.24395966529846191,-0.11433061212301254
0.6810690760612488,0.9822818040847778,4.8462958335876465,0.06725285947322845,0.3362642824649811,0.3362642824649811,0.9017021059989929,-0.38496193289756775,-0.1845518946647644,-0.06839752942323685
0.686143159866333,0.9981019496917725,4.8903326988220215,0.08364231884479523,0.41821154952049255,0.41821154952049255,0.9828749299049377,0.04799322411417961,0.11917957663536072,-0.1320973038673401
0.6915008425712585,1.0129295587539673,4.930133819580078,0.07366893440485,0.36834466457366943,0.3683446943759918,0.8093729615211487,-0.5135086178779602,0.1997864991426468,-0.20324772596359253
0.697294294834137,1.026503086090088,4.967858791351318,0.06719498336315155,0.33597490191459656,0.33597490191459656,0.9472602009773254,-0.2073245346546173,-0.22053411602973938,-0.1052587628364563
0.703675389289856,1.0385608673095703,5.005666732788086,0.07495945692062378,0.3747972548007965,0.3747972548007965,0.9463739395141602,-0.11490079760551453,0.22155331075191498,-0.20515437424182892
0.7107962369918823,1.0488412380218506,5.045718193054199,0.07325052469968796,0.3662526309490204,0.3662526309490204,0.8677380084991455,-0.43104463815689087,0.10812631249427795,-0.22257576882839203
0.7188090085983276,1.0570827722549438,5.0901713371276855,0.06482289731502533,0.32411450147628784,0.32411447167396545,0.8406645059585571,0.0025231032632291317,-0.17570121586322784,-0.5122557282447815
0.7274982929229736,1.0625728368759155,5.138188362121582,0.08308462053537369,0.41542309522628784,0.41542309522628784,0.7418137788772583,-0.10406132787466049,0.4406997859477997,-0.49463850259780884
0.735819399356842,1.0641387701034546,5.1817402839660645,0.07251100242137909,0.3625550866127014,0.3625550866127014,0.6920164823532104,-0.3050781786441803,0.06022750958800316,-0.6514699459075928
0.7439188957214355,1.0627115964889526,5.222042083740234,0.06578825414180756,0.32894131541252136,0.328941285610199,0.6700270175933838,0.14526338875293732,-0.019080979749560356,-0.7277349829673767
0.7520469427108765,1.0593736171722412,5.261136054992676,0.0824880376458168,0.4124402105808258,0.4124402105808258,0.5445852279663086,-0.08215973526239395,0.49037879705429077,-0.6754297614097595
0.7604537606239319,1.055206537246704,5.301064491271973,0.07941630482673645,0.39708149433135986,0.3970814645290375,0.5516595840454102,-0.2836381494998932,0.06590061634778976,-0.7815869450569153
0.7693895101547241,1.0512930154800415,5.343870162963867,0.08204027265310287,0.4102013111114502,0.4102013111114502,0.5285926461219788,0.2020045667886734,0.12966406345367432,-0.8142304420471191
0.7776843309402466,1.0489556789398193,5.384523391723633,0.07500268518924713,0.37501344084739685,0.37501344084739685,0.5989375114440918,-0.33130642771720886,0.363565593957901,-0.631925642490387
1.0178996324539185,0.5801017880439758,4.742458343505859,0.07682783156633377,0.38413918018341064,0.38413918018341064,0.46949219703674316,-0.28274762630462646,0.1729472130537033,-0.8183642625808716
1.0434644222259521,0.5662776827812195,4.773357391357422,0.07795345783233643,0.3897673189640045,0.3897673189640045,0.3932814598083496,0.03613186627626419,0.5836008191108704,-0.7095310091972351
1.0682812929153442,0.5514015555381775,4.8039937019348145,0.07138393819332123,0.35691970586776733,0.35691970586776733,0.5072710514068604,-0.43323224782943726,0.4461021423339844,-0.5966396331787109
1.093640685081482,0.5372886061668396,4.834820747375488,0.07984627038240433,0.39923131465911865,0.39923128485679626,0.48797449469566345,-0.15839046239852905,0.24778327345848083,-0.8218252658843994
1.120833396911621,0.5257542133331299,4.866291522979736,0.0672924593091011,0.33646225929260254,0.33646222949028015,0.3406989872455597,-0.27614879608154297,0.5567563772201538,-0.7054703235626221
1.151150107383728,0.5186136364936829,4.898859024047852,0.06752774864435196,0.3376387059688568,0.3376387059688568,0.6921730041503906,-0.4040207266807556,0.20696388185024261,-0.5610969066619873
1.1858623027801514,0.5176796913146973,4.932960033416748,0.07613522559404373,0.3806760907173157,0.3806760609149933,0.6928462982177734,-0.16121144592761993,0.371687114238739,-0.5965095162391663
1.2206406593322754,0.5234269499778748,4.9641828536987305,0.06979620456695557,0.34898102283477783,0.34898099303245544,0.5769864916801453,-0.5407931208610535,0.40071412920951843,-0.4626637399196625
1.2524282932281494,0.5343801379203796,4.99021053314209,0.06969007104635239,0.34845036268234253,0.34845036268234253,0.8450878858566284,-0.36480918526649475,0.02453799359500408,-0.39004945755004883
1.2826470136642456,0.5491889715194702,5.013017177581787,0.07592547684907913,0.37962737679481506,0.37962737679481506,0.6440500617027283,-0.3599300980567932,0.47537490725517273,-0.47923743724823
1.3127193450927734,0.5665029883384705,5.034579277038574,0.06603194773197174,0.3301597535610199,0.3301597237586975,0.6173388957977295,-0.7050301432609558,0.17020440101623535,-0.30472227931022644
1.3440674543380737,0.5849719643592834,5.056870460510254,0.07838239520788193,0.3919120132923126,0.39191195368766785,0.7524498105049133,-0.22414429485797882,0.17661616206169128,-0.5936205387115479
1.3781132698059082,0.6032454371452332,5.0818657875061035,0.08050037175416946,0.4025018513202667,0.4025018513202667,0.6034885048866272,-0.5386769771575928,0.5037813782691956,-0.30303966999053955
1.3957295417785645,0.6115057468414307,5.095325469970703,0.06368353217840195,0.31841766834259033,0.3184176981449127,0.7441531419754028,-0.5321354269981384,-0.00868405681103468,-0.4037233293056488
0.7249986529350281,1.0815458297729492,5.123908519744873,0.07705062627792358,0.38525307178497314,0.38525310158729553,0.8693029284477234,-0.44498664140701294,0.2071603387594223,-0.0581718273460865
0.729739785194397,1.1144204139709473,5.149151802062988,0.08394946157932281,0.4197474420070648,0.41974738240242004,0.6461957693099976,-0.7594961524009705,-0.05854600667953491,-0.04657228663563728
0.7344078421592712,1.1467888355255127,5.174006462097168,0.0661078691482544,0.330539345741272,0.330539345741272,0.9634682536125183,-0.24504788219928741,-0.0905790776014328,-0.05895688012242317
0.7391008138656616,1.1793293952941895,5.19899320602417,0.0654485747218132,0.32724282145500183,0.3272428512573242,0.7632738947868347,-0.5858638882637024,0.2685994505882263,-0.04506431892514229
0.7439165115356445,1.2127208709716797,5.224632740020752,0.06392676383256912,0.3196338713169098,0.3196339011192322,0.7609531283378601,-0.6127547025680542,-0.21299070119857788,0.010816441848874092
0.7489526867866516,1.2476418018341064,5.2514472007751465,0.08265852928161621,0.4132925868034363,0.41329261660575867,0.9356890916824341,-0.2651302218437195,0.1612318456172943,-0.16791728138923645
0.7543073296546936,1.2847707271575928,5.279956817626953,0.06664732098579407,0.33323660492897034,0.33323660492897034,0.6643021702766418,-0.7314851880073547,0.021966135129332542,-0.15214978158473969
0.7574161887168884,1.3063275814056396,5.296509265899658,0.07888922095298767,0.39444613456726074,0.39444613456726074,0.9295129776000977,-0.333931028842926,-0.14176012575626373,-0.06633086502552032
0.9826396107673645,0.31768742203712463,4.5416765213012695,0.07652300596237183,0.38261502981185913,0.38261500000953674,0.668918788433075,-0.13613562285900116,0.3212389051914215,-0.6563690900802612
0.9920238852500916,0.31951239705085754,4.571905612945557,0.0710374191403389,0.3551871180534363,0.3551871180534363,0.680377721786499,-0.3478344678878784,0.03832798823714256,-0.6439163684844971
1.00137197971344,0.321350634098053,4.601721286773682,0.08645275980234146,0.43226373195648193,0.43226373195648193,0.7178728580474854,-0.02485285885632038,0.16880889236927032,-0.674940288066864
1.0107237100601196,0.32318753004074097,4.631579399108887,0.06874256581068039,0.34371283650398254,0.34371283650398254,0.644892692565918,-0.3420823812484741,0.24468456208705902,-0.6381399631500244
1.0201189517974854,0.3250085115432739,4.661933898925781,0.067478246986866,0.3373912274837494,0.3373912274837494,0.7908610105514526,-0.08680372685194016,-0.15510690212249756,-0.5856157541275024
1.029597520828247,0.3267989754676819,4.693238258361816,0.07899145781993866,0.3949572443962097,0.39495721459388733,0.7729074954986572,-0.04299361631274223,0.3642045259475708,-0.5178036093711853
1.0391995906829834,0.32854437828063965,4.725949287414551,0.08539880812168121,0.4269940257072449,0.4269940257072449,0.7070590257644653,-0.42712312936782837,0.12385469675064087,-0.5498120784759521
1.0489646196365356,0.33023014664649963,4.7605204582214355,0.07362931966781616,0.3681465685367584,0.3681465685367584,0.817855954170227,0.021640300750732422,-0.037275686860084534,-0.5738064646720886
1.0588005781173706,0.3318616449832916,4.797194480895996,0.07634030282497406,0.3817015290260315,0.3817015290260315,0.6849457621574402,-0.16071683168411255,0.40984416007995605,-0.5805577039718628
1.0665569305419922,0.3337402939796448,4.832566261291504,0.07782583683729172,0.3891291916370392,0.3891291916370392,0.7149394154548645,-0.2630949318408966,-0.03515000268816948,-0.6468439698219299
1.0721937417984009,0.33581191301345825,4.865757942199707,0.07508799433708191,0.37543997168540955,0.37543997168540955,0.8107894659042358,0.08759546279907227,0.19911323487758636,-0.5434163808822632
1.0766677856445312,0.33786672353744507,4.897372722625732,0.08875536173582077,0.44377681612968445,0.44377678632736206,0.7942836880683899,-0.3776196539402008,0.18198204040527344,-0.43977198004722595
1.0809351205825806,0.3396950662136078,4.928013324737549,0.070767842233181,0.3538391888141632,0.3538391888141632,0.831470787525177,-0.08283406496047974,-0.10103321075439453,-0.539988100528717
1.0859521627426147,0.34108707308769226,4.958280563354492,0.08254212141036987,0.4127105474472046,0.4127105474472046,0.8043326139450073,-0.026011798530817032,0.28163692355155945,-0.522544801235199
1.0926754474639893,0.34183311462402344,4.988777160644531,0.0727187842130661,0.3635939061641693,0.3635939061641693,0.6409626007080078,-0.40778401494026184,0.14735005795955658,-0.6333775520324707
1.102061152458191,0.3417234420776367,5.020104885101318,0.08775054663419724,0.43875277042388916,0.4387527406215668,0.6367952823638916,0.013842017389833927,0.02338140271604061,-0.7705540657043457
1.1150656938552856,0.3405482769012451,5.052866458892822,0.08488134294748306,0.4244067072868347,0.4244067072868347,0.5328481197357178,-0.2469782829284668,0.4362387955188751,-0.6817406415939331
1.1319935321807861,0.33807846903800964,5.086503982543945,0.0846874862909317,0.4234374165534973,0.4234374165534973,0.6044637560844421,-0.3168351352214813,0.10090644657611847,-0.7239177227020264
1.1501998901367188,0.3342345058917999,5.116109371185303,0.06603122502565384,0.3301561176776886,0.3301561176776886,0.5908015370368958,0.011238496750593185,0.3812701106071472,-0.7109573483467102
1.1692752838134766,0.3293382227420807,5.142010688781738,0.08650962263345718,0.4325481355190277,0.4325481355190277,0.5478541851043701,-0.4239834249019623,0.48849937319755554,-0.5305301547050476
1.1892108917236328,0.32374337315559387,5.165328025817871,0.07807883620262146,0.3903941512107849,0.3903941214084625,0.6287181973457336,-0.2599342465400696,0.04793800041079521,-0.7313340902328491
1.2099990844726562,0.31780365109443665,5.1871819496154785,0.08344206213951111,0.41721028089523315,0.41721025109291077,0.4580662250518799,-0.11378995329141617,0.5523275136947632,-0.6871401071548462
1.231632113456726,0.31187283992767334,5.208690643310547,0.07990200072526932,0.399509996175766,0.399509996175766,0.5926406979560852,-0.4551674723625183,0.38903966546058655,-0.5387464165687561
1.2541015148162842,0.3063046336174011,5.230974197387695,0.0823708176612854,0.4118540585041046,0.4118540287017822,0.6001667380332947,-0.16145160794258118,0.22246021032333374,-0.7511622309684753
1.2773995399475098,0.3014528155326843,5.255152702331543,0.07692930102348328,0.3846465051174164,0.3846465051174164,0.40295881032943726,-0.3025589883327484,0.5791178941726685,-0.6408624649047852
1.301518201828003,0.29767104983329773,5.282344818115234,0.08189280331134796,0.409464031457901,0.409464031457901,0.6902941465377808,-0.3942786753177643,0.1869221329689026,-0.5771468281745911
1.325251579284668,0.29488080739974976,5.311285018920898,0.06670529395341873,0.33352646231651306,0.3335264325141907,0.6102724671363831,-0.06803794950246811,0.331825315952301,-0.7161216735839844
1.3467274904251099,0.2924942672252655,5.338260650634766,0.07973357290029526,0.3986679017543793,0.3986678719520569,0.5109689831733704,-0.4544711112976074,0.4531513452529907,-0.5718570351600647
1.3665945529937744,0.29062139987945557,5.363702774047852,0.08053813129663467,0.4026906192302704,0.4026906192302704,0.6438985466957092,-0.22910375893115997,-0.00712206307798624,-0.7299694418907166
1.3855581283569336,0.2893904745578766,5.3881425857543945,0.06707286834716797,0.33536434173583984,0.33536434173583984,0.6192160844802856,-0.1102517619729042,0.5297448635101318,-0.5690222978591919
1.4043245315551758,0.28892961144447327,5.412116527557373,0.0783180445432663,0.3915902376174927,0.3915901780128479,0.5362842679023743,-0.557929277420044,0.19505302608013153,-0.6025516390800476
1.4235987663269043,0.2893669605255127,5.436155319213867,0.08549211174249649,0.42746052145957947,0.4274604916572571,0.7305159568786621,-0.1366531103849411,0.237577885389328,-0.6254831552505493
1.444087028503418,0.2908307909965515,5.460792541503906,0.07098167389631271,0.35490837693214417,0.35490837693214417,0.5001882314682007,-0.4146480858325958,0.4254811406135559,-0.6299559473991394
1.4664945602416992,0.29344916343688965,5.486562252044678,0.06352818012237549,0.31764090061187744,0.31764090061187744,0.7356197237968445,-0.3628656268119812,0.12791304290294647,-0.5575217008590698
1.4914995431900024,0.29734891653060913,5.513967990875244,0.07930956780910492,0.3965478241443634,0.3965478241443634,0.6477471590042114,-0.20961761474609375,0.41008755564689636,-0.6068873405456543
1.5165425539016724,0.3024386167526245,5.540168285369873,0.07791097462177277,0.389554888010025,0.38955485820770264,0.6304423809051514,-0.5342148542404175,0.2850119173526764,-0.4857211709022522
1.5399739742279053,0.3084990978240967,5.563569068908691,0.08177820593118668,0.4088910222053528,0.4088909924030304,0.6873879432678223,-0.2429811656475067,0.15169602632522583,-0.667417585849762
1.5623308420181274,0.3153873383998871,5.58494758605957,0.07880356162786484,0.3940178453922272,0.3940178453922272,0.5580931901931763,-0.43626266717910767,0.5958997011184692,-0.3782993257045746
1.5841501951217651,0.32296037673950195,5.6050825119018555,0.08059956133365631,0.40299782156944275,0.40299782156944275,0.7255899906158447,-0.5502758622169495,0.014513840898871422,-0.41292256116867065
1.605968952178955,0.33107510209083557,5.624751567840576,0.07502030581235886,0.3751015067100525,0.3751015067100525,0.6786444783210754,-0.2788730561733246,0.3437166213989258,-0.5861146450042725
1.628324031829834,0.3395885229110718,5.644733905792236,0.06436337530612946,0.3218168616294861,0.3218168616294861,0.6722798943519592,-0.5415487289428711,0.36246800422668457,-0.3512572944164276
1.6517527103424072,0.3483576476573944,5.665806293487549,0.08254748582839966,0.4127374291419983,0.4127374291419983,0.8230343461036682,-0.33637574315071106,0.07193659991025925,-0.45198556780815125
1.6767915487289429,0.35723939538002014,5.688747882843018,0.06842094659805298,0.3421047329902649,0.3421047329902649,0.5877171754837036,-0.32334864139556885,0.454872727394104,-0.5857686400413513
1.6934592723846436,0.36277201771736145,5.704345703125,0.06804076582193375,0.3402038514614105,0.3402038514614105,0.7077947854995728,-0.5948295593261719,0.21164874732494354,-0.31687405705451965
1.1191437244415283,0.34525197744369507,5.085099220275879,0.08556400239467621,0.42781999707221985,0.42782002687454224,0.9697546362876892,-0.1135478988289833,0.0013193179620429873,0.21605795621871948
1.1127036809921265,0.35511496663093567,5.115067958831787,0.06596212834119797,0.3298106789588928,0.3298106789588928,0.8160127401351929,-0.5106767416000366,-0.024988221004605293,0.2696443498134613
1.105732798576355,0.3646634519100189,5.144448280334473,0.07994711399078369,0.3997355103492737,0.3997355103492737,0.8409601449966431,-0.141644686460495,-0.31644561886787415,0.4154335856437683
1.0985583066940308,0.37409135699272156,5.173603057861328,0.06718575954437256,0.3359288275241852,0.3359288275241852,0.9140993356704712,-0.18267135322093964,0.1390370875597,0.3342489004135132
1.0915076732635498,0.3835926353931427,5.202894687652588,0.06827480345964432,0.3413739800453186,0.3413739800453186,0.7947309613227844,-0.5112989544868469,-0.17810283601284027,0.27432724833488464
1.0849082469940186,0.3933611810207367,5.2326860427856445,0.0773850679397583,0.3869253695011139,0.3869253396987915,0.9660469889640808,0.013411248102784157,-0.1784326583147049,0.186373770236969
1.0790878534317017,0.4035910964012146,5.263339996337891,0.06839156150817871,0.34195783734321594,0.34195783734321594,0.8937098383903503,-0.3962092697620392,0.12974901497364044,0.16572894155979156
1.074373483657837,0.4144761562347412,5.295219421386719,0.06481774896383286,0.3240887522697449,0.3240887522697449,0.8604742884635925,-0.32328489422798157,-0.3221902847290039,0.22641626000404358
1.071092963218689,0.4262104332447052,5.328685760498047,0.06554242968559265,0.32771214842796326,0.32771217823028564,0.986440896987915,-0.10497152805328369,0.05547378584742546,0.11330454796552658
1.069572925567627,0.43898624181747437,5.364099979400635,0.08373577892780304,0.4186789393424988,0.4186789393424988,0.8796701431274414,-0.4437795877456665,0.10720505565404892,0.13321848213672638
1.0695120096206665,0.45151761174201965,5.399007797241211,0.08192930370569229,0.40964654088020325,0.40964651107788086,0.9489167928695679,-0.21595318615436554,-0.21307702362537384,-0.08671410381793976
1.0704777240753174,0.4628649353981018,5.431446552276611,0.0645320937037468,0.3226604759693146,0.3226604759693146,0.9338034987449646,-0.173706516623497,0.2458278089761734,-0.19340574741363525
1.0724942684173584,0.47345995903015137,5.461989879608154,0.07600261270999908,0.38001304864883423,0.38001304864883423,0.8461112380027771,-0.4789440631866455,-0.14334362745285034,-0.18482691049575806
1.0755857229232788,0.4837345778942108,5.491208076477051,0.07864359766244888,0.39321795105934143,0.39321795105934143,0.9845752716064453,0.04007828235626221,0.028858838602900505,-0.1678464412689209
1.0797760486602783,0.4941205382347107,5.519674777984619,0.06507285684347153,0.3253643214702606,0.325364351272583,0.8086565732955933,-0.47107258439064026,0.3174689710140228,-0.15290077030658722
1.0850896835327148,0.5050496459007263,5.54796028137207,0.07639474421739578,0.3819737434387207,0.3819737434387207,0.9178296327590942,-0.3349536955356598,-0.15724502503871918,-0.14376616477966309
1.091550588607788,0.5169536471366882,5.576636791229248,0.06731244921684265,0.33656221628189087,0.33656221628189087,0.8874477744102478,-0.17591208219528198,0.1883627325296402,-0.3821137249469757
1.0991829633712769,0.5302644968032837,5.606276988983154,0.06848952174186707,0.34244757890701294,0.3424476087093353,0.7940326929092407,-0.5354543328285217,0.03462158888578415,-0.2856607735157013
1.1080111265182495,0.5454139113426208,5.637452602386475,0.08105973154306412,0.40529865026474,0.40529865026474,0.9561541080474854,-0.16460873186588287,-0.0036532836966216564,-0.242198184132576
1.1179656982421875,0.5624046325683594,5.66986608505249,0.07926478981971741,0.3963239789009094,0.3963240087032318,0.8015563488006592,-0.4276798367500305,0.2882451117038727,-0.30250978469848633
1.1285321712493896,0.5791741609573364,5.6992926597595215,0.06757807731628418,0.3378904163837433,0.3378903865814209,0.8377071022987366,-0.4405820965766907,-0.1561165750026703,-0.28242141008377075
1.1396154165267944,0.5955632328987122,5.725766658782959,0.06879888474941254,0.3439944088459015,0.3439944088459015,0.9060237407684326,-0.15091733634471893,0.29613351821899414,-0.26201120018959045
1.151200771331787,0.6117786169052124,5.750089168548584,0.07610848546028137,0.3805423974990845,0.3805423974990845,0.7479557991027832,-0.5806113481521606,0.1615941971540451,-0.27810049057006836
1.1632733345031738,0.6280272006988525,5.773061275482178,0.08170433342456818,0.4085216522216797,0.4085216522216797,0.882070779800415,-0.2855340242385864,-0.04897015169262886,-0.3715149760246277
1.1758179664611816,0.644515872001648,5.795485973358154,0.083455890417099,0.4172794222831726,0.4172794222831726,0.700727641582489,-0.44427376985549927,0.4467257857322693,-0.33472034335136414
1.188820242881775,0.6614515781402588,5.8181633949279785,0.0827295109629631,0.4136475920677185,0.4136475622653961,0.8125749826431274,-0.5469804406166077,-0.028228675946593285,-0.19934271275997162
1.2022650241851807,0.6790410876274109,5.841896057128906,0.07128626108169556,0.3564313054084778,0.3564313054084778,0.8978549242019653,-0.2257663756608963,0.19001144170761108,-0.32677480578422546
1.2161372900009155,0.6974912285804749,5.867485523223877,0.07328839600086212,0.3664419949054718,0.3664419651031494,0.7405840158462524,-0.578231692314148,0.28895774483680725,-0.18353965878486633
1.2304223775863647,0.7170090079307556,5.89573335647583,0.07206171005964279,0.36030858755111694,0.36030855774879456,0.8633914589881897,-0.35073113441467285,-0.16029813885688782,-0.3253419101238251
1.1173913478851318,0.5457721948623657,5.66758394241333,0.07536795735359192,0.3768397271633148,0.37683969736099243,0.1711762696504593,0.07570134848356247,0.3962818384170532,-0.8988485336303711
1.1262435913085938,0.5311149954795837,5.694729804992676,0.0673217624425888,0.3366088271141052,0.33660879731178284,0.1626526564359665,-0.3900298774242401,0.43555763363838196,-0.7948020696640015
1.1349239349365234,0.5167425274848938,5.721347808837891,0.07355574518442154,0.3677786886692047,0.3677787184715271,0.3044987916946411,0.0024082243908196688,0.20045243203639984,-0.9311785697937012
1.1435439586639404,0.5024697780609131,5.747781753540039,0.06256978213787079,0.31284889578819275,0.31284889578819275,0.11584843695163727,-0.08057012408971786,0.5238853693008423,-0.8400188684463501
1.152215600013733,0.48811182379722595,5.7743730545043945,0.06883405894041061,0.3441702723503113,0.3441702127456665,0.23252706229686737,-0.3239545524120331,0.11468981951475143,-0.9098520874977112
1.1610502004623413,0.4734838306903839,5.801464080810547,0.06289050728082657,0.31445252895355225,0.31445252895355225,0.31290531158447266,0.0916924700140953,0.37223225831985474,-0.868979811668396
1.1701595783233643,0.4584008753299713,5.829398155212402,0.07792830467224121,0.38964152336120605,0.3896414637565613,0.22225427627563477,-0.2688087522983551,0.5030345916748047,-0.7907598614692688
1.1796555519104004,0.4426780939102173,5.858517169952393,0.07714475691318512,0.3857238292694092,0.3857237696647644,0.3584250807762146,-0.0871746614575386,0.0937383845448494,-0.9247406125068665
1.1896493434906006,0.4261305332183838,5.889163017272949,0.0719967857003212,0.3599839508533478,0.3599839508533478,0.27716559171676636,0.06847479194402695,0.47282150387763977,-0.8336247801780701
1.1964857578277588,0.41481122374534607,5.91012716293335,0.07197485119104385,0.3598742187023163,0.35987424850463867,0.16083352267742157,-0.3686627149581909,0.34788328409194946,-0.8468751907348633
-0.374652624130249,-1.1073273420333862,4.272637367248535,0.07684778422117233,0.38423892855644226,0.38423892855644226,0.012904450297355652,-0.12973609566688538,-0.09003651887178421,0.9873679280281067
-0.373750776052475,-1.1117463111877441,4.289944648742676,0.0722709372639656,0.36135464906692505,0.36135464906692505,0.03286534175276756,0.10393945127725601,-0.43115848302841187,0.8956666588783264
-0.3728345036506653,-1.1161402463912964,4.307005882263184,0.08961936086416245,0.4480968117713928,0.44809675216674805,0.21784375607967377,-0.1317184865474701,-0.05247446894645691,-0.9656296968460083
-0.3719080686569214,-1.1205166578292847,4.3238935470581055,0.09095264226198196,0.4547632038593292,0.4547632336616516,0.12062351405620575,0.29046517610549927,0.31156134605407715,-0.8966657519340515
-0.3709756135940552,-1.1248823404312134,4.340677261352539,0.07630229741334915,0.38151150941848755,0.38151150941848755,0.05068427324295044,-0.30981695652008057,0.3458631634712219,-0.8842076659202576
-0.370041161775589,-1.1292445659637451,4.357428073883057,0.07926057279109955,0.39630281925201416,0.3963027596473694,0.03446171060204506,0.12737052142620087,-0.03946799039840698,-0.990470290184021
-0.36910897493362427,-1.133610725402832,4.3742170333862305,0.0691053718328476,0.3455268442630768,0.34552687406539917,0.015136546455323696,0.010450297966599464,-0.5358517169952393,0.8441117405891418
-0.36818310618400574,-1.1379879713058472,4.391113758087158,0.08987613022327423,0.44938069581985474,0.44938069581985474,0.0038293972611427307,-0.12320010364055634,0.07927802950143814,-0.9892027974128723
-0.3672676980495453,-1.1423834562301636,4.40818977355957,0.07246166467666626,0.3623082935810089,0.36230823397636414,0.12134247273206711,0.2466777265071869,0.30698007345199585,-0.9111472964286804
-0.3663668930530548,-1.1468043327331543,4.425516128540039,0.08368995040655136,0.4184497892856598,0.418449729681015,0.008380034007132053,-0.1976248025894165,0.2884672284126282,-0.9368355870246887
-0.36548489332199097,-1.151257872581482,4.443161964416504,0.06842319667339325,0.34211602807044983,0.34211599826812744,0.03323699161410332,-0.11078405380249023,-0.054945722222328186,0.9917676448822021
-0.3646256923675537,-1.1557512283325195,4.4611992835998535,0.07974494993686676,0.3987247049808502,0.3987247049808502,0.05252755805850029,-0.047476161271333694,0.530027449131012,-0.8450194001197815
-0.3637935519218445,-1.1602916717529297,4.479698181152344,0.07996755838394165,0.39983776211738586,0.3998377323150635,0.024944093078374863,-0.12338070571422577,0.06129169464111328,-0.9901506304740906
-0.3629925847053528,-1.1648863554000854,4.498730182647705,0.07581142336130142,0.3790571093559265,0.3790570795536041,0.15722908079624176,0.18062305450439453,0.26358023285865784,-0.9344409108161926
-0.36222684383392334,-1.1695424318313599,4.518364906311035,0.06806044280529022,0.3403021991252899,0.3403021991252899,0.09845902025699615,-0.24730561673641205,0.36896994709968567,-0.8905093669891357
-0.3615005910396576,-1.1742671728134155,4.538673400878906,0.07473549991846085,0.37367746233940125,0.37367740273475647,0.015155481174588203,-0.04836754500865936,0.017544783651828766,0.9985604882240295
-0.36083170771598816,-1.178995132446289,4.559391021728516,0.07345569878816605,0.36727842688560486,0.3672783374786377,0.10253781080245972,0.11214318871498108,0.4693543314933777,-0.8698369860649109
-0.3602733314037323,-1.1834471225738525,4.579237937927246,0.07365617901086807,0.36828088760375977,0.36828088760375977,0.06778927147388458,0.22945885360240936,-0.09672968834638596,0.9661245346069336
-0.3598177134990692,-1.1876264810562134,4.5981974601745605,0.0695778951048851,0.3478894829750061,0.3478894829750061,0.012306121177971363,0.30380523204803467,0.1652452051639557,-0.9382137060165405
-0.35945045948028564,-1.1915693283081055,4.616405963897705,0.07560510188341141,0.37802550196647644,0.37802547216415405,0.10436438769102097,-0.12414868921041489,0.34563732147216797,-0.9242456555366516
-0.3591572046279907,-1.1953126192092896,4.633998870849609,0.07421072572469711,0.3710536062717438,0.3710536062717438,0.01881495863199234,0.03278082609176636,0.11157494783401489,0.9930369853973389
-0.35892364382743835,-1.1988924741744995,4.651111602783203,0.07295379787683487,0.36476895213127136,0.3647688627243042,0.03898350149393082,-0.18014377355575562,-0.41095462441444397,0.8928296566009521
-0.3587353527545929,-1.2023452520370483,4.667879104614258,0.08131245523691177,0.40656226873397827,0.4065622091293335,0.0038609213661402464,-0.19956077635288239,0.15939563512802124,-0.9668266177177429
-0.3585778772830963,-1.2057074308395386,4.684437274932861,0.07090989500284195,0.35454946756362915,0.35454946756362915,0.07264864444732666,0.2786223888397217,0.014087632298469543,-0.9575454592704773
-0.3584368824958801,-1.2090153694152832,4.700921535491943,0.08231145888566971,0.41155725717544556,0.41155725717544556,0.06247718632221222,0.05692419409751892,-0.37318798899650574,0.9238976836204529
-0.35829803347587585,-1.2123055458068848,4.717466831207275,0.07814682275056839,0.39073413610458374,0.3907340466976166,0.0030139656737446785,-0.11518095433712006,-0.10732489824295044,-0.9875250458717346
-0.3581469655036926,-1.2156143188476562,4.734209060668945,0.08075980842113495,0.40379902720451355,0.403798907995224,0.03216167911887169,0.21663859486579895,0.3106772303581238,-0.9249394536018372
-0.35796916484832764,-1.2189780473709106,4.751283645629883,0.07651969790458679,0.3825984597206116,0.3825984001159668,0.10491723567247391,-0.24889737367630005,0.27612391114234924,-0.9223871827125549
-0.3577503561973572,-1.22243332862854,4.768825531005859,0.07513121515512466,0.3756560683250427,0.3756559193134308,0.05028048902750015,-0.11440204083919525,0.020123286172747612,0.9919572472572327
-0.357476145029068,-1.2260165214538574,4.786971092224121,0.08208800852298737,0.41044002771377563,0.41044002771377563,0.1532575786113739,0.07917652279138565,0.5038579106330872,-0.8463866710662842
-0.3571321368217468,-1.2297637462615967,4.805854797363281,0.07898865640163422,0.3949432671070099,0.3949432373046875,0.011994545347988605,0.2681390345096588,-0.05076650157570839,0.9619669318199158
-0.3567039668560028,-1.2337117195129395,4.825612545013428,0.07213486731052399,0.36067432165145874,0.36067432165145874,0.013525715097784996,-0.23824253678321838,-0.17363159358501434,0.9554630517959595
-0.3561756908893585,-1.2378909587860107,4.846333980560303,0.07050083577632904,0.3525041341781616,0.35250404477119446,0.07857004553079605,-0.2235892117023468,0.39326098561286926,-0.8883582353591919
-0.3554942011833191,-1.2421324253082275,4.8666534423828125,0.08125494420528412,0.4062747061252594,0.40627461671829224,0.030479902401566505,-0.013991235755383968,-0.03296591714024544,0.998893678188324
-0.3546626567840576,-1.246336579322815,4.885985374450684,0.07895029336214066,0.3947514593601227,0.3947514593601227,0.03913399577140808,0.08634291589260101,0.4787290692329407,-0.872829794883728
-0.35371360182762146,-1.250491976737976,4.904472827911377,0.08014041185379028,0.4007020592689514,0.40070202946662903,0.19940464198589325,-0.3224840462207794,0.06463388353586197,-0.9230732917785645
-0.3526793420314789,-1.2545875310897827,4.92225980758667,0.06823539733886719,0.34117695689201355,0.34117695689201355,0.03698737919330597,0.2847863733768463,0.11419317126274109,-0.9510460495948792
-0.351592481136322,-1.2586123943328857,4.939489364624023,0.08009134978055954,0.4004567265510559,0.40045666694641113,0.06954047083854675,-0.2255665361881256,0.44643765687942505,-0.8631206154823303
-0.3504854738712311,-1.2625553607940674,4.9563069343566895,0.07645370811223984,0.38226860761642456,0.3822685480117798,0.07228723913431168,-0.00989825464785099,-0.12214657664299011,-0.9898266196250916
-0.3493907153606415,-1.2664051055908203,4.972853660583496,0.0738755464553833,0.36937767267227173,0.36937767267227173,0.011558983474969864,0.08696211129426956,0.4220406115055084,-0.9023224115371704
-0.3483406901359558,-1.2701512575149536,4.9892754554748535,0.07640081644058228,0.3820040822029114,0.382004052400589,0.03254115581512451,-0.275875985622406,0.056957609951496124,-0.9589521884918213
-0.34736788272857666,-1.2737818956375122,5.005714416503906,0.07859257608652115,0.39296287298202515,0.392962783575058,0.23128609359264374,0.26390230655670166,0.13895183801651,-0.9260424971580505
-0.346504807472229,-1.277286410331726,5.02231502532959,0.06471423804759979,0.32357117533683777,0.3235711455345154,0.22679771482944489,-0.10674073547124863,0.42479726672172546,-0.8698945045471191
-0.34578385949134827,-1.2806535959243774,5.039220809936523,0.08172206580638885,0.4086103141307831,0.4086102247238159,0.09496616572141647,-0.19474712014198303,-0.0974719300866127,-0.9713671803474426
-0.3452375531196594,-1.283872365951538,5.056574821472168,0.06506790965795517,0.32533952593803406,0.32533949613571167,0.06442014127969742,0.15614168345928192,0.23395906388759613,-0.9574617147445679
-0.3448983132839203,-1.2869317531585693,5.074521064758301,0.08354965597391129,0.41774821281433105,0.4177480936050415,0.09435412287712097,0.20682528614997864,-0.25780415534973145,0.9390727281570435
-0.34479862451553345,-1.2898204326629639,5.093203544616699,0.07579375803470612,0.3789688050746918,0.3789688050746918,0.11171795427799225,-0.1984245479106903,0.08262475579977036,0.9702164530754089
-0.3449709415435791,-1.292527437210083,5.112765789031982,0.07659857720136642,0.3829929232597351,0.3829929232597351,0.010310581885278225,0.03653939068317413,0.4809298813343048,-0.8759366273880005
-0.34544774889945984,-1.2950416803359985,5.133350849151611,0.06906434148550034,0.3453217148780823,0.3453216850757599,0.20951543748378754,0.12479327619075775,-0.03824692964553833,0.9690547585487366
-0.3462970554828644,-1.297229528427124,5.154354572296143,0.08271767944097519,0.41358840465545654,0.41358834505081177,0.2931145131587982,-0.37106087803840637,-0.13333958387374878,0.8709869384765625
-0.34757357835769653,-1.2988694906234741,5.174371719360352,0.08169393241405487,0.40846964716911316,0.40846961736679077,0.32966962456703186,0.12050043046474457,-0.35394516587257385,0.866902768611908
-0.34921795129776,-1.300023078918457,5.193495750427246,0.07305694371461868,0.3652847409248352,0.36528468132019043,0.4965871274471283,-0.027691561728715897,0.049309033900499344,0.8661426305770874
-0.3511679768562317,-1.3007588386535645,5.211867332458496,0.07266461849212646,0.36332306265830994,0.36332303285598755,0.5762534141540527,-0.3593212962150574,-0.2502981126308441,0.6900514960289001
-0.35336145758628845,-1.3011465072631836,5.2296271324157715,0.08533395081758499,0.426669716835022,0.42666974663734436,0.6162671446800232,0.1306292712688446,-0.21702897548675537,0.7456870675086975
-0.35573628544807434,-1.3012551069259644,5.246914863586426,0.06720851361751556,0.3360425531864166,0.3360425531864166,0.6254561543464661,-0.17555950582027435,0.08663627505302429,0.7552996873855591
-0.3582301735877991,-1.301153540611267,5.263871669769287,0.06623642891645432,0.3311820924282074,0.3311820924282074,0.6425018906593323,-0.2477239966392517,-0.2771274745464325,0.6700929403305054
-0.3607810437679291,-1.3009114265441895,5.280635833740234,0.07387236505746841,0.3693617582321167,0.3693617582321167,0.7960676550865173,0.043974049389362335,-0.08534594625234604,0.5975438952445984
-0.36332666873931885,-1.3005975484848022,5.297348976135254,0.07911921292543411,0.3955960273742676,0.3955960273742676,0.6396112442016602,-0.27521762251853943,-0.016961466521024704,0.7175409197807312
-0.3658048212528229,-1.300281286239624,5.314151763916016,0.07539790868759155,0.37698954343795776,0.37698954343795776,0.6350258588790894,-0.12342225760221481,-0.3020476698875427,0.7001973390579224
-0.3681533634662628,-1.3000319004058838,5.331182956695557,0.07982288300991058,0.3991144299507141,0.3991144001483917,0.6372467875480652,0.1602293998003006,0.08111115545034409,0.7494425177574158
-0.37031006813049316,-1.299918293952942,5.348583221435547,0.06456863135099411,0.32284316420555115,0.32284316420555115,0.5869831442832947,-0.37805089354515076,-0.02265770174562931,0.7155522108078003
-0.37221282720565796,-1.3000099658966064,5.366493225097656,0.0819033682346344,0.4095168113708496,0.409516841173172,0.6747744083404541,0.04108942300081253,-0.3328649401664734,0.6574131846427917
-0.3737994134426117,-1.3003759384155273,5.385053634643555,0.07252436131238937,0.3626217842102051,0.3626217842102051,0.5628759860992432,-0.08241450786590576,0.18679355084896088,0.8009285926818848
-0.37500762939453125,-1.301085352897644,5.4044036865234375,0.08326007425785065,0.41630038619041443,0.41630035638809204,0.46220535039901733,-0.17549477517604828,-0.37803879380226135,0.7827224731445312
-0.3757752776145935,-1.3022074699401855,5.424683570861816,0.06605002284049988,0.3302501142024994,0.330250084400177,0.255700945854187,0.11430224776268005,0.021710120141506195,0.9597294926643372
-0.37605366110801697,-1.3037781715393066,5.445847511291504,0.066703200340271,0.33351603150367737,0.3335159718990326,0.06379354745149612,-0.27938205003738403,-0.24686351418495178,0.9257075786590576
-0.3759356141090393,-1.3055360317230225,5.466305732727051,0.07444123178720474,0.3722061514854431,0.3722061216831207,0.049261875450611115,-0.3373715579509735,0.20170490443706512,-0.9181877970695496
-0.3754781186580658,-1.307404637336731,5.485782623291016,0.08154697716236115,0.40773484110832214,0.40773484110832214,0.11113748699426651,0.12895524501800537,-0.00042543141171336174,-0.9854028820991516
-0.3747134208679199,-1.3093774318695068,5.504418849945068,0.07433081418275833,0.37165403366088867,0.37165388464927673,0.14594416320323944,-0.07728220522403717,0.400229811668396,-0.9014121294021606
-0.3736739158630371,-1.3114477396011353,5.5223588943481445,0.08093301206827164,0.4046649932861328,0.4046649932861328,0.18134145438671112,-0.14628587663173676,-0.08558663725852966,-0.9687056541442871
-0.3723919689655304,-1.3136096000671387,5.539743900299072,0.08005715161561966,0.4002857804298401,0.4002857804298401,0.3583988845348358,0.19498974084854126,0.27269431948661804,-0.8713018894195557
-0.37089988589286804,-1.3158559799194336,5.556718826293945,0.06482499092817307,0.32412493228912354,0.324124813079834,0.3169054090976715,-0.22698350250720978,0.2530164122581482,-0.885455846786499
-0.3692299723625183,-1.318180799484253,5.573424816131592,0.06827936321496964,0.3413968086242676,0.34139683842658997,0.3375545144081116,0.009089435450732708,-0.019085900858044624,-0.9410685896873474
-0.3674147129058838,-1.3205772638320923,5.590005397796631,0.07109358161687851,0.35546785593032837,0.35546785593032837,0.3729321360588074,0.10483770817518234,0.45458143949508667,-0.8020513653755188
-0.3654863238334656,-1.3230394124984741,5.606603622436523,0.0636214166879654,0.31810709834098816,0.318107008934021,0.20508331060409546,-0.3826460540294647,0.06726883351802826,-0.8983305096626282
-0.3634771704673767,-1.325560212135315,5.623361587524414,0.06438057124614716,0.3219028115272522,0.3219028413295746,0.24164310097694397,0.1304398626089096,0.14160296320915222,-0.951074481010437
-0.3614196479320526,-1.328133463859558,5.640423774719238,0.0696118026971817,0.3480589985847473,0.3480589985847473,0.23539626598358154,-0.22455275058746338,0.34723132848739624,-0.8795425295829773
-0.35934609174728394,-1.3307526111602783,5.657931327819824,0.0667378231883049,0.3336890935897827,0.3336890637874603,0.2914862334728241,-0.026282990351319313,-0.10538793355226517,-0.9503885507583618
-0.35728880763053894,-1.3334112167358398,5.676027297973633,0.06398887187242508,0.3199443519115448,0.3199443221092224,0.3593943417072296,0.07241691648960114,0.35075145959854126,-0.8617220520973206
-0.35528016090393066,-1.3361029624938965,5.694855690002441,0.07591499388217926,0.3795749843120575,0.37957489490509033,0.34961727261543274,-0.26166337728500366,0.16677629947662354,-0.8840168118476868
-0.35335251688957214,-1.3388211727142334,5.714558124542236,0.07799476385116577,0.38997381925582886,0.3899737596511841,0.34666287899017334,0.14414013922214508,-0.04764346033334732,-0.92562335729599
-0.35153818130493164,-1.3415594100952148,5.735278606414795,0.07870874553918839,0.3935437500476837,0.3935437500476837,0.16224083304405212,-0.04767058044672012,0.47674477100372314,-0.8626238107681274
0.5558468103408813,-0.1249011904001236,4.705235481262207,0.0804004818201065,0.40200239419937134,0.40200236439704895,0.740445613861084,-0.09369752556085587,-0.16744594275951385,-0.644145131111145
0.5596884489059448,-0.12334909290075302,4.733482360839844,0.08237408101558685,0.41187041997909546,0.41187041997909546,0.7881520986557007,0.019790519028902054,0.39070358872413635,-0.4751581847667694
0.5635627508163452,-0.12173658609390259,4.7613067626953125,0.07371847331523895,0.36859238147735596,0.36859238147735596,0.6890881657600403,-0.40226802229881287,-0.024568719789385796,-0.6022742986679077
0.5674475431442261,-0.12010486423969269,4.788997650146484,0.07545673102140427,0.37728363275527954,0.37728360295295715,0.8675777912139893,0.052026811987161636,0.041975509375333786,-0.4927879571914673
0.5713203549385071,-0.11849510669708252,4.816841125488281,0.08357642590999603,0.41788214445114136,0.41788211464881897,0.825323224067688,-0.22572030127048492,0.2985038757324219,-0.42283254861831665
0.575158953666687,-0.11694850027561188,4.845126152038574,0.07720622420310974,0.3860311210155487,0.3860311210155487,0.7737997770309448,-0.22045066952705383,-0.07500633597373962,-0.5890750885009766
0.5789409875869751,-0.11550624668598175,4.874139785766602,0.08777549862861633,0.4388774633407593,0.4388774335384369,0.7341410517692566,0.08543302118778229,0.23164349794387817,-0.6325182914733887
0.582643985748291,-0.11420953273773193,4.90416955947876,0.07272733747959137,0.36363667249679565,0.3636366128921509,0.7190918326377869,-0.4343470335006714,0.12137909978628159,-0.528693437576294
0.5862457752227783,-0.11309954524040222,4.935503005981445,0.06910798698663712,0.34553995728492737,0.34553995728492737,0.7751260995864868,0.09281504899263382,-0.15163153409957886,-0.6062777638435364
0.5897239446640015,-0.1122174859046936,4.968428134918213,0.07107045501470566,0.3553522825241089,0.3553523123264313,0.6635945439338684,-0.12967221438884735,0.3369039297103882,-0.6552276015281677
0.5929831862449646,-0.1116325706243515,5.0023627281188965,0.07160963863134384,0.3580482006072998,0.3580482006072998,0.6822695136070251,-0.24027341604232788,-0.1137005165219307,-0.6810647249221802
0.5957496166229248,-0.11144836992025375,5.034134387969971,0.08639135211706161,0.4319567382335663,0.4319567382335663,0.7630807161331177,0.1498725414276123,0.13635167479515076,-0.6137216687202454
0.5980790853500366,-0.11159788817167282,5.063906192779541,0.08593636751174927,0.42968180775642395,0.42968180775642395,0.5774073600769043,-0.2738378047943115,0.2624475955963135,-0.7230040431022644
0.6000626683235168,-0.1119983047246933,5.09223747253418,0.08409877121448517,0.42049387097358704,0.42049387097358704,0.518463671207428,-0.03699193149805069,-0.0867033526301384,-0.8498879671096802
0.6017917990684509,-0.11256682872772217,5.119685173034668,0.07948490977287292,0.39742451906204224,0.39742448925971985,0.4876830577850342,0.07250776886940002,0.41172078251838684,-0.7664161920547485
0.6033576130867004,-0.1132206916809082,5.1468071937561035,0.06940027326345444,0.34700140357017517,0.34700140357017517,0.5417225360870361,-0.2666957974433899,0.028959820047020912,-0.7965998649597168
0.6048513650894165,-0.113877072930336,5.174161434173584,0.0866265669465065,0.4331328570842743,0.4331328272819519,0.6364561915397644,0.13967065513134003,-0.01043666061013937,-0.7584897875785828
0.606364369392395,-0.11445320397615433,5.202305793762207,0.06718505918979645,0.33592528104782104,0.33592528104782104,0.5724903345108032,-0.14823812246322632,0.4042966961860657,-0.6977280378341675
0.6079877614974976,-0.11486628651618958,5.23179817199707,0.0656137689948082,0.3280688524246216,0.3280688226222992,0.5905188322067261,-0.19879187643527985,-0.1368296593427658,-0.7700954675674438
0.6098129749298096,-0.11503351479768753,5.263197422027588,0.0792413279414177,0.3962066173553467,0.3962065875530243,0.6309312582015991,0.11495757848024368,0.2250574231147766,-0.7335255146026611
0.6119550466537476,-0.1148887351155281,5.2969465255737305,0.08805385231971741,0.44026926159858704,0.44026926159858704,0.650533139705658,-0.4070368707180023,0.10247515141963959,-0.6329505443572998
0.6151607632637024,-0.1148810088634491,5.329857349395752,0.08171116560697556,0.4085558354854584,0.4085558354854584,0.6504676938056946,0.09203573316335678,-0.08038167655467987,-0.7496399283409119
0.6193910837173462,-0.1151299998164177,5.360633850097656,0.07525424659252167,0.37627118825912476,0.37627118825912476,0.6283299922943115,-0.139493927359581,0.360952228307724,-0.6748750805854797
0.6241607666015625,-0.11548163741827011,5.3897881507873535,0.07162792235612869,0.35813963413238525,0.35813963413238525,0.5643107295036316,-0.289896160364151,-0.1507803052663803,-0.7581417560577393
0.6289845705032349,-0.11578184366226196,5.417829513549805,0.08273328095674515,0.41366639733314514,0.41366639733314514,0.6618248224258423,0.18258963525295258,0.2589276432991028,-0.6794155240058899
0.6333771347999573,-0.11587657034397125,5.4452691078186035,0.06986914575099945,0.34934571385383606,0.34934571385383606,0.6589739322662354,-0.3639703392982483,0.20213952660560608,-0.6264331936836243
0.6368532776832581,-0.1156117171049118,5.472618103027344,0.07973860949277878,0.3986930549144745,0.3986930549144745,0.7036853432655334,-0.00038515980122610927,-0.05136139318346977,-0.7086527943611145
0.638927698135376,-0.11483322829008102,5.500387191772461,0.06555772572755814,0.32778865098953247,0.32778865098953247,0.786877453327179,-0.22943620383739471,0.35938623547554016,-0.44612160325050354
0.6391150951385498,-0.11338701844215393,5.529088020324707,0.06940705329179764,0.3470352590084076,0.3470352292060852,0.9155473709106445,-0.03737417981028557,-0.3014679253101349,0.26361575722694397
0.6369302272796631,-0.11111901700496674,5.559229373931885,0.08268740773200989,0.41343703866004944,0.41343703866004944,0.8720643520355225,-0.08462308347225189,0.177649587392807,0.44808849692344666
0.6318877935409546,-0.10787516087293625,5.5913238525390625,0.06760130077600479,0.33800646662712097,0.33800646662712097,0.7589271068572998,-0.42618948221206665,-0.3017638325691223,0.38901251554489136
0.6225795149803162,-0.10406437516212463,5.6237473487854,0.07337163388729095,0.3668581545352936,0.3668581247329712,0.7953934669494629,0.08607311546802521,-0.13996648788452148,0.58339524269104
0.6077567338943481,-0.10062440484762192,5.65273904800415,0.08590728789567947,0.4295364022254944,0.429536372423172,0.6377534866333008,-0.43463146686553955,-0.10919208824634552,0.6264527440071106
0.5889750719070435,-0.09730882197618484,5.678916931152344,0.07393744587898254,0.3696872293949127,0.3696872293949127,0.5099681615829468,-0.334285706281662,-0.4903905391693115,0.6226577758789062
0.5678614974021912,-0.09383510053157806,5.703030586242676,0.06943760812282562,0.3471880257129669,0.3471880257129669,0.7185319662094116,-0.18719476461410522,-0.1635410040616989,0.6495569348335266
0.5460431575775146,-0.08992071449756622,5.725834369659424,0.08205515891313553,0.41027581691741943,0.41027581691741943,0.661734402179718,-0.6079998016357422,-0.2931792140007019,0.32632768154144287
0.5251473188400269,-0.08528317511081696,5.7480788230896,0.07446069270372391,0.37230345606803894,0.37230345606803894,0.5709711313247681,-0.18250815570354462,-0.43063727021217346,0.6747105121612549
0.5068010091781616,-0.0796399638056755,5.770516872406006,0.06971421837806702,0.3485710918903351,0.3485710918903351,0.8199512958526611,-0.30727970600128174,0.05252780392765999,0.4801039695739746
0.4926314651966095,-0.07270857691764832,5.793900489807129,0.06691189110279083,0.33455947041511536,0.33455947041511536,0.7654646635055542,-0.4562623202800751,-0.3156139850616455,0.3260006010532379
0.48426586389541626,-0.06420648843050003,5.818980693817139,0.06449222564697266,0.3224611282348633,0.3224611282348633,0.9690077900886536,-0.07029785215854645,-0.10638153553009033,0.2115776389837265
0.48333123326301575,-0.053851205855607986,5.84650993347168,0.07528873533010483,0.37644365429878235,0.37644365429878235,0.9004359841346741,-0.34464502334594727,0.20270715653896332,-0.17130273580551147
0.4910515248775482,-0.041658658534288406,5.8763532638549805,0.08174177259206772,0.4087088704109192,0.4087089002132416,0.8559879660606384,-0.4252859950065613,-0.01275563333183527,-0.2936897873878479
0.5045806765556335,-0.030116965994238853,5.90118408203125,0.06783083081245422,0.33915409445762634,0.33915412425994873,0.8070302605628967,-0.1689157783985138,0.23688636720180511,-0.5138623714447021
0.5225024223327637,-0.019643979147076607,5.92012357711792,0.07729843258857727,0.38649216294288635,0.38649219274520874,0.4965044856071472,-0.6751570105552673,0.3543875813484192,-0.4147960841655731
0.5441712737083435,-0.009987901896238327,5.934311389923096,0.06788714230060577,0.33943575620651245,0.3394356966018677,0.7721957564353943,-0.41304099559783936,0.10571606457233429,-0.47109973430633545
0.568942129611969,-0.0008969292975962162,5.944888114929199,0.0655999556183815,0.3279997408390045,0.3279997706413269,0.5404772758483887,-0.4648313820362091,0.5367417931556702,-0.45135828852653503
0.5961694717407227,0.007880738005042076,5.952993392944336,0.06959594041109085,0.34797975420951843,0.34797972440719604,0.5233980417251587,-0.7132817506790161,0.2691403031349182,-0.3805878460407257
0.6252081394195557,0.016596902161836624,5.959768295288086,0.07041985541582108,0.35209929943084717,0.3520992696285248,0.6157770156860352,-0.3897407054901123,0.40452927350997925,-0.5525186657905579
0.6554127931594849,0.025503363460302353,5.966352462768555,0.06756124645471573,0.33780625462532043,0.3378062844276428,0.40380969643592834,-0.648304283618927,0.5717923045158386,-0.2994876801967621
0.6861381530761719,0.03485191985964775,5.973885536193848,0.07379423081874847,0.3689711391925812,0.36897116899490356,0.6949555277824402,-0.5589355826377869,0.280365914106369,-0.3549969494342804
0.7167389988899231,0.04489437863230705,5.983509063720703,0.08025901019573212,0.40129509568214417,0.40129509568214417,0.6293548941612244,-0.3482379913330078,0.5181493163108826,-0.46277856826782227
0.746569812297821,0.0558825321495533,5.996362209320068,0.08222074061632156,0.41110366582870483,0.4111036956310272,0.5674474239349365,-0.6531143188476562,0.40765202045440674,-0.2920016944408417
0.6382018327713013,-0.11322809010744095,5.619321346282959,0.07577747851610184,0.3788873851299286,0.37888726592063904,0.4458436667919159,-0.15857787430286407,-0.024842357262969017,-0.880601704120636
0.6471248865127563,-0.12113811075687408,5.645447731018066,0.0657695084810257,0.3288475573062897,0.3288474977016449,0.2731989324092865,0.004562114365398884,0.4055180847644806,-0.8722938299179077
0.6555536389350891,-0.1292179524898529,5.671230792999268,0.0851837545633316,0.4259187579154968,0.42591872811317444,0.29526621103286743,-0.3827662169933319,0.22047773003578186,-0.8471702933311462
0.6638060808181763,-0.13735835254192352,5.696889877319336,0.06957930326461792,0.3478965163230896,0.3478965163230896,0.25366896390914917,0.07483847439289093,0.20528557896614075,-0.9422892928123474
0.6722002029418945,-0.14545007050037384,5.7226481437683105,0.08051316440105438,0.4025658667087555,0.4025658667087555,0.37230876088142395,-0.26440736651420593,0.5128117203712463,-0.7269794344902039
0.6810539960861206,-0.15338391065597534,5.748726844787598,0.08482566475868225,0.42412832379341125,0.42412829399108887,0.41843950748443604,-0.19255203008651733,-0.029216481372714043,-0.8871181011199951
0.6906853914260864,-0.16105064749717712,5.77534818649292,0.06506606936454773,0.32533034682273865,0.32533034682273865,0.40516069531440735,0.13866670429706573,0.4613339602947235,-0.777037501335144
0.7014123797416687,-0.16834098100662231,5.802733421325684,0.0831478089094162,0.4157390892505646,0.4157390892505646,0.371832013130188,-0.4661683738231659,0.2708089053630829,-0.7557052969932556
0.7135530710220337,-0.17514577507972717,5.831104278564453,0.06603828072547913,0.33019140362739563,0.33019137382507324,0.5972476005554199,0.01888144202530384,0.11191465705633163,-0.7939860820770264
0.7274253964424133,-0.18135571479797363,5.860682487487793,0.07392770051956177,0.36963850259780884,0.36963850259780884,0.38697680830955505,-0.21476593613624573,0.43785709142684937,-0.7825635671615601
0.7426735758781433,-0.18667566776275635,5.890463352203369,0.07664964348077774,0.3832482099533081,0.3832482099533081,0.5992003083229065,-0.3247469365596771,0.05391139164566994,-0.7297889590263367
0.7577952742576599,-0.19069333374500275,5.917715549468994,0.07955276221036911,0.39776375889778137,0.39776375889778137,0.5449105501174927,0.036591146141290665,0.3729340732097626,-0.7501025199890137
0.7728328108787537,-0.19361546635627747,5.942870140075684,0.06898709386587143,0.34493550658226013,0.34493547677993774,0.48240312933921814,-0.47528716921806335,0.32072532176971436,-0.6622118949890137
0.7879126071929932,-0.19567668437957764,5.966519355773926,0.08153710514307022,0.4076855480670929,0.4076855182647705,0.5647785067558289,-0.06569718569517136,0.07388150691986084,-0.8192988634109497
0.8031612038612366,-0.19711154699325562,5.989253997802734,0.07769423723220825,0.38847118616104126,0.38847118616104126,0.5002536773681641,-0.3074209988117218,0.5593105554580688,-0.5851583480834961
0.8187049627304077,-0.19815459847450256,6.011669158935547,0.08305145055055618,0.4152572453022003,0.4152572453022003,0.6535674333572388,-0.4221677780151367,-0.011905084364116192,-0.628078281879425
0.8346701860427856,-0.199040487408638,6.034355163574219,0.06287022680044174,0.3143511414527893,0.31435108184814453,0.6038748025894165,-0.04463212937116623,0.3698078393936157,-0.7046881318092346
0.8511834740638733,-0.2000037133693695,6.057905197143555,0.07153627276420593,0.3576813340187073,0.3576813042163849,0.4614207446575165,-0.569021999835968,0.3347749710083008,-0.5926469564437866
0.8683712482452393,-0.2012789249420166,6.082911491394043,0.07017052918672562,0.3508526384830475,0.3508526086807251,0.6258925199508667,-0.12314766645431519,0.1058557853102684,-0.7628157138824463
0.8863598108291626,-0.20310065150260925,6.109966278076172,0.08188537508249283,0.40942683815956116,0.40942683815956116,0.5068784952163696,-0.2604508697986603,0.4738277494907379,-0.6713619232177734
0.8924375176429749,-0.20385447144508362,6.119358539581299,0.07260062545537949,0.36300307512283325,0.36300310492515564,0.6394033432006836,-0.42425405979156494,0.03799160569906235,-0.6401004195213318
0.4923531413078308,-0.04961441829800606,5.8746018409729,0.07068303227424622,0.3534151315689087,0.3534151315689087,0.4524962902069092,0.0891844779253006,0.3061053156852722,-0.8328222036361694
0.5054430365562439,-0.05692930147051811,5.899331092834473,0.07121895253658295,0.3560947775840759,0.3560947775840759,0.3563026189804077,-0.385958731174469,0.4588649570941925,-0.7166081666946411
0.5182688236236572,-0.06409657746553421,5.923561096191406,0.07672828435897827,0.38364139199256897,0.38364139199256897,0.45914769172668457,-0.14235030114650726,0.11307473480701447,-0.8695595860481262
0.53095942735672,-0.07118832319974899,5.947535991668701,0.07836545258760452,0.3918272852897644,0.391827255487442,0.33413079380989075,-0.1275986284017563,0.4804394245147705,-0.8007828593254089
0.5436439514160156,-0.07827664911746979,5.971498966217041,0.0720459446310997,0.3602297604084015,0.3602297306060791,0.4191644489765167,-0.38058391213417053,0.1489158421754837,-0.8107287287712097
0.5564512610435486,-0.08543364703655243,5.995694637298584,0.06728246062994003,0.33641231060028076,0.3364122807979584,0.4209183156490326,0.015687480568885803,0.3265652656555176,-0.8461304903030396
0.5695105791091919,-0.09273141622543335,6.0203657150268555,0.06922921538352966,0.3461460471153259,0.3461460471153259,0.33445680141448975,-0.3592695891857147,0.38211312890052795,-0.7829773426055908
0.58295077085495,-0.10024205595254898,6.0457563400268555,0.07111655920743942,0.35558274388313293,0.35558271408081055,0.41163286566734314,-0.09624315798282623,0.13977421820163727,-0.895409882068634
0.5969009399414062,-0.10803766548633575,6.072110652923584,0.07305262237787247,0.36526310443878174,0.36526307463645935,0.36194348335266113,-0.15623869001865387,0.5759483575820923,-0.7161493301391602
0.6114900708198547,-0.1161903440952301,6.099672317504883,0.07178714871406555,0.35893574357032776,0.35893574357032776,0.4772781431674957,-0.3420906066894531,0.14491531252861023,-0.7963536381721497
0.62594074010849,-0.1242656409740448,6.12697172164917,0.07112294435501099,0.35561469197273254,0.35561469197273254,0.36654964089393616,0.10551895201206207,0.3539983630180359,-0.8539275527000427
